timestamp,open,high,low,close,volume
1625486400000,33421.92,33774.79,33402.29,33604.9,0.158116
1625500800000,33604.9,34256.24,33187.09,34122.71,0.167577
1625515200000,34122.71,34193.77,33684.44,33704.41,0.167898
1625529600000,33704.41,34159.84,33663.88,33919.73,0.169061
1625544000000,33919.73,34945.71,33919.73,34883.04,0.485204
1625558400000,34883.04,35098.33,33751.63,34092.15,1.409171
1625572800000,34092.15,34465.38,33802.55,34048.11,0.644425
1625587200000,34048.11,34127.58,33578.49,34014.9,0.473002
1625601600000,34014.9,34276.54,33683.58,34224.45,0.62172
1625616000000,34224.45,34485.65,33967.55,34439.98,0.234672
1625630400000,34439.98,34900.36,34381.59,34708.19,0.197448
1625644800000,34708.19,34972.66,34475,34832.06,0.463488
1625659200000,34832.06,35008.17,34489.7,34533.69,0.62409
1625673600000,34533.69,34796.33,34437.62,34628.8,0.614522
1625688000000,34628.8,34628.8,33800.68,33865.3,2.79012
1625702400000,33865.3,33921.53,33083.06,33320.02,1.156878
1625716800000,33320.02,33471.03,32300,32486.78,3.360095
1625731200000,32486.78,32727.68,32300.01,32695.91,1.518398
1625745600000,32695.91,32977.09,32235.82,32910.02,10.315127
1625760000000,32910.02,33134.73,32653.41,33013.84,1.807317
1625774400000,33013.84,33037.34,32517.62,32892.17,0.173255
1625788800000,32892.17,33083.07,32307.11,32940.49,0.180192
1625803200000,32940.49,33275.79,32770.03,32879.37,0.492922
1625817600000,32879.37,33057.7,32628.4,32773.07,3.69496
1625832000000,32773.07,33650.23,32646.36,33556.02,4.07518
1625846400000,33556.02,33680.38,33313.33,33446.97,0.280537
1625860800000,33446.97,34077.01,33388.97,33815.88,0.830561
1625875200000,33815.88,34233.49,33664.69,33786.14,0.511016
1625889600000,33786.14,33906.89,33488.63,33767.18,0.21319
1625904000000,33767.18,33905.95,33568.17,33797.49,1.236572
1625918400000,33797.49,33919.29,33657.51,33883.11,0.355735
1625932800000,33883.11,34165.15,33267.42,33411.45,1.462725
1625947200000,33411.45,33686.95,33055.38,33509.32,0.388896
1625961600000,33509.32,33800.18,33409.43,33452.24,0.433034
1625976000000,33452.24,33645.59,33326.11,33507.3,0.223239
1625990400000,33507.3,33842.95,33441.27,33818.9,1.579362
1626004800000,33818.9,34004.26,33671.86,33949.49,8.667634
1626019200000,33949.49,34094.9,33812,33894.56,0.701058
1626033600000,33894.56,34586.63,33754.01,34246.51,2.172115
1626048000000,34246.51,34519.23,34088,34454.97,0.183072
1626062400000,34454.97,34650,34176.78,34281.8,0.244489
1626076800000,34281.8,34470.01,33533.08,33533.08,0.677251
1626091200000,33533.08,33640.5,33280.44,33346.64,4.067213
1626105600000,33346.64,33425.36,32796,32834.22,6.001843
1626120000000,32834.22,33266.24,32665.68,33109.63,1.927798
1626134400000,33109.63,33228.97,32850,33076.54,3.217031
1626148800000,33076.54,33324.49,32746.18,33175.86,2.323985
1626163200000,33175.86,33317.95,32928.94,33043.36,2.123589
1626177600000,33043.36,33046.67,32297.48,32789.08,3.184844
1626192000000,32789.08,32924.15,32268.86,32268.86,1.648175
1626206400000,32268.86,32729.8,32206.81,32715.61,0.313751
1626220800000,32715.61,32796.34,31666,31841.28,2.037491
1626235200000,31841.28,32008.26,31691.02,31914.13,2.251804
1626249600000,31914.13,32660.74,31605.25,32440.07,2.75683
1626264000000,32440.07,32960.72,32291.42,32786.01,2.658381
1626278400000,32786.01,33074.3,32589.99,32728.36,1.75323
1626292800000,32728.36,33028.76,32700.59,32823.9,0.327494
1626307200000,32823.9,33167.42,32655.24,32658.54,1.602536
1626321600000,32658.54,32681.01,32369,32471.24,1.638298
1626336000000,32471.24,32600.55,31816.8,31883.51,13.542398
1626350400000,31883.51,32113.96,31510,31694.54,12.978827
1626364800000,31694.54,31766.5,31150,31541.32,12.993553
1626379200000,31541.32,31883.51,31531,31861.82,7.17613
1626393600000,31861.82,32039.77,31575.48,31920.24,7.186886
1626408000000,31920.24,32020.23,31563.68,31754.15,6.921703
1626422400000,31754.15,31766.77,31042.08,31086.41,15.347853
1626436800000,31086.41,32192.39,31086.41,32126.07,7.855878
1626451200000,32126.07,32235.05,31823.95,31902.34,6.947047
1626465600000,31902.34,31965.02,31343.33,31390.98,5.331635
1626480000000,31390.98,31619.8,31170,31313.78,5.962058
1626494400000,31313.78,31592.62,31196.58,31519.97,2.052337
1626508800000,31519.97,31970.57,31263.18,31396.13,3.265846
1626523200000,31396.13,31767.89,31351.79,31762.46,1.542349
1626537600000,31762.46,31904.46,31547.04,31835.37,1.67665
1626552000000,31835.37,31897.09,31495.79,31512.99,1.999856
1626566400000,31512.99,32416.17,31478.04,32155.01,15.475066
1626580800000,32155.01,32186.12,31683.86,31700,2.90105
1626595200000,31700,31854.03,31598.48,31796.88,5.814715
1626609600000,31796.88,31843.72,31150,31384.28,11.845102
1626624000000,31384.28,31722.97,31316.88,31643.85,8.969527
1626638400000,31643.85,31927.04,31426.42,31778.75,6.184752
1626652800000,31778.75,31849.58,31448.06,31540.31,1.018879
1626667200000,31540.31,31891.94,31528.66,31605.75,4.560288
1626681600000,31605.75,31669.73,31187,31276.6,9.996103
1626696000000,31276.6,31365.17,30469.5,30666.09,19.715759
1626710400000,30666.09,30871.04,30548.84,30729.37,7.318307
1626724800000,30729.37,30980.58,30703.52,30819.86,3.035985
1626739200000,30819.86,31050,29511,29602.19,36.569508
1626753600000,29602.19,29895,29525.58,29823,30.430218
1626768000000,29823,29882.08,29316.24,29699.99,17.932632
1626782400000,29699.99,29973.63,29314.77,29883.95,20.349396
1626796800000,29883.95,29973.44,29606.8,29778.63,6.585451
1626811200000,29778.63,29978.31,29492.6,29782.8,3.467216
1626825600000,29782.8,29900,29513.9,29838.8,7.014017
1626840000000,29838.8,30922.69,29838.8,30824.71,14.192126
1626854400000,30824.71,31638.92,30735.12,31573.11,19.903612
1626868800000,31573.11,31961.21,31438,31942.14,13.753745
1626883200000,31942.14,32817.63,31577.62,31639.01,35.060155
1626897600000,31639.01,32225.38,31534.53,32137.21,14.048745
1626912000000,32137.21,32371.31,31803.63,31949.7,4.689877
1626926400000,31949.7,32304.71,31873.74,32135.3,8.074356
1626940800000,32135.3,32252.51,31728.28,31919.11,13.900162
1626955200000,31919.11,32496.63,31740.9,32496.63,15.451341
1626969600000,32496.63,32496.63,32250.34,32379.6,2.381052
1626984000000,32379.6,32478.55,32073.12,32310.43,5.031979
1626998400000,32310.43,32792.96,32201.76,32582.83,10.30541
1627012800000,32582.83,32900,32371.79,32469.72,9.217602
1627027200000,32469.72,32538.65,32219.96,32306.69,9.545253
1627041600000,32306.69,32574.22,32248.48,32309.94,6.194237
1627056000000,32309.94,32329.18,32013.22,32261.13,8.651276
1627070400000,32261.13,33631.55,32208.05,33631.55,23.283123
1627084800000,33631.55,33782.81,33409.59,33680,20.655237
1627099200000,33680,33925.48,33591.18,33817.61,14.377024
1627113600000,33817.61,34019.71,33563.55,33847.82,6.729004
1627128000000,33847.82,34009.28,33740,33873.17,5.218185
1627142400000,33873.17,34467.08,33750.18,33854.03,8.948166
1627156800000,33854.03,34270,33700,34270,6.370443
1627171200000,34270,34436.57,33864.49,34160.11,17.322586
1627185600000,34160.11,34784,34082.25,34695.1,10.954128
1627200000000,34695.1,34811.35,34276.31,34392.06,16.127363
1627214400000,34392.06,34420,33872.76,34171.28,7.684995
1627228800000,34171.28,34609.76,34095.09,34356.44,8.412175
1627243200000,34356.44,35386.12,34306.79,35348.21,27.031077
1627257600000,35348.21,39770.96,35242.89,38300,61.22698
1627272000000,38300,39253.4,37800.01,38137.36,54.266902
1627286400000,38137.36,38788.83,37713.81,38477.69,38.181284
1627300800000,38477.69,38860,37926,38609.78,17.965985
1627315200000,38609.78,40564.19,38533.44,39370.01,34.445963
1627329600000,39370.01,39472.35,36799.21,37252.28,78.252659
1627344000000,37252.28,37513.17,36410.5,36817.47,24.51018
1627358400000,36817.47,37327.58,36693.98,37123.35,14.305396
1627372800000,37123.35,38070.28,37042.33,38051.7,41.008427
1627387200000,38051.7,39100,37739.04,38968.09,43.255735
1627401600000,38968.09,38968.09,37369.26,37781.72,12.482059
1627416000000,37781.72,39500,37781.72,39500,16.491001
1627430400000,39500,40333.07,38939,39841.9,26.424792
1627444800000,39841.9,40205.49,39324.02,39850.98,27.398865
1627459200000,39850.98,40889.15,39375.49,40763.67,35.177874
1627473600000,40763.67,40832.72,39314.88,39657.49,31.618949
1627488000000,39657.49,40643.06,38800.01,40392.01,50.43092
1627502400000,40392.01,40392.01,39608.58,39987.87,10.85254
1627516800000,39987.87,40231.54,39292.52,39614.4,5.753494
1627531200000,39614.4,40253.07,39512.72,39871.58,11.701467
1627545600000,39871.58,40612.3,39536,39773.38,19.534071
1627560000000,39773.38,40142.83,39453,39947,37.463464
1627574400000,39947,40146.94,39404.44,39670,8.940098
1627588800000,39670,40399.99,39505.86,40015.2,14.271498
1627603200000,40015.2,40249.99,39778.75,39971.01,6.309877
1627617600000,39971.01,40025.02,39622.33,39742.62,18.471905
1627632000000,39742.62,39769.11,38328.58,38652.77,57.085998
1627646400000,38652.77,39149.81,38592.56,39071.53,26.657497
1627660800000,39071.53,39850.95,38892.65,39834.13,21.619805
1627675200000,39834.13,42290,39754.21,42195.18,62.872366
1627689600000,42195.18,42359.76,41637.22,41812.53,23.184794
1627704000000,41812.53,41873.74,41222.37,41542.67,18.47656
1627718400000,41542.67,41948.78,41367.29,41592.34,8.966588
1627732800000,41592.34,41711.64,41100,41547.21,16.436416
1627747200000,41547.21,41580.26,41040.89,41309.85,7.444235
1627761600000,41309.85,41978.92,41165,41447.67,23.019513
1627776000000,41447.67,42566,41146.99,42438.76,16.965873
1627790400000,42438.76,42438.76,41613.32,41696.27,13.860199
1627804800000,41696.27,41939.99,41323.8,41581.7,15.844612
1627819200000,41581.7,41821.66,41169.13,41288.52,13.416955
1627833600000,41288.52,41488.19,40650,41244.37,34.795585
1627848000000,41244.37,41500,39462.33,39851.08,45.568689
1627862400000,39851.08,40082.11,39238.47,39786.72,25.295697
1627876800000,39786.72,40452.47,39601,40086.32,18.242415
1627891200000,40086.32,40137.24,39313.05,39535.18,24.697768
1627905600000,39535.18,39847.14,39000,39705.41,29.126902
1627920000000,39705.41,39965.06,39050.5,39184.82,7.265981
1627934400000,39184.82,39575.79,38691,39144.91,38.922186
1627948800000,39144.91,39771.94,38515,38664.19,17.738722
1627963200000,38664.19,38816.37,37988.75,38598.99,28.714742
1627977600000,38598.99,38796.71,38351.52,38477.63,17.873386
1627992000000,38477.63,38681.85,37753.55,38172.94,34.050897
1628006400000,38172.94,38515.2,37661.2,38004.51,14.098008
1628020800000,38004.51,38615.02,37892.71,38210.87,8.27518
1628035200000,38210.87,38555.98,37899.39,37968.73,11.254679
1628049600000,37968.73,38316.81,37690,37821.94,20.775993
1628064000000,37821.94,38253.44,37551.94,38168.61,12.589015
1628078400000,38168.61,39459.93,38167,39302.67,38.874328
1628092800000,39302.67,39828,39230.09,39746.9,15.524887
1628107200000,39746.9,39955.86,39554.61,39738.46,27.611846
1628121600000,39738.46,39833.42,39205,39446.71,11.779832
1628136000000,39446.71,39521,38711.95,38865.02,14.278715
1628150400000,38865.02,38962.27,37858.82,38001.37,34.4347
1628164800000,38001.37,39376.39,37348.85,38792.3,67.84954
1628179200000,38792.3,41353,38756.14,40686.55,65.548614
1628193600000,40686.55,41277.51,40673.93,40864.26,21.471053
1628208000000,40864.26,41014.07,39938.73,40221.63,22.24085
1628222400000,40221.63,41200,39900.01,40736.99,21.549914
1628236800000,40736.99,41127.24,40425,40524.5,19.12977
1628251200000,40524.5,42150,40317.56,42149.99,42.918174
1628265600000,42149.99,43367.66,41879.12,42904,33.835406
1628280000000,42904,42961.63,42392.49,42831.88,18.851379
1628294400000,42831.88,43759.35,42595.3,43690.27,46.310891
1628308800000,43690.27,43936.39,43050,43218.13,40.733036
1628323200000,43218.13,43982.54,43112.52,43813.2,23.682483
1628337600000,43813.2,44526.1,43086.29,43373.46,55.746097
1628352000000,43373.46,44076.65,42500,43996.88,43.950203
1628366400000,43996.88,44705.58,43513,44578.65,27.167721
1628380800000,44578.65,44778.02,43814.67,44272.66,33.64268
1628395200000,44272.66,45281.85,44183.23,44786.36,31.771694
1628409600000,44786.36,45030.78,44100.73,44458.53,22.373681
1628424000000,44458.53,45164.04,43795,43974.09,38.213067
1628438400000,43974.09,44366.32,43296.16,43697.57,23.525371
1628452800000,43697.57,44591.05,43560.26,43807.74,41.949404
1628467200000,43807.74,43953.17,42820.94,43506.53,26.958602
1628481600000,43506.53,43832.56,43260,43832.56,30.478213
1628496000000,43832.56,46000,43591.29,45947.64,55.42406
1628510400000,45947.64,46299.98,45172,45900,59.313716
1628524800000,45900,46466.92,45700,45993.01,28.865781
1628539200000,45993.01,46445.88,44760.02,46285.33,39.14312
1628553600000,46285.33,46750,45550.03,45703.01,30.143369
1628568000000,45703.01,46000,45329.5,45964.61,13.491209
1628582400000,45964.61,46150,45222.49,45361.05,28.349597
1628596800000,45361.05,46100,44896.93,45154.67,35.678507
1628611200000,45154.67,45472.7,44650,45355.68,38.812479
1628625600000,45355.68,45877.64,45154.04,45585.67,29.832617
1628640000000,45585.67,45981.76,45349.31,45583.31,17.564282
1628654400000,45583.31,46437.88,45458.56,46337.9,19.423316
1628668800000,46337.9,46581.18,45872.83,45926.64,16.864575
1628683200000,45926.64,46595.92,45800.02,46308.36,37.246587
1628697600000,46308.36,46408.93,45900.01,46003.44,12.808478
1628712000000,46003.44,46360,45543,45543,32.521564
1628726400000,45543,46207.82,45431.65,45901.15,17.924516
1628740800000,45901.15,46008.83,44847.49,45260.17,36.636632
1628755200000,45260.17,45659.41,44674.12,44722.23,26.484309
1628769600000,44722.23,44949.66,43950,44184.47,40.937235
1628784000000,44184.47,44499.63,43790.8,44381.02,24.184354
1628798400000,44381.02,44581.81,43873.16,44412,24.322296
1628812800000,44412,45349.92,44243.99,45160.35,17.297448
1628827200000,45160.35,46322.69,44900,46080.64,28.229675
1628841600000,46080.64,46533,45947.89,46148.11,29.136265
1628856000000,46148.11,46658,46146.22,46383.99,25.610549
1628870400000,46383.99,46595.94,46225.26,46459.67,14.297228
1628884800000,46459.67,47865.28,46402.13,47807.6,43.540145
1628899200000,47807.6,47835.22,47412.63,47545.31,15.480383
1628913600000,47545.31,47721.66,47433.92,47626.81,26.985802
1628928000000,47626.81,48107,46029.73,46567.54,58.213958
1628942400000,46567.54,46950,46144.55,46950,37.629271
1628956800000,46950,47268.76,46613.13,47040.61,37.995273
1628971200000,47040.61,47200,46341.29,47037.53,16.475304
1628985600000,47037.53,47336.25,46788.08,46861.68,9.23376
1629000000000,46861.68,46873.03,45617.15,45744,38.379609
1629014400000,45744,46150.79,45579.62,45933.16,20.230771
1629028800000,45933.16,46467,45507,46154.63,22.366484
1629043200000,46154.63,46300,45633.46,46296,22.872694
1629057600000,46296,47268.45,46241.31,46979.44,26.056083
1629072000000,46979.44,48016.54,46758,47339.29,28.762412
1629086400000,47339.29,47689.89,47151.9,47258.94,17.906958
1629100800000,47258.94,47588.92,46995.08,47514.8,45.719172
1629115200000,47514.8,47692.65,45957.32,46356.87,60.966464
1629129600000,46356.87,46651.56,46055,46074.38,23.134011
1629144000000,46074.38,46325.99,45657.69,45913.29,30.740106
1629158400000,45913.29,46588.12,45289.26,46413.44,25.301701
1629172800000,46413.44,46592.07,45644.34,45930.02,25.214696
1629187200000,45930.02,47138.09,45894.23,46856,33.191627
1629201600000,46856,47068.51,45623.85,45667.42,27.636571
1629216000000,45667.42,46176.33,45265.49,45483.11,45.572209
1629230400000,45483.11,45492.88,44412,44676.76,54.310373
1629244800000,44676.76,45127,44218.24,45050.3,29.543066
1629259200000,45050.3,45487.54,44877.36,44965.5,39.901096
1629273600000,44965.5,45550,44650,44751.27,34.104028
1629288000000,44751.27,45815.6,44646.71,45807.37,54.774614
1629302400000,45807.37,45930,44750.53,44850,37.048538
1629316800000,44850,45128.17,44368.08,44635.35,32.553405
1629331200000,44635.35,45190,44050,44063.52,17.669313
1629345600000,44063.52,44639.16,43950,44624.78,37.16667
1629360000000,44624.78,44955.98,44212.49,44220,41.845013
1629374400000,44220,45752.89,44138.38,45748.81,44.565015
1629388800000,45748.81,46725.1,45400,46688.15,53.85673
1629403200000,46688.15,47001.35,46344.39,46753.83,35.719461
1629417600000,46753.83,47363.61,46629.54,47042.22,33.55134
1629432000000,47042.22,47227.29,46740.8,46813.66,45.435122
1629446400000,46813.66,47349,46730.02,46937.9,26.742151
1629460800000,46937.9,48705,46889.1,48704.22,72.025998
1629475200000,48704.22,49067,48291.12,48648.34,47.125216
1629489600000,48648.34,49338,48501,49301.43,35.546104
1629504000000,49301.43,49338,48704.75,48816.06,15.128882
1629518400000,48816.06,48914.93,48538.27,48889.6,25.820105
1629532800000,48889.6,49316.04,48171.57,48422.45,27.821485
1629547200000,48422.45,49350,48400,49153.07,29.471032
1629561600000,49153.07,49731.15,48834.75,48899.46,22.56378
1629576000000,48899.46,49346.03,48725.02,48772.59,12.064572
1629590400000,48772.59,49101.36,48587.61,48744.43,9.580188
1629604800000,48744.43,49230.85,48744.43,49180.4,8.191973
1629619200000,49180.4,49407.07,48911.83,49113.06,19.748804
1629633600000,49113.06,49173.37,48074.56,48507.65,43.874463
1629648000000,48507.65,48817.35,48200,48637.98,19.846211
1629662400000,48637.98,49506.7,48247.53,49223.35,31.3666
1629676800000,49223.35,50314.29,49070.9,50236.63,35.489616
1629691200000,50236.63,50350,49943.72,50061.46,40.491257
1629705600000,50061.46,50424,49939.02,50346.62,43.488801
1629720000000,50346.62,50399,49306,49494.16,50.864844
1629734400000,49494.16,49748.75,49100,49231.81,27.291696
1629748800000,49231.81,49683.98,49022,49519.22,31.437712
1629763200000,49519.22,49666.66,48757.4,49317.03,17.489484
1629777600000,49317.03,49790.14,49149.88,49728.89,33.191993
1629792000000,49728.89,49763.6,49006.92,49357.63,29.799117
1629806400000,49357.63,49357.89,48177.43,48250,67.946882
1629820800000,48250,48360.89,47747.64,48201.83,47.017861
1629835200000,48201.83,48349.98,47525.41,47671.53,19.975309
1629849600000,47671.53,48259.75,47624.57,47945.65,41.41575
1629864000000,47945.65,48537.08,47881.62,48106.88,28.278431
1629878400000,48106.88,48121.06,47120,47560.2,45.263589
1629892800000,47560.2,48851.17,47327.65,48800.57,41.829541
1629907200000,48800.57,49149.51,48500.74,48715.77,24.648498
1629921600000,48715.77,49245.14,48627,48996.42,24.25306
1629936000000,48996.42,49344.29,47838.76,47892.43,21.05877
1629950400000,47892.43,48016.31,46569.73,46897.6,63.725088
1629964800000,46897.6,47197.67,46711.45,46845.32,21.726651
1629979200000,46845.32,47402.06,46323.43,46743.51,31.747136
1629993600000,46743.51,47125.96,46482.38,46951.27,28.030094
1630008000000,46951.27,47405.85,46810,46822.44,9.747305
1630022400000,46822.44,47622.04,46338.71,46788.33,21.091952
1630036800000,46788.33,47522.14,46560.41,47463.5,12.431312
1630051200000,47463.5,47767.44,46988,47448.57,25.259697
1630065600000,47448.57,48400,47021.52,48164.27,44.427898
1630080000000,48164.27,48529.22,47990.07,48295.48,29.841226
1630094400000,48295.48,49089,48164.73,49037.99,46.795724
1630108800000,49037.99,49257.4,48829.31,48830.94,29.685778
1630123200000,48830.94,49061.67,48621.61,48928.16,31.305685
1630137600000,48928.16,49064.34,48640,48663.02,26.84217
1630152000000,48663.02,48948.51,48352.9,48800,23.646937
1630166400000,48800,49128.32,48500,48641.31,21.261702
1630180800000,48641.31,48970,48575.81,48884.84,15.076363
1630195200000,48884.84,49614.36,48083.16,48219.36,29.593959
1630209600000,48219.36,48581.54,47800,48497.89,17.929713
1630224000000,48497.89,48640.95,48142.47,48143.14,24.516566
1630238400000,48143.14,48536.38,48120,48451,16.952802
1630252800000,48451,48850,48335.81,48780,17.170639
1630267200000,48780,49367.72,48397.03,48756.58,19.168843
1630281600000,48756.58,48873.18,47800,47953.01,27.084465
1630296000000,47953.01,48125.69,47650,47929.86,22.261615
1630310400000,47929.86,48200,47650,47913.85,12.639377
1630324800000,47913.85,48094.07,47394.11,48032.93,23.144777
1630339200000,48032.93,48621.17,47969.29,48621.17,17.202727
1630353600000,48621.17,48687,46864.01,46986.26,75.159673
1630368000000,46986.26,47180.63,46700,47130.68,53.901188
1630382400000,47130.68,47860,46824.51,47667.05,38.856559
1630396800000,47667.05,48030.87,47120.01,47932,58.946474
1630411200000,47932,48200,47165.66,47404.62,60.737913
1630425600000,47404.62,47565.49,47002.29,47302.25,29.062397
1630440000000,47302.25,47315,46733,47103.33,32.870909
1630454400000,47103.33,47275.54,46500,47032.51,30.747953
1630468800000,47032.51,47444.29,46959.91,47148.15,21.204736
1630483200000,47148.15,47718.72,47099.29,47669.7,33.505319
1630497600000,47669.7,47789.43,47225.95,47434.67,19.466374
1630512000000,47434.67,49059.99,47339.16,48099.9,51.645479
1630526400000,48099.9,48832.84,48069.89,48783.19,23.429101
1630540800000,48783.19,49818.13,48558.75,49537.23,57.923635
1630555200000,49537.23,50326.95,49291.68,49856.86,61.812969
1630569600000,49856.86,50161.39,49671.71,50032.26,39.351005
1630584000000,50032.26,50295.85,49250,49496.94,51.296068
1630598400000,49496.94,49683.1,49159.84,49270.31,39.391357
1630612800000,49270.31,49809.71,49231.18,49231.18,42.78726
1630627200000,49231.18,49486.15,48358.37,49447.47,39.610643
1630641600000,49447.47,49730.23,49226,49251.72,38.248366
1630656000000,49251.72,50460.24,49251.71,50150,80.9324
1630670400000,50150,50987,49873.12,50569,95.492543
1630684800000,50569,50691.96,50211.5,50526.84,34.154808
1630699200000,50526.84,50526.84,49577.8,49973.87,25.395761
1630713600000,49973.87,50351.02,49578.1,50282.95,23.857267
1630728000000,50282.95,50469.36,50123.71,50193.97,34.464341
1630742400000,50193.97,50550,49710.45,49907.94,32.473376
1630756800000,49907.94,50316.49,49784.06,49886.03,38.653959
1630771200000,49886.03,50048,49400,49995.98,38.82004
1630785600000,49995.98,50272.89,49736.02,49919.82,18.311626
1630800000000,49919.82,50306.81,49672.39,49685.35,28.41111
1630814400000,49685.35,50044.28,49485.03,49845.24,17.094
1630828800000,49845.24,50377.08,49831.93,50189.57,23.474197
1630843200000,50189.57,50463.23,50009.38,50194.56,22.875106
1630857600000,50194.56,50840.98,50118.29,50653.18,43.322002
1630872000000,50653.18,51836.71,50615.37,51726.73,96.088055
1630886400000,51726.73,51899.99,51447.95,51571.15,31.047082
1630900800000,51571.15,51920,51538.22,51748.19,27.451918
1630915200000,51748.19,52085.36,51271.96,51339.39,68.695849
1630929600000,51339.39,51658.05,50963.72,51503.29,56.379285
1630944000000,51503.29,51892.11,51369.74,51584.43,17.791059
1630958400000,51584.43,52662.73,51494.8,52586.77,55.980988
1630972800000,52586.77,52818.37,52290.41,52576.51,26.758873
1630987200000,52576.51,52644.55,52000.92,52262.27,24.586174
1631001600000,52262.27,52269.23,50465.26,50890.91,77.317816
1631016000000,50890.91,51043.99,43000,46661.88,326.964007
1631030400000,46661.88,47506.79,45868.12,46606.74,119.542544
1631044800000,46606.74,47141.83,46069.3,46729.2,69.956704
1631059200000,46729.2,47299.87,46253.77,46420.12,59.658697
1631073600000,46420.12,46784.42,44995.55,45096.25,118.347722
1631088000000,45096.25,46747.35,44436.94,46373.45,91.946663
1631102400000,46373.45,46777.85,45607.27,46015,52.689432
1631116800000,46015,46500,45831.18,46407.77,27.741936
1631131200000,46407.77,46730.87,45825,46014.25,57.371878
1631145600000,46014.25,46319.63,45508.88,45970.29,41.856015
1631160000000,45970.29,46353.6,45866.42,46266.11,27.647285
1631174400000,46266.11,46519.57,45899.73,46279.14,36.144937
1631188800000,46279.14,47202.87,45579.86,46967.95,105.791701
1631203200000,46967.95,47338.87,46443.77,46538.88,49.524216
1631217600000,46538.88,46614.71,46063.11,46358.44,27.700377
1631232000000,46358.44,46998,46243,46695.8,33.752816
1631246400000,46695.8,46780.66,45884.89,46105.35,38.489682
1631260800000,46105.35,46335.82,45606.3,46293.48,69.392254
1631275200000,46293.48,46455.48,44754.31,45384.05,140.497581
1631289600000,45384.05,45784.35,45269.81,45620.85,29.267882
1631304000000,45620.85,45785.43,44150,44830.7,57.997286
1631318400000,44830.7,45462.97,44727.84,45164.42,33.37744
1631332800000,45164.42,45416.24,44758.39,44921.25,59.936379
1631347200000,44921.25,45679.28,44804.2,45512.45,64.736743
1631361600000,45512.45,45741.68,45367.06,45529.04,41.420136
1631376000000,45529.04,45943.71,45284.22,45340.75,44.82846
1631390400000,45340.75,45416.45,44947.87,45131.32,45.119841
1631404800000,45131.32,45299.09,44713.09,45286.12,44.362692
1631419200000,45286.12,45450,45024.6,45321.85,24.110344
1631433600000,45321.85,46127.93,45270,46055.65,39.599991
1631448000000,46055.65,46182.27,45705.63,45870.72,49.583744
1631462400000,45870.72,46086.6,45726.88,45864.3,27.755968
1631476800000,45864.3,46377.51,44870,45986,68.958364
1631491200000,45986,46241.73,44551,44560.77,67.40568
1631505600000,44560.77,44932.92,44125.64,44446.06,85.176869
1631520000000,44446.06,44871.46,44147.18,44846.99,79.579552
1631534400000,44846.99,46782,43381.99,44313.77,178.913781
1631548800000,44313.77,44756.43,44131.05,44700.93,31.456324
1631563200000,44700.93,45452.09,44700.93,44910.13,33.960808
1631577600000,44910.13,45301,44590.01,45148.42,33.746033
1631592000000,45148.42,45846.79,45015.06,45700,36.375807
1631606400000,45700,46143.48,45650.64,45958.61,53.39545
1631620800000,45958.61,46914.65,45759.57,46716.04,93.816682
1631635200000,46716.04,46848.48,46313.16,46452.39,52.157451
1631649600000,46452.39,47233.76,46377.71,47100,71.007195
1631664000000,47100,47443.43,46938.02,47065.97,33.883241
1631678400000,47065.97,47150,46686.86,47150,47.819842
1631692800000,47150,47659.99,47001.1,47554.22,62.129202
1631707200000,47554.22,48284,47306,48264.98,77.997748
1631721600000,48264.98,48444,47848.64,48073.86,45.793683
1631736000000,48073.86,48434.79,47909.57,48128.25,34.977916
1631750400000,48128.25,48192.05,47323.48,47589.63,68.528825
1631764800000,47589.63,48470,47564.59,48322.43,35.280684
1631779200000,48322.43,48326.69,47618.44,47899.58,42.825596
1631793600000,47899.58,48200.82,47210,48025.14,54.154376
1631808000000,48025.14,48160,47238.13,47428.96,38.693076
1631822400000,47428.96,47900,47020.51,47729.93,22.982421
1631836800000,47729.93,48084.88,47438.04,47868.03,25.656032
1631851200000,47868.03,48142.22,47643.89,47723.35,25.352996
1631865600000,47723.35,47965.73,47263.18,47367.38,51.427223
1631880000000,47367.38,47620.45,47122.04,47512.71,48.483641
1631894400000,47512.71,47719.4,46750.01,47485.51,54.664428
1631908800000,47485.51,47565.24,46805.85,47290.58,21.972019
1631923200000,47290.58,47952,47058.1,47901.24,28.611094
1631937600000,47901.24,48750,47901.24,48588.33,40.155396
1631952000000,48588.33,48773.78,48300.89,48328.41,20.658736
1631966400000,48328.41,48648.37,48233.13,48374.86,40.205498
1631980800000,48374.86,48481.78,48063.68,48231.36,32.8455
1631995200000,48231.36,48325.94,47788,48272.38,23.233525
1632009600000,48272.38,48328.8,47600,47820.74,27.645451
1632024000000,47820.74,48196.74,47750.39,48146.04,21.580244
1632038400000,48146.04,48308.47,47200,47321.89,38.426491
1632052800000,47321.89,47757.53,47088.63,47667.53,30.851987
1632067200000,47667.53,47788.37,47305,47367.14,33.024822
1632081600000,47367.14,47673.59,46864.83,47252.31,29.305674
1632096000000,47252.31,47338.82,45178.51,45574.2,62.038109
1632110400000,45574.2,45833.34,44526.52,44795.9,59.087959
1632124800000,44795.9,45280.98,43264.57,43746.19,120.006304
1632139200000,43746.19,44141.86,42523.37,43903.6,179.246859
1632153600000,43903.6,44247.67,42922.85,43890.78,59.240605
1632168000000,43890.78,43950,42574.45,43049.82,51.846137
1632182400000,43049.82,43081.39,40270,42673.98,140.113837
1632196800000,42673.98,43330.24,42170.71,43261.43,48.782426
1632211200000,43261.43,43600.3,43035.5,43290.66,38.19521
1632225600000,43290.66,43526.19,42169.99,43035.73,68.02816
1632240000000,43035.73,43236.1,41500,41976.55,257.23841
1632254400000,41976.55,42279.7,39632.1,40717.22,216.084725
1632268800000,40717.22,42396,40572.28,42045.79,79.374205
1632283200000,42045.79,42719.78,41823.12,42535.59,56.639169
1632297600000,42535.59,42579.15,41837.52,41913.3,40.345031
1632312000000,41913.3,43270,41875.67,43227.14,74.639564
1632326400000,43227.14,43989.99,42839.44,43376.48,77.157205
1632340800000,43376.48,43630,42993.91,43514.57,40.66835
1632355200000,43514.57,44123,43043.57,44041,65.554785
1632369600000,44041,44339.97,43678.49,44192,50.740398
1632384000000,44192,44250,43329.51,43598,43.473362
1632398400000,43598,44200,43352.67,43722.42,43.16744
1632412800000,43722.42,44874.95,43570.85,44745.24,56.036135
1632427200000,44745.24,44931.18,44330,44811.07,35.233653
1632441600000,44811.07,44936.5,44185,44242.41,31.349483
1632456000000,44242.41,45100.99,43828.98,44800.51,51.094201
1632470400000,44800.51,45026.28,40735.01,41542.48,171.513251
1632484800000,41542.48,42665.43,40860,41930.63,155.572708
1632499200000,41930.63,42500,41750,42355.13,28.789362
1632513600000,42355.13,43158.59,42301.92,42804.98,34.586139
1632528000000,42804.98,42944.93,42061.07,42600.01,19.319221
1632542400000,42600.01,42841,42213.4,42360.39,34.320742
1632556800000,42360.39,42950.69,41642.65,42468.74,57.336913
1632571200000,42468.74,42727.14,42165,42654.27,36.900153
1632585600000,42654.27,42795.95,42335.77,42639.47,31.390662
1632600000000,42639.47,42793.65,42367.9,42665,12.543972
1632614400000,42665,42719.61,41922.91,42196.81,46.633661
1632628800000,42196.81,42283.28,40767.63,41212.87,76.923133
1632643200000,41212.87,43751.6,41072.07,43068.94,115.334523
1632657600000,43068.94,43430,43068.94,43320,31.130384
1632672000000,43320,43507.04,43053.58,43203,21.903697
1632686400000,43203,43876.81,42665.43,43127.93,32.617035
1632700800000,43127.93,44285.56,42908.9,43970.41,37.009916
1632715200000,43970.41,44214.69,43616.45,43649.19,48.554138
1632729600000,43649.19,44057.6,43337.21,43714.9,30.128118
1632744000000,43714.9,43999.99,43001.72,43280.11,40.543167
1632758400000,43280.11,43369.38,42827.99,42994.86,34.52373
1632772800000,42994.86,43356.85,42112.08,42149.18,53.262653
1632787200000,42149.18,42602,41975,42543.52,35.406558
1632801600000,42543.52,42753.37,41646.23,41775.31,46.181831
1632816000000,41775.31,42139.33,41519.95,42120.68,53.490086
1632830400000,42120.68,42562.18,41276,41457.08,49.313283
1632844800000,41457.08,41740.01,41102.83,41604.53,33.792604
1632859200000,41604.53,41992.26,40884.38,41028.29,35.979943
1632873600000,41028.29,42226.99,40769,42178.85,67.039914
1632888000000,42178.85,42447,42000,42430,47.371688
1632902400000,42430,42489.99,42129.77,42398.69,40.115315
1632916800000,42398.69,42577.27,41636.25,41696.56,67.925879
1632931200000,41696.56,41814.1,41039.75,41178.79,44.240741
1632945600000,41178.79,41542.68,40891.4,41512.51,34.53305
1632960000000,41512.51,43686.55,41402.52,43576.16,60.98236
1632974400000,43576.16,43800,43216.22,43270.91,41.993381
1632988800000,43270.91,43403.68,42703.41,43036.58,49.690674
1633003200000,43036.58,43729.86,42813.12,43071.35,62.94225
1633017600000,43071.35,44067,42780,43500,65.299959
1633032000000,43500,43862.94,43073.68,43801.54,54.356485
1633046400000,43801.54,44019.22,43283.41,43615.19,34.307729
1633060800000,43615.19,44775.08,43447.76,44758.55,70.297245
1633075200000,44758.55,47637.96,44690.48,47433.99,184.985137
1633089600000,47433.99,47763,46666.52,47236.95,107.743826
1633104000000,47236.95,48101,47133.14,47979.15,62.067237
1633118400000,47979.15,48420,47723.08,48114.61,65.724394
1633132800000,48114.61,48216.61,47394.19,47488,77.893104
1633147200000,47488,47861.63,47400,47697.27,29.638148
1633161600000,47697.27,47858.85,47448.42,47644.75,38.579585
1633176000000,47644.75,48252.31,47570.01,47799.31,44.160783
1633190400000,47799.31,48200,47598.29,48178,49.900125
1633204800000,48178,48245.2,47554.69,47641.01,22.950427
1633219200000,47641.01,47950,47099.99,47915,42.056074
1633233600000,47915,48088,47814,47909.32,29.128901
1633248000000,47909.32,48050,47630.78,48000.03,22.034276
1633262400000,48000.03,48159.37,47814.76,47890.32,31.543687
1633276800000,47890.32,49240,47848.72,48790.59,81.729414
1633291200000,48790.59,48824.88,47660,48200,51.231789
1633305600000,48200,48259.59,47323.73,47455.97,48.159297
1633320000000,47455.97,47840,47246.7,47827.82,54.132108
1633334400000,47827.82,47919.95,47360.48,47574.42,95.507863
1633348800000,47574.42,48467.93,46930.65,47809.28,206.251122
1633363200000,47809.28,49490,47700.06,49399.97,273.786655
1633377600000,49399.97,49482.07,48568.53,49245.76,235.838747
1633392000000,49245.76,49785.65,49043.88,49299.65,198.951035
1633406400000,49299.65,49666.2,49093.46,49489.04,151.397785
1633420800000,49489.04,50357.2,49427.83,49865.6,197.2776
1633435200000,49865.6,50342.85,49589.56,49779.44,180.372402
1633449600000,49779.44,51380,49672.23,51142.19,140.02701
1633464000000,51142.19,51870,51107.01,51473.85,160.235839
1633478400000,51473.85,51600,50942.64,51523.49,123.936379
1633492800000,51523.49,51750.86,51209.11,51456.48,113.053548
1633507200000,51456.48,51495,50400,51310,200.993328
1633521600000,51310,55423.02,51266.13,55000,373.60931
1633536000000,55000,55113.68,54493.32,55058.07,136.961057
1633550400000,55058.07,55750,54818.87,55300.01,151.492022
1633564800000,55300.01,55313.68,54130.66,54828.33,127.312705
1633579200000,54828.33,55232.91,54276.93,54753.24,111.78228
1633593600000,54753.24,54761.58,53816.11,54317.77,168.564039
1633608000000,54317.77,54700,53422.04,53911.88,147.038687
1633622400000,53911.88,54331.92,53500,54000.31,103.269226
1633636800000,54000.31,54664.94,53650,53801.17,116.590246
1633651200000,53801.17,54441.26,53718.46,53824.45,140.518917
1633665600000,53824.45,54903.73,53660,54784.36,167.022845
1633680000000,54784.36,56102.37,54746.97,55267.82,160.150002
1633694400000,55267.82,55293.46,54067.69,54361.4,147.273166
1633708800000,54361.4,54699,54068.01,54676.52,102.352961
1633723200000,54676.52,54749,53790.26,53949.01,107.759342
1633737600000,53949.01,54674.98,53680.01,54546.88,85.829501
1633752000000,54546.88,55103.1,54382,54873.01,73.007585
1633766400000,54873.01,55338.88,54491.44,54809.52,151.21838
1633780800000,54809.52,55470,54809.52,54991.01,154.902343
1633795200000,54991.01,55104.84,54609.01,54657.52,176.660267
1633809600000,54657.52,55139.98,54350,54934.91,141.077245
1633824000000,54934.91,55159.61,54024.15,55062.19,138.023393
1633838400000,55062.19,56069.97,54852.4,55656.37,140.746988
1633852800000,55656.37,55889,54750,55160.99,176.666216
1633867200000,55160.99,55517.4,54660.64,55381.19,178.552425
1633881600000,55381.19,55503.7,55023.6,55444.01,150.074058
1633896000000,55444.01,56550,54379.03,54668.53,235.068723
1633910400000,54668.53,56750,54450,56506.36,151.150969
1633924800000,56506.36,57014.38,56133.66,56800,114.430505
1633939200000,56800,56867.97,55872.51,56387.59,122.505504
1633953600000,56387.59,57601.45,56121.02,57472.62,126.20646
1633968000000,57472.62,57800,57200,57463,107.646411
1633982400000,57463,57506.99,56802.94,57506.97,115.161888
1633996800000,57506.97,57506.97,56451.27,56665.56,123.317865
1634011200000,56665.56,57631,56567.86,57348.19,93.56063
1634025600000,57348.19,57594.3,56679.61,57238.08,104.608879
1634040000000,57238.08,57439.95,56041.11,56315.62,178.775263
1634054400000,56315.62,56367.32,55209,55337.99,166.101359
1634068800000,55337.99,56544.07,53950.83,55999.63,185.614781
1634083200000,55999.63,56569.05,55844.21,56276.82,97.5267
1634097600000,56276.82,56362.74,54552.3,54599.67,157.840698
1634112000000,54599.67,55263.58,54253.37,55179.16,150.984595
1634126400000,55179.16,56400,54540,56120.59,174.182964
1634140800000,56120.59,57270,56075.93,57250,158.626723
1634155200000,57250,57733.52,56606,57364.71,168.877629
1634169600000,57364.71,58500,57130.01,58055,134.545191
1634184000000,58055,58162.27,57342.02,57384.02,121.756406
1634198400000,57384.02,58164.12,57222,57596.07,102.546476
1634212800000,57596.07,57897.08,56956.49,57326.5,122.362353
1634227200000,57326.5,58031.93,56803.97,57839.99,143.381655
1634241600000,57839.99,57843.51,57205.28,57343.15,67.144656
1634256000000,57343.15,59417.3,56850.01,59395.41,169.710619
1634270400000,59395.41,59969.89,59114.77,59200,124.083502
1634284800000,59200,59500,58713.98,59500,93.338459
1634299200000,59500,60286.24,59150.01,59939,165.512332
1634313600000,59939,61818.99,59924.25,61428.61,207.35325
1634328000000,61428.61,62790,60741.49,61585.55,246.982481
1634342400000,61585.55,61711.57,61097.32,61609.78,102.341696
1634356800000,61609.78,62300.39,61533.68,61715.35,91.93023
1634371200000,61715.35,62009.99,61318.84,61649.05,78.20507
1634385600000,61649.05,61649.05,60349.33,60917.51,121.817241
1634400000000,60917.51,61154.89,60135,60818.56,95.734354
1634414400000,60818.56,61249.99,60485.08,60863.16,65.674568
1634428800000,60863.16,61365.96,60456.87,61103.06,95.24959
1634443200000,61103.06,61217.49,60302.29,60319.83,108.196068
1634457600000,60319.83,61394.59,60295.84,60948.19,117.018849
1634472000000,60948.19,61254.64,60478.39,60720.17,103.131066
1634486400000,60720.17,61040,60364.01,60505.12,79.435337
1634500800000,60505.12,61700.37,59000,61541.87,221.395465
1634515200000,61541.87,62549.98,61400,62112.37,84.638569
1634529600000,62112.37,62600,61722,61805.59,117.988553
1634544000000,61805.59,62367.91,60567.94,60873.67,223.587363
1634558400000,60873.67,62164.55,59830.3,61942.42,157.507156
1634572800000,61942.42,62301.72,61015.01,61417.94,122.468258
1634587200000,61417.94,62100,61097,62022.11,88.971336
1634601600000,62022.11,62962.15,61673.11,62600,101.739634
1634616000000,62600,62767.91,61977.02,62300.8,83.284835
1634630400000,62300.8,62540.49,61762.84,62111.77,95.512244
1634644800000,62111.77,63207.2,61244.06,62370.14,150.04067
1634659200000,62370.14,64235.96,62297.01,64165.37,139.839238
1634673600000,64165.37,64450,63657.96,64224.62,109.214131
1634688000000,64224.62,64346.33,63711.74,63821.88,74.298266
1634702400000,63821.88,64150,63502.65,63985.14,73.162698
1634716800000,63985.14,64238.28,63709.62,63787.78,54.666919
1634731200000,63787.78,66934.88,63756.42,66823.88,197.481277
1634745600000,66823.88,66875.45,66114.98,66374.94,95.341001
1634760000000,66374.94,66399.43,65500.01,65998.65,115.367464
1634774400000,65998.65,66032.17,64200,65070.85,180.288125
1634788800000,65070.85,65247.18,64176.5,65125.25,132.123083
1634803200000,65125.25,66645.39,64259.27,64852.19,175.523964
1634817600000,64852.19,65622.69,62128.53,63029.47,226.384309
1634832000000,63029.47,63659.56,62463.64,62828.36,154.019616
1634846400000,62828.36,63103.99,62077,62228.43,150.886863
1634860800000,62228.43,63338.48,62154.06,63215.35,127.672916
1634875200000,63215.35,63361.88,62500,63361.88,115.903229
1634889600000,63361.88,63702.34,62886.2,63357.29,97.779624
1634904000000,63357.29,63678.24,60500,60661.86,291.457319
1634918400000,60661.86,61390.39,60011.11,61008.69,193.000847
1634932800000,61008.69,61170.45,60140.94,60719,98.943582
1634947200000,60719,61288.5,60497.9,61223.73,81.98039
1634961600000,61223.73,61554.98,60716.37,60912.84,109.788154
1634976000000,60912.84,61677.98,59700,61531.75,145.625261
1634990400000,61531.75,61704.21,60720,61413.47,79.344287
1635004800000,61413.47,61579.99,60923.75,61000,67.276617
1635019200000,61000,61468.75,60817.24,61314.15,69.805422
1635033600000,61314.15,61490.02,60842.03,61217.68,56.8373
1635048000000,61217.68,61233.06,60585.31,60708.48,60.837726
1635062400000,60708.48,61279.29,60207.17,60291.08,93.323491
1635076800000,60291.08,60816.74,59700,59915.85,169.039322
1635091200000,59915.85,60744.52,59508,60744.52,97.577845
1635105600000,60744.52,61350.89,60588.43,60873.54,98.001578
1635120000000,60873.54,62248.78,60668.56,62159.57,86.947929
1635134400000,62159.57,62911.19,61795,62664.93,77.820828
1635148800000,62664.93,63192.06,62502.03,62753.79,90.200818
1635163200000,62753.79,63626.31,62590.09,63604.66,115.294163
1635177600000,63604.66,63709.8,62659.42,62662.59,84.830311
1635192000000,62662.59,63254.18,62533.05,63078.41,72.811199
1635206400000,63078.41,63300,62611.1,62777.44,44.06995
1635220800000,62777.44,62781.16,62209.51,62426.98,78.426416
1635235200000,62426.98,63085.22,62426.98,62752.21,48.455391
1635249600000,62752.21,62877.04,61836,62530.43,96.416238
1635264000000,62530.43,62698,61872,61969.1,62.146538
1635278400000,61969.1,62260,59900,60292,212.344741
1635292800000,60292,60829.24,60143.92,60705.43,63.423321
1635307200000,60705.43,61434.44,59910.01,59933.79,157.014157
1635321600000,59933.79,59933.79,58051,58576.55,243.888158
1635336000000,58576.55,59416.88,58300,58825.78,99.355538
1635350400000,58825.78,59190.21,58174.57,59081.31,144.916093
1635364800000,59081.31,59560.23,58434.59,58485.76,187.994604
1635379200000,58485.76,59157.39,58146.86,58840.75,118.008777
1635393600000,58840.75,59234.6,58701.58,58999.59,103.67637
1635408000000,58999.59,61221.6,58981.47,60923.96,103.00152
1635422400000,60923.96,61753.77,60841.09,61152.5,81.601389
1635436800000,61152.5,61461,57948.02,61387.24,175.689581
1635451200000,61387.24,62500,60304.93,60566.68,102.619687
1635465600000,60566.68,62037.6,60200,61606.54,50.249222
1635480000000,61606.54,61663.24,60336.21,60526.5,73.743936
1635494400000,60526.5,61344.42,60355.38,60920.08,53.962734
1635508800000,60920.08,62477.41,60704.18,62282.99,93.998669
1635523200000,62282.99,62935.25,61900,62503.21,66.374539
1635537600000,62503.21,62659.2,62030.82,62250.71,42.055372
1635552000000,62250.71,62340.07,61608.98,61644.18,27.81561
1635566400000,61644.18,61891.11,61280,61545.91,23.91
1635580800000,61545.91,61950.16,61050,61559.91,27.931766
1635595200000,61559.91,62169.16,60686.29,61339.98,65.89286
1635609600000,61339.98,61751.39,61024.84,61699.92,33.08546
1635624000000,61699.92,61944.14,61144.37,61793.47,37.030034
1635638400000,61793.47,62352.92,61535.1,61645.05,23.426202
1635652800000,61645.05,61688.05,61060.01,61312.91,32.2764
1635667200000,61312.91,61341.86,60270,60410.19,55.768529
1635681600000,60410.19,60737.18,60000,60468.25,52.491699
1635696000000,60468.25,60835.49,60179.37,60598.96,67.590173
1635710400000,60598.96,61553.75,60470.02,61241.16,29.535113
1635724800000,61241.16,61654.61,59660.97,59870.57,54.617707
1635739200000,59870.57,62281.12,59439.77,62130.23,57.232721
1635753600000,62130.23,62378.38,61624.03,61763.22,37.599466
1635768000000,61763.22,62155.37,61280.49,61499.93,40.838075
1635782400000,61499.93,61503.61,60322,61424.13,40.762337
1635796800000,61424.13,61424.13,60389.42,60839.3,50.449965
1635811200000,60839.3,61504.39,60577.52,61047.27,51.563416
1635825600000,61047.27,61800,61023.94,61479.09,39.992941
1635840000000,61479.09,63528.61,61321.13,62906.83,116.659367
1635854400000,62906.83,64270.92,62899.49,63994.2,83.857053
1635868800000,63994.2,64224.56,63200.01,63533.08,74.001606
1635883200000,63533.08,63545.51,62591.61,63182.5,50.846434
1635897600000,63182.5,63482.1,62723.91,63199.99,42.5705
1635912000000,63199.99,63483.12,62709.69,63370.24,41.022957
1635926400000,63370.24,63385.12,62870,63111.79,40.072959
1635940800000,63111.79,63129.99,61588.94,62157.16,108.084655
1635955200000,62157.16,63322.11,60373.11,62782.9,124.722409
1635969600000,62782.9,63194.17,62703.46,62899.86,57.450913
1635984000000,62899.86,63088.61,62200,62420.86,37.852003
1635998400000,62420.86,62830.25,61832.82,61837.94,48.238527
1636012800000,61837.94,62309.09,61242.02,61429.82,63.009202
1636027200000,61429.82,62344.28,60764.45,61014.99,64.074529
1636041600000,61014.99,61349.99,60676.02,61223.55,54.960217
1636056000000,61223.55,61531.26,60993.45,61382.1,23.097291
1636070400000,61382.1,62329.19,60800,62202.41,42.511657
1636084800000,62202.41,62566.94,61878,62128.44,44.329908
1636099200000,62128.44,62211.27,61158.85,61233.27,66.799099
1636113600000,61233.27,61889.09,60681.51,60755.94,90.005126
1636128000000,60755.94,61354.36,60697.68,61107.45,56.647091
1636142400000,61107.45,61312.68,60732.15,60947.75,36.28301
1636156800000,60947.75,61256.79,60826.28,61093.4,31.104705
1636171200000,61093.4,61550.78,60435.19,60706.03,114.406223
1636185600000,60706.03,61260.14,60055.01,60268.14,63.907595
1636200000000,60268.14,60690.8,60007.19,60576.88,62.334921
1636214400000,60576.88,61135.21,60361.7,61134.68,41.240159
1636228800000,61134.68,61448.11,61071.48,61428.16,35.753999
1636243200000,61428.16,62269.03,61300.03,62111.64,49.819928
1636257600000,62111.64,62250,61682.53,61732.3,23.197289
1636272000000,61732.3,62312.91,61465.34,61881.93,50.854939
1636286400000,61881.93,62098.33,61680.27,61917.23,44.770795
1636300800000,61917.23,62469.6,61910.08,62238.18,43.781964
1636315200000,62238.18,63254.16,62145.86,63239.98,62.468193
1636329600000,63239.98,65603.7,63239.98,65174.28,135.141677
1636344000000,65174.28,66300,65024.54,65900.92,113.974199
1636358400000,65900.92,66331.31,65573.3,65988.02,103.678102
1636372800000,65988.02,66436.88,65161.82,66344.53,96.146047
1636387200000,66344.53,66484,65737.57,65801.02,49.620461
1636401600000,65801.02,67728.2,65552.26,67465.37,131.223372
1636416000000,67465.37,68469.98,67070,68424,109.561381
1636430400000,68424,68441.08,67535.55,67742.6,106.800861
1636444800000,67742.6,68065.1,67217.2,67445.48,107.889916
1636459200000,67445.48,67997.74,66546.28,66644.99,150.924954
1636473600000,66644.99,67138.46,66150,66767,92.456796
1636488000000,66767,67757.77,66637.22,66893.63,75.74923
1636502400000,66893.63,67322.21,66342.74,66460.86,70.338442
1636516800000,66460.86,66692.02,66216.66,66393.3,52.354056
1636531200000,66393.3,67047.05,66325.65,66539.49,54.506773
1636545600000,66539.49,68967.21,65955,68311.13,223.616104
1636560000000,68311.13,68720.06,66530.89,66600,140.183671
1636574400000,66600,66979.49,62870.02,64892.02,365.448055
1636588800000,64892.02,65022.88,64100,64717.98,106.084385
1636603200000,64717.98,65361.8,64385.2,65203.44,71.076601
1636617600000,65203.44,65549.99,64542.8,65220.55,79.143182
1636632000000,65220.55,65419.9,64400,64757.14,126.06194
1636646400000,64757.14,65201.88,64506.56,65041.41,57.909064
1636660800000,65041.41,65259.09,64677.18,64719.44,61.418337
1636675200000,64719.44,65367.6,64022.01,64794.25,79.633686
1636689600000,64794.25,65030.33,64185.67,64421.3,67.148193
1636704000000,64421.3,64900,63500,63746.63,153.856352
1636718400000,63746.63,64176.31,62929,63160.74,156.93493
1636732800000,63160.74,64100.35,62304.06,63874.43,122.297205
1636747200000,63874.43,64496.97,63709.03,64114.27,53.701859
1636761600000,64114.27,64425.33,63593.72,63780.38,46.710198
1636776000000,63780.38,64110.65,63522.9,64014.94,30.431276
1636790400000,64014.94,64085.24,63333.93,63551.91,30.600439
1636804800000,63551.91,64798,63421.6,64637.05,78.792193
1636819200000,64637.05,64916.63,63820.99,63901.19,75.10758
1636833600000,63901.19,64515.97,63887.61,64365.7,46.560836
1636848000000,64365.7,65279.99,64365.7,64625.78,51.482773
1636862400000,64625.78,65128.95,64446.41,64603.46,56.124617
1636876800000,64603.46,64770.94,64044.04,64454.11,64.406476
1636891200000,64454.11,64786.02,64002.26,64073.97,78.401299
1636905600000,64073.97,64387.28,63594.01,64137.59,86.784475
1636920000000,64137.59,65498.64,64008.17,65475.82,78.004538
1636934400000,65475.82,66168.47,65465.78,65733.7,101.772897
1636948800000,65733.7,65884.44,65489.17,65533.15,56.737127
1636963200000,65533.15,66293.41,65232.93,65690,76.313367
1636977600000,65690,65899.99,64175.73,64271.85,118.888073
1636992000000,64271.85,64397.6,63610.8,64216.99,140.813724
1637006400000,64216.99,64216.99,63381.57,63569.18,75.21182
1637020800000,63569.18,63569.18,60457.01,60907.25,335.380394
1637035200000,60907.25,61535.01,60326,60801.09,184.518215
1637049600000,60801.09,61290.33,58568.65,60569,379.395125
1637064000000,60569,61385.99,60033.36,60687.57,183.984055
1637078400000,60687.57,60903.14,59755.53,60222.3,139.298635
1637092800000,60222.3,61118.69,59124.44,60104.47,136.573426
1637107200000,60104.47,60402.02,58555.55,59019.24,129.776057
1637121600000,59019.24,60099.99,58624.78,59671.32,172.750541
1637136000000,59671.32,60757.07,58352.31,60757.07,223.388372
1637150400000,60757.07,60757.07,59363.79,59624.57,138.520507
1637164800000,59624.57,60589.05,59415.17,60155.96,106.994477
1637179200000,60155.96,60486.1,59577.9,60300.53,98.549861
1637193600000,60300.53,60876.3,59840,59840,137.416068
1637208000000,59840,60044.23,59500,59722.56,129.037222
1637222400000,59722.56,59912.41,58947.29,59125.25,160.491696
1637236800000,59125.25,59852.51,57700.52,58062.95,267.036925
1637251200000,58062.95,58466.62,56581.42,57915.47,264.864588
1637265600000,57915.47,58468.43,56505,56930.86,144.078597
1637280000000,56930.86,57515.24,55637.6,55920.45,237.303787
1637294400000,55920.45,56539.99,55856.27,56013.77,127.237822
1637308800000,56013.77,57478.26,56013.77,57031.12,132.162307
1637323200000,57031.12,58182.76,56748.56,57904.61,181.576555
1637337600000,57904.61,58345.34,57744,58085.92,96.059005
1637352000000,58085.92,58140,57586.27,58081.7,61.589504
1637366400000,58081.7,58960,57987.56,58550.13,110.796508
1637380800000,58550.13,58821.21,58274.25,58412.79,54.213179
1637395200000,58412.79,58759.3,58330.19,58628.66,53.036018
1637409600000,58628.66,58832.31,57536,57600.82,94.406126
1637424000000,57600.82,59608.96,57399,59415.11,115.667196
1637438400000,59415.11,59844.27,59316.33,59696.54,57.721515
1637452800000,59696.54,59742.78,58570.53,58678.36,66.172126
1637467200000,58678.36,59238.44,58583.45,58999.98,60.206655
1637481600000,58999.98,59340.92,58544.02,58710.42,111.767005
1637496000000,58710.42,59271.91,58672.08,59219.52,115.662308
1637510400000,59219.52,60000,59136,59300.46,97.150021
1637524800000,59300.46,59657.71,58560.02,58658.24,86.049782
1637539200000,58658.24,58742.79,57018.88,57391.85,138.105391
1637553600000,57391.85,57751.15,56813.09,57287.78,93.424132
1637568000000,57287.78,57839.79,57004.51,57186.77,88.374101
1637582400000,57186.77,59398.99,56590.01,58177.2,181.389654
1637596800000,58177.2,58225.62,55815.74,55932.87,181.714392
1637611200000,55932.87,56713.08,55625.01,56274.98,139.957968
1637625600000,56274.98,57263.77,55963.82,56985.05,199.795859
1637640000000,56985.05,57064.46,55888,56068.92,45.923529
1637654400000,56068.92,57980,55378.73,56112.49,200.848871
1637668800000,56112.49,57771.22,56112.49,56899.49,96.131234
1637683200000,56899.49,57857.61,56899.49,57829.74,129.958717
1637697600000,57829.74,57857.61,57352.28,57571.52,56.816773
1637712000000,57571.52,57742.92,56174,56404.69,95.720012
1637726400000,56404.69,56779.49,56259.54,56513.12,54.971142
1637740800000,56513.12,57415.75,56360,56632.83,45.388277
1637755200000,56632.83,57150,55904.28,56755.1,87.86803
1637769600000,56755.1,57123.9,56500,56845.23,99.815091
1637784000000,56845.23,57470,56742.02,57165.63,121.127979
1637798400000,57165.63,58281.84,57129.61,57720,125.438034
1637812800000,57720,57795.73,57000,57643.99,88.287599
1637827200000,57643.99,58464.03,57337.28,57986.4,94.39673
1637841600000,57986.4,59105.3,57899.89,59032.26,118.332167
1637856000000,59032.26,59378.73,58669.22,58842.42,71.336792
1637870400000,58842.42,59277.32,58508.3,58874.68,64.399572
1637884800000,58874.68,59124.89,57870,57902.74,119.961551
1637899200000,57902.74,57997.46,56648.58,56950.97,105.202268
1637913600000,56950.97,56950.97,53692.31,53730.27,605.109496
1637928000000,53730.27,54869.99,53500,54351.05,299.178604
1637942400000,54351.05,54653.69,53961.07,54332.79,113.415882
1637956800000,54332.79,54572.33,53523.06,53730.45,110.990224
1637971200000,53730.45,54616.68,53636.89,54377.07,98.360318
1637985600000,54377.07,54599.98,54229.84,54403.89,61.51013
1638000000000,54403.89,55279.63,54330.97,54612.62,79.531418
1638014400000,54612.62,55217.48,54501.87,54911.23,88.406265
1638028800000,54911.23,55200.18,54661.53,54935.43,64.26048
1638043200000,54935.43,55050,54005.44,54748.69,88.833219
1638057600000,54748.69,54819.99,53696.18,54100,117.856429
1638072000000,54100,54602.57,53935.11,54525.2,59.888817
1638086400000,54525.2,54931,54141.4,54486,58.940078
1638100800000,54486,54626.64,54048.19,54286.08,72.092704
1638115200000,54286.08,54950,53272.61,54614.86,169.768599
1638129600000,54614.86,57419.85,54614.86,57276.97,240.918256
1638144000000,57276.97,58228.96,57131.12,57330.88,150.271409
1638158400000,57330.88,57657.86,57194.28,57495.03,67.498369
1638172800000,57495.03,57592.21,56681.05,56865.99,90.390479
1638187200000,56865.99,57464.96,56831.8,57112.33,110.310485
1638201600000,57112.33,58818.26,57003.16,57833.58,207.377823
1638216000000,57833.58,58378.36,57683.08,57749.68,71.191509
1638230400000,57749.68,57953.88,56796,57077.34,123.577153
1638244800000,57077.34,57246.81,55898.52,56466.68,168.015685
1638259200000,56466.68,57689.83,56251.56,57580.64,131.145197
1638273600000,57580.64,59160.16,57198.84,57198.84,230.850781
1638288000000,57198.84,58326.09,56480.22,57587.91,233.716408
1638302400000,57587.91,57760.23,56738.64,56891.82,106.294528
1638316800000,56891.82,57667.42,56640.25,57352.35,111.894629
1638331200000,57352.35,57386.31,56636.21,57047.82,127.094501
1638345600000,57047.82,57757.55,56688.34,57109.88,150.440253
1638360000000,57109.88,58727.99,56925.29,58560.22,235.58501
1638374400000,58560.22,58937.15,56947.38,57378,239.533615
1638388800000,57378,57421.53,56435.68,57171.49,159.561442
1638403200000,57171.49,57338.94,55755.58,56292.06,142.846709
1638417600000,56292.06,56932.4,56201.65,56768.02,95.327186
1638432000000,56768.02,57144.4,56046.33,56298.22,152.859365
1638446400000,56298.22,57326.37,55975.35,56455.75,191.353807
1638460800000,56455.75,56890.95,55986.29,56582.07,119.029039
1638475200000,56582.07,57169.6,56335.84,56452.9,104.807282
1638489600000,56452.9,56716.37,56049.04,56262.99,129.060057
1638504000000,56262.99,56982.23,56206.18,56678.04,109.740046
1638518400000,56678.04,57285,56401.78,56957,152.917787
1638532800000,56957,57550,55715.99,55929.2,225.215313
1638547200000,55929.2,55929.2,53728.01,53828.29,352.990412
1638561600000,53828.29,54047.69,51662.51,53650,446.401204
1638576000000,53650,53850.19,51984.46,51994.29,153.652933
1638590400000,51994.29,52604.9,42356.01,47240.92,846.829924
1638604800000,47240.92,47922,46188.29,46547.56,445.068095
1638619200000,46547.56,48575.16,46547.56,48242.19,300.681636
1638633600000,48242.19,49470,47800.03,49328.1,477.386606
1638648000000,49328.1,49498.99,48551.35,49202.39,347.646879
1638662400000,49202.39,49719.62,48391.29,49206.42,203.79315
1638676800000,49206.42,49670.01,48850.01,49308.28,126.590649
1638691200000,49308.28,49555.44,48749.54,49203.63,134.038139
1638705600000,49203.63,49600,47750,47941.92,355.158799
1638720000000,47941.92,49326.14,47900.04,48897.21,224.85504
1638734400000,48897.21,49500,48506.49,49371.16,184.791403
1638748800000,49371.16,49423.64,48284.9,49000,197.102831
1638763200000,49000,49234.5,47730.53,48379.69,145.201495
1638777600000,48379.69,49370,47070,48537.38,392.106996
1638792000000,48537.38,48931.24,47807.67,48931.24,277.466731
1638806400000,48931.24,49333.14,48639.32,49063.03,173.176453
1638820800000,49063.03,50848.55,48743.98,50446.86,227.463995
1638835200000,50446.86,51350,50304.96,50905.28,228.257383
1638849600000,50905.28,51301.72,50796.32,50901.6,134.830981
1638864000000,50901.6,51501.15,50827.14,51456.19,153.215625
1638878400000,51456.19,51899.24,50624.79,51676.96,251.803039
1638892800000,51676.96,51825.42,50680,50870.84,179.872241
1638907200000,50870.84,50994.83,50017.12,50573.81,175.519713
1638921600000,50573.81,50785.88,50091.15,50114.53,126.604496
1638936000000,50114.53,50691.02,50070.01,50467.88,117.775758
1638950400000,50467.88,50614.92,48835.74,49182.41,205.89893
1638964800000,49182.41,51195.24,48600,50630.09,234.793364
1638979200000,50630.09,50839.9,50071.67,50420.64,115.135551
1638993600000,50420.64,50844.11,50080.83,50438.98,81.424976
1639008000000,50438.98,50765.97,49432.29,49521.23,147.790378
1639022400000,49521.23,50324.83,49214.5,50010.72,100.596163
1639036800000,50010.72,50014.95,48900.56,49178.99,164.045728
1639051200000,49178.99,49590.92,48100.01,48478.74,199.507953
1639065600000,48478.74,48845.14,47501.01,47639.42,177.001102
1639080000000,47639.42,48450.69,47340.74,47578.87,186.960019
1639094400000,47578.87,48789.25,47474.22,48391.44,170.538327
1639108800000,48391.44,48584.22,47565.09,47655.04,153.716378
1639123200000,47655.04,48727.06,47627.61,48707.93,143.979061
1639137600000,48707.93,50069,47741.08,47942.55,365.374378
1639152000000,47942.55,48300,47251,48102.94,248.523639
1639166400000,48102.94,48500,46904.44,47185.58,179.513841
1639180800000,47185.58,48651.56,46780,48318.3,185.845786
1639195200000,48318.3,48879.39,47810.27,48057.01,134.315751
1639209600000,48057.01,48889,47880.53,48241.48,88.651927
1639224000000,48241.48,48898.99,48189,48760,82.038885
1639238400000,48760,49270,48399.02,48407.28,79.852922
1639252800000,48407.28,49486.18,48404.44,49363.33,67.373049
1639267200000,49363.33,49669.77,49026.91,49315.15,78.266255
1639281600000,49315.15,49358.41,48830.16,49319.58,66.565697
1639296000000,49319.58,49381.8,48664.25,49157.99,114.999256
1639310400000,49157.99,49938.68,49113.75,49626.44,115.235174
1639324800000,49626.44,50778,49513.09,50196.25,179.918795
1639339200000,50196.25,50522.5,49873.84,50068.01,78.382879
1639353600000,50068.01,50175.57,48461.47,48854.78,180.146816
1639368000000,48854.78,49315.79,48619.73,48733,128.483685
1639382400000,48733,49188.85,48123.45,48861.83,147.538415
1639396800000,48861.83,49015.32,47015,47253.86,298.921245
1639411200000,47253.86,47930.59,45782.44,46721.6,425.551116
1639425600000,46721.6,47317.02,46251.36,46692.89,219.930118
1639440000000,46692.89,47213.69,46294.56,46956.68,166.165905
1639454400000,46956.68,47183.35,46325,46971.77,130.916025
1639468800000,46971.77,47757.09,46795.44,47610.28,176.688193
1639483200000,47610.28,47952.34,46627.13,46842.38,195.657349
1639497600000,46842.38,47134.56,46450.1,46837.91,141.941053
1639512000000,46837.91,48646.96,46837.91,48361.9,197.57914
1639526400000,48361.9,48751.69,47862.7,48260.37,182.312756
1639540800000,48260.37,48429.04,47930.02,48210.05,153.462198
1639555200000,48210.05,48759.95,48085.85,48146.32,146.339453
1639569600000,48146.32,48299.98,46601,46639.63,256.482288
1639584000000,46639.63,49261.07,46553.63,48653.32,435.415431
1639598400000,48653.32,49473.92,48541.28,48864.41,238.826618
1639612800000,48864.41,49250,48730.68,48833.75,104.676221
1639627200000,48833.75,49014.01,48504.3,48731.75,104.462063
1639641600000,48731.75,49432.45,48622.15,49192.21,118.525386
1639656000000,49192.21,49249.81,48285.28,48596.96,185.885449
1639670400000,48596.96,48694.56,47700,47899.61,108.29187
1639684800000,47899.61,48395.1,47536.12,47635.25,56.69741
1639699200000,47635.25,48003.49,47428.01,47781.69,46.792963
1639713600000,47781.69,47982.1,46776.11,47030.54,109.134427
1639728000000,47030.54,47299.99,46782.21,47119.99,112.79804
1639742400000,47119.99,47357.25,45486.65,46522.77,214.912579
1639756800000,46522.77,47453.67,46438.5,46761,221.98068
1639771200000,46761,47078.06,45573.45,46176.1,179.533975
1639785600000,46176.1,46528.38,45510.91,46334.67,182.645592
1639800000000,46334.67,46861.63,46085.79,46379.43,88.463268
1639814400000,46379.43,47340.29,46210.66,47082.45,88.997613
1639828800000,47082.45,47208.05,46591.85,46862.77,105.656441
1639843200000,46862.77,46989.22,46340.55,46622.81,60.81268
1639857600000,46622.81,47102.21,46540.78,46849.19,54.240738
1639872000000,46849.19,47985.18,46437.15,47722.99,209.196361
1639886400000,47722.99,48066.42,47428.11,47507.06,130.929007
1639900800000,47507.06,47618.96,46805.18,47131.26,110.786595
1639915200000,47131.26,48304.83,46885.54,47211.96,197.183362
1639929600000,47211.96,47468.12,46589.46,46634.32,57.091379
1639944000000,46634.32,47546.55,46495.61,46681.75,153.330236
1639958400000,46681.75,47196.23,46239.36,46692.76,141.182838
1639972800000,46692.76,47031.18,46122.43,46442.01,112.57077
1639987200000,46442.01,46557.23,45776.24,46077.92,139.134189
1640001600000,46077.92,46306,45566.01,45970.73,160.723087
1640016000000,45970.73,46693.42,45880,46590.76,94.388798
1640030400000,46590.76,47500,46590.76,46910.34,96.947326
1640044800000,46910.34,48076.38,46651.17,47932.89,101.00914
1640059200000,47932.89,48806.53,47932.89,48543.5,341.225799
1640073600000,48543.5,49003.21,48431.39,48876.46,147.339651
1640088000000,48876.46,49318.01,48277.47,48412.46,333.774513
1640102400000,48412.46,48832.04,48314.36,48605.57,70.200151
1640116800000,48605.57,49288.87,48463.73,48901.71,78.920559
1640131200000,48901.71,49554,48604,49245.29,131.976363
1640145600000,49245.29,49335.59,48922.97,49226.2,157.955691
1640160000000,49226.2,49534.14,48850,48978.39,131.058023
1640174400000,48978.39,49113.71,48421.5,48891.94,162.677058
1640188800000,48891.94,49231.48,48501.01,48912.58,123.683643
1640203200000,48912.58,49138.7,48550.01,48596.73,104.185999
1640217600000,48596.73,48724.86,48031.06,48515.98,118.917401
1640232000000,48515.98,48567.52,48050,48119.48,125.273487
1640246400000,48119.48,48526.58,48065.25,48367.39,68.288596
1640260800000,48367.39,48853.53,48330.36,48820.01,152.242554
1640275200000,48820.01,51345.67,48674.28,51117.21,631.83472
1640289600000,51117.21,51161.87,50535.49,50787.05,355.833971
1640304000000,50787.05,51506.85,50649.02,51026.86,299.980811
1640318400000,51026.86,51144.15,50746.22,50999.99,77.914871
1640332800000,50999.99,51480,50872.64,50993.76,236.99449
1640347200000,50993.76,51230.86,50415.59,50949.04,258.114252
1640361600000,50949.04,51822.46,50745.69,51118.74,332.212293
1640376000000,51118.74,51217.08,50490.19,50811.54,317.738802
1640390400000,50811.54,51118.31,50600.25,50814.69,192.737739
1640404800000,50814.69,51081.35,50657.73,50920.52,208.288158
1640419200000,50920.52,50993.26,50551.65,50667.96,205.524833
1640433600000,50667.96,50931.87,50641.7,50650.01,168.828946
1640448000000,50650.01,51127.04,50189,50903.47,379.819355
1640462400000,50903.47,51075.72,50350.01,50404.25,291.897769
1640476800000,50404.25,50666.95,49625.27,49663.61,323.392234
1640491200000,49663.61,49966.03,49620.96,49934.52,95.578299
1640505600000,49934.52,50171.55,49420.41,49754.61,193.843391
1640520000000,49754.61,50256.47,49658.45,50047.03,131.581777
1640534400000,50047.03,50455.18,50033.25,50352.65,135.935116
1640548800000,50352.65,51266.53,49916.83,50771.79,326.989426
1640563200000,50771.79,51120.05,50469.73,51004.57,301.151851
1640577600000,51004.57,51091.85,50655.46,50693.05,246.05933
1640592000000,50693.05,50900,50500,50760.53,185.744967
1640606400000,50760.53,51679.42,50580.04,51441.61,421.314437
1640620800000,51441.61,52072.17,51200,51200,399.662131
1640635200000,51200,51353.69,50625.49,50674.5,327.583404
1640649600000,50674.5,50697.77,49522.67,49833.36,657.066768
1640664000000,49833.36,49833.36,48686.05,49259.17,610.845522
1640678400000,49259.17,49460.49,48801.01,49219.47,604.299903
1640692800000,49219.47,49395.26,48300,48967.77,579.801611
1640707200000,48967.77,48992.71,47325.65,47730.89,991.358588
1640721600000,47730.89,48059.01,47356.61,47540,513.720945
1640736000000,47540,48152.43,47464.03,48016.41,380.563417
1640750400000,48016.41,48068.47,47535.76,47569.37,277.956237
1640764800000,47569.37,48092.38,47419.84,47732.52,462.539206
1640779200000,47732.52,48033.12,46602.46,47971.19,740.117982
1640793600000,47971.19,48050.59,47041.45,47159.19,436.278354
1640808000000,47159.19,47716.21,46086.15,46479.27,531.603857
1640822400000,46479.27,46847.87,45959.84,46500.69,458.668228
1640836800000,46500.69,47120.03,46500.02,47000,201.645099
1640851200000,47000,47578.47,46707.11,47527.61,113.988447
1640865600000,47527.61,47734.3,47121.13,47152.55,232.579432
1640880000000,47152.55,47907.73,47103.88,47567.12,244.376416
1640894400000,47567.12,47684.67,46744.15,47117.73,244.732484
1640908800000,47117.73,47400,46823.86,47210.01,351.55711
1640923200000,47210.01,47550.5,46832.35,47175.06,277.447233
1640937600000,47175.06,48587.71,47082.19,47984.34,449.899129
1640952000000,47984.34,48164.37,47854.32,47946.71,229.521345
1640966400000,47946.71,48109.34,45683.51,45717.67,421.574497
1640980800000,45717.67,46568.19,45668.58,46198.56,230.621546
1640995200000,46198.56,46944.6,46198.56,46814.07,243.949224
1641009600000,46814.07,47544.29,46629.43,47213.8,248.093729
1641024000000,47213.8,47333.59,46720.97,46756.46,245.918892
1641038400000,46756.46,47470,46756.46,47217.89,130.673553
1641052800000,47217.89,47949.99,47203.8,47333.2,204.808615
1641067200000,47333.2,47802.98,47229.23,47729.81,194.405824
1641081600000,47729.81,47754.69,47268.52,47323.52,223.579774
1641096000000,47323.52,47417.4,46775.4,47173.11,213.791541
1641110400000,47173.11,47460,46971.39,47229.23,164.579322
1641124800000,47229.23,47439.63,47004.44,47340.51,215.137402
1641139200000,47340.51,47974.43,46666,46922.91,229.781723
1641153600000,46922.91,47466.72,46820.15,47286.53,120.24451
1641168000000,47286.53,47289.37,46731.27,46793.75,225.474
1641182400000,46793.75,47195.91,46750.34,47068.89,154.278408
1641196800000,47068.89,47460.26,46773.97,47376.67,243.238381
1641211200000,47376.67,47569.18,46612.44,46683.78,235.891658
1641225600000,46683.78,46804.66,46285.08,46384.48,249.348595
1641240000000,46384.48,46570.79,45727.44,46450.57,222.812976
1641254400000,46450.57,46535.49,45956.18,46344.77,181.869356
1641268800000,46344.77,46573.7,46019.2,46549.99,179.526003
1641283200000,46549.99,46773.52,46291.7,46733.57,223.973849
1641297600000,46733.57,47517.97,46430.87,46893.14,177.497046
1641312000000,46893.14,46968.74,45572.35,46041.84,197.587725
1641326400000,46041.84,46412.93,45763.03,45828.49,199.576538
1641340800000,45828.49,46546.34,45722,46424.18,212.805936
1641355200000,46424.18,46520.25,46243.63,46405.95,129.493046
1641369600000,46405.95,47045.55,46028.01,46192.61,287.185675
1641384000000,46192.61,46803.58,45885.42,46617.32,282.749008
1641398400000,46617.32,46667.71,44500,44687.22,296.739968
1641412800000,44687.22,44825.35,42518.73,43419.31,473.66069
1641427200000,43419.31,43782.71,42825.99,42839.45,291.82805
1641441600000,42839.45,43276.56,42598,43251.52,171.378163
1641456000000,43251.52,43270.06,42434.63,42855.92,176.427215
1641470400000,42855.92,43235.21,42640.91,42946.87,404.118468
1641484800000,42946.87,43500,42762.33,43441.6,415.372353
1641499200000,43441.6,43585,43009.99,43097.54,288.666992
1641513600000,43097.54,43140.22,41600,41821.35,355.955668
1641528000000,41821.35,41967.87,41020.01,41723.22,316.088188
1641542400000,41723.22,42744.63,41632.01,42255.78,246.752448
1641556800000,42255.78,42747.71,40625,41324.93,556.453342
1641571200000,41324.93,42293.65,40944.08,41748.41,326.609351
1641585600000,41748.41,42053.92,41354.47,41550,98.27828
1641600000000,41550,42251.49,41550,41791.56,126.027772
1641614400000,41791.56,41999.45,41737.3,41939.42,57.003061
1641628800000,41939.42,42188.21,41771.15,41940.09,76.920249
1641643200000,41940.09,42053.49,41468.57,41615.06,120.332381
1641657600000,41615.06,41722.75,40521.62,40803.42,219.136908
1641672000000,40803.42,42300,40719.65,41676.13,132.508989
1641686400000,41676.13,42186.64,41383.48,41828.53,113.814763
1641700800000,41828.53,42097.79,41669.86,41792.72,40.265839
1641715200000,41792.72,41959.94,41407.16,41875.49,96.582696
1641729600000,41875.49,41928.98,41215.49,41627.39,129.2451
1641744000000,41627.39,42719.77,41568.79,42694,154.612223
1641758400000,42694,42775.7,41762,41855.61,118.987684
1641772800000,41855.61,42034.03,41595.45,41972.93,85.743155
1641787200000,41972.93,42239.21,41829.12,42049.92,68.567676
1641801600000,42049.92,42103.51,41463.21,41549.99,120.858477
1641816000000,41549.99,41603.14,39655.01,40997.09,657.21284
1641830400000,40997.09,42141.34,40578.8,41264.96,362.093915
1641844800000,41264.96,41977.19,41175.59,41819.2,94.844357
1641859200000,41819.2,42383.44,41546.24,42267.16,139.403136
1641873600000,42267.16,42347.37,41975.93,42210.74,85.715263
1641888000000,42210.74,42600,41580.09,41830.22,170.800758
1641902400000,41830.22,42249.99,41261.08,41729.67,195.150361
1641916800000,41729.67,43091.27,41681.78,42982.93,490.774348
1641931200000,42982.93,43107.79,42613.39,42725.58,167.592489
1641945600000,42725.58,42964.73,42450,42594.75,91.94628
1641960000000,42594.75,42851.26,42470.99,42562.67,77.372428
1641974400000,42562.67,43421,42511.42,42935.15,170.035702
1641988800000,42935.15,44062.05,42877.35,43547.31,468.260592
1642003200000,43547.31,43886.05,43330,43744.31,219.543419
1642017600000,43744.31,44291.32,43635.41,43907.95,199.600929
1642032000000,43907.95,44040.42,43428,43508.28,123.011651
1642046400000,43508.28,43798.08,43488.57,43701.17,73.545092
1642060800000,43701.17,44012.75,43520.11,43606.81,96.640084
1642075200000,43606.81,44414.76,42873.02,43194.72,308.012293
1642089600000,43194.72,43465.57,42531.07,42693.42,255.830006
1642104000000,42693.42,42891.69,42312.4,42570.32,152.37471
1642118400000,42570.32,42785.1,42373.82,42635.08,121.093876
1642132800000,42635.08,42968.48,42596.29,42631.11,138.90775
1642147200000,42631.11,42689.99,41830.79,42007.74,247.716618
1642161600000,42007.74,43315.42,41761.01,43082.18,402.430348
1642176000000,43082.18,43400.58,42776.01,43092.28,128.335931
1642190400000,43092.28,43443.07,43002.76,43067.32,81.746451
1642204800000,43067.32,43174.67,42876.15,42942.71,62.09362
1642219200000,42942.71,43098.76,42741.64,43073.47,65.843541
1642233600000,43073.47,43288,42891,43017.75,94.799106
1642248000000,43017.75,43410.54,42550.01,43398.51,258.164732
1642262400000,43398.51,43600,43240.83,43530.19,64.026788
1642276800000,43530.19,43791.34,43070,43070,128.527849
1642291200000,43070,43150.82,42857.63,42976.98,93.399469
1642305600000,42976.98,43266.92,42885.56,43204.63,78.66704
1642320000000,43204.63,43308.38,42779.36,42977.32,118.026473
1642334400000,42977.32,43423.33,42600,43219.21,151.301274
1642348800000,43219.21,43477.37,42801.28,42827.04,76.939364
1642363200000,42827.04,43258.66,42759.11,43080.24,49.285185
1642377600000,43080.24,43177.52,42625.78,42631.11,96.480907
1642392000000,42631.11,42954.84,42352.33,42653.63,95.442587
1642406400000,42653.63,42895.59,42567.02,42661.3,55.116046
1642420800000,42661.3,42775.85,42389.35,42477.26,130.73695
1642435200000,42477.26,42528.72,41840.98,42238.14,215.32967
1642449600000,42238.14,42364.99,41545.35,42203.61,243.797932
1642464000000,42203.61,42432.95,41970.8,42036.4,137.405318
1642478400000,42036.4,42332.98,41891.23,42047.98,112.593517
1642492800000,42047.98,42049.46,41476.57,41864.91,201.406759
1642507200000,41864.91,41950,41287.08,41578.02,274.41216
1642521600000,41578.02,41780.35,41380.85,41696.2,172.624453
1642536000000,41696.2,42666.35,41509.37,42361.25,209.359931
1642550400000,42361.25,42500,41584.64,41705.26,143.531173
1642564800000,41705.26,41840.86,41180.29,41270.21,205.607906
1642579200000,41270.21,42169.15,41139.25,42035.04,272.221458
1642593600000,42035.04,42550.44,41830.73,41983.87,296.686203
1642608000000,41983.87,42338.73,41679.07,41899.82,216.411604
1642622400000,41899.82,41980.29,41551.59,41650.45,141.100214
1642636800000,41650.45,42063.46,41641.9,41929.17,112.093737
1642651200000,41929.17,42143.21,41775.51,42058.93,63.634501
1642665600000,42058.93,42220.2,41816.28,42137.1,68.447146
1642680000000,42137.1,43441.35,41924.96,43288,364.496773
1642694400000,43288,43499.98,42813.26,42896.21,193.788094
1642708800000,42896.21,42978.38,40580,40700,541.726022
1642723200000,40700,41104.67,38261.1,38488,563.708703
1642737600000,38488,39170.52,38450,39130.76,196.01734
1642752000000,39130.76,39275,38678.15,38895.96,233.39539
1642766400000,38895.96,39028.01,37707.33,38856.36,657.757356
1642780800000,38856.36,39054.32,37823.49,37973.61,280.751421
1642795200000,37973.61,38457.96,35457,36443.48,984.444211
1642809600000,36443.48,36831.94,36013.05,36319.61,267.997956
1642824000000,36319.61,36410.4,35118.45,35408.8,469.962877
1642838400000,35408.8,35900,34021.01,35393.54,635.862828
1642852800000,35393.54,36168.75,34813.08,34831.37,276.091662
1642867200000,34831.37,35483.18,34241.66,34522.99,283.478779
1642881600000,34522.99,35690.84,34430.9,35047.73,217.874482
1642896000000,35047.73,35519.26,34810.63,35071.42,128.148175
1642910400000,35071.42,35759.48,34950,35574.31,110.67538
1642924800000,35574.31,36137.47,35358.5,35676.2,133.764716
1642939200000,35676.2,36084.94,35059.77,35284.95,132.886743
1642953600000,35284.95,35441.89,34629.61,34776.3,131.203068
1642968000000,34776.3,36499,34727.2,36266.26,149.80806
1642982400000,36266.26,36266.26,35168.95,35337.37,90.87168
1642996800000,35337.37,35480.21,34817.87,34873.29,109.243284
1643011200000,34873.29,35539.69,33037.48,33703.24,691.989778
1643025600000,33703.24,34362.15,32961.52,34230.66,667.108041
1643040000000,34230.66,36422.78,33780.01,36067.65,618.461107
1643054400000,36067.65,37540.2,35957.4,36667.55,346.12866
1643068800000,36667.55,36667.55,35910,36415.73,132.999737
1643083200000,36415.73,36485.29,35715.71,36045.84,97.043588
1643097600000,36045.84,36786.05,36004.33,36422.18,210.045973
1643112000000,36422.18,37132.91,35978.2,36518.7,306.510846
1643126400000,36518.7,37529.98,36506.48,37127.14,227.651788
1643140800000,37127.14,37127.14,36413.23,36953.45,147.555097
1643155200000,36953.45,37500,36553.43,37391.47,133.561943
1643169600000,37391.47,37989.73,37150,37324.25,158.486217
1643184000000,37324.25,38221.82,37324.25,38070.97,193.954656
1643198400000,38070.97,38488.98,37525,37992.78,273.909689
1643212800000,37992.78,38903.48,37282.64,37567.61,301.866885
1643227200000,37567.61,37567.61,36256.91,36817.96,405.821631
1643241600000,36817.96,37074.6,35513.34,35748,263.188939
1643256000000,35748,36288.33,35697.81,36171.79,140.027013
1643270400000,36171.79,36789.54,35838.37,36693.85,212.09724
1643284800000,36693.85,37200,36480.03,36647.96,198.838943
1643299200000,36647.96,36767.52,35891.51,36209.21,216.892258
1643313600000,36209.21,37213.11,35531.63,37200.09,270.565291
1643328000000,37200.09,37477.62,36631.49,37350.39,196.282793
1643342400000,37350.39,37491.69,36795.22,36795.22,185.465345
1643356800000,36795.22,36880.73,36306.11,36430,164.55287
1643371200000,36430,37306.93,36163.56,37192.96,333.913161
1643385600000,37192.96,37368.99,36767.44,37217.23,195.343674
1643400000000,37217.23,37990,37129.48,37711.78,233.00369
1643414400000,37711.78,37982.71,37446.51,37728.83,77.177758
1643428800000,37728.83,37922.15,37601.11,37838.01,49.600713
1643443200000,37838.01,37913.27,37594.72,37727.63,88.107092
1643457600000,37727.63,38214.67,37310,37567.54,294.096657
1643472000000,37567.54,37948.21,37321.6,37852.61,131.636098
1643486400000,37852.61,38749.93,37838,38148.85,194.810864
1643500800000,38148.85,38266.08,37757,37923.36,75.349732
1643515200000,37923.36,38293.87,37904.75,38246.37,71.010767
1643529600000,38246.37,38377.14,37818.42,38115.75,118.74253
1643544000000,38115.75,38137.69,37722.94,37955.99,90.142832
1643558400000,37955.99,38050.4,37440.96,37514.72,140.028962
1643572800000,37514.72,38272.1,37360.14,37944.21,157.219666
1643587200000,37944.21,37952.35,36655,37024.93,237.92242
1643601600000,37024.93,37194.59,36808.8,37115.45,96.276855
1643616000000,37115.45,37337.49,36899.33,37256.9,172.768335
1643630400000,37256.9,37892.05,36783.22,37705.81,342.554147
1643644800000,37705.81,38742.68,37674.41,38427.34,368.965809
1643659200000,38427.34,38768.13,38249.78,38454.49,204.053925
1643673600000,38454.49,38648.77,38172.57,38596.15,208.769359
1643688000000,38596.15,38652.46,38241.73,38438.86,127.58969
1643702400000,38438.86,39073.74,37978.46,38442.95,345.330453
1643716800000,38442.95,39000,38188.44,38626.17,335.622438
1643731200000,38626.17,39274.99,38338.56,38370.83,207.001893
1643745600000,38370.83,38877.18,38363.44,38697.45,80.041203
1643760000000,38697.45,38858.16,38377.73,38545.02,116.660901
1643774400000,38545.02,38551.84,38196.09,38270,108.294482
1643788800000,38270,38590.33,38230.11,38502.49,130.221069
1643803200000,38502.49,38754.38,37327.81,37412.93,434.079185
1643817600000,37412.93,37660.98,37074.39,37562.34,253.184277
1643832000000,37562.34,37671.61,36606.09,36898.91,200.525763
1643846400000,36898.91,37049.06,36739.56,36820.74,134.37228
1643860800000,36820.74,37083.85,36783.33,37030.05,75.422267
1643875200000,37030.05,37100,36285.52,36767.88,260.830172
1643889600000,36767.88,36972.64,36244.75,36913.56,223.910788
1643904000000,36913.56,37100,36432.8,36553.31,160.377903
1643918400000,36553.31,37421.07,36264.23,37306.64,138.824929
1643932800000,37306.64,37445.59,37032.29,37308.24,120.368416
1643947200000,37308.24,38199.99,37258.01,37855.87,189.153341
1643961600000,37855.87,38221.96,37800,37800.74,189.548322
1643976000000,37800.74,39824.98,37299.05,39466.27,558.028743
1643990400000,39466.27,40897.82,39442.39,40732.33,366.264877
1644004800000,40732.33,41703.3,40374.4,41549.33,292.25714
1644019200000,41549.33,41900,41168.36,41446.32,393.241608
1644033600000,41446.32,41734.28,41364.89,41378.72,186.252507
1644048000000,41378.72,41654.35,41199.67,41431.94,152.658205
1644062400000,41431.94,41896.5,41331.06,41767.69,152.163896
1644076800000,41767.69,41844.07,40933.97,41531.7,137.808255
1644091200000,41531.7,41750,41340.68,41369.52,70.672269
1644105600000,41369.52,41632.44,41339.97,41436.39,67.198692
1644120000000,41436.39,41710.15,41316.25,41623.17,110.801694
1644134400000,41623.17,41688.37,41439.18,41520.37,110.047515
1644148800000,41520.37,42195.17,41124.86,41507.64,177.059943
1644163200000,41507.64,41741.57,41420.37,41723.29,56.019785
1644177600000,41723.29,42669.98,41500,42377.65,175.698952
1644192000000,42377.65,42930.81,41653.86,42826.21,340.323337
1644206400000,42826.21,43000,42550.35,42722.87,260.703818
1644220800000,42722.87,42760.13,42235.13,42720,204.565403
1644235200000,42720,43888,42497,43838.26,355.639629
1644249600000,43838.26,44480,43483.81,44246.73,394.993997
1644264000000,44246.73,44426.21,43741.48,43823.01,264.426456
1644278400000,43823.01,44184.52,43552.81,44179.41,236.086871
1644292800000,44179.41,45470,44082.02,44880.32,386.880256
1644307200000,44880.32,44910.62,43525.63,43977.5,305.966431
1644321600000,43977.5,43985.89,42911.53,43431.39,369.722031
1644336000000,43431.39,43651.81,42666,42996.97,397.431799
1644350400000,42996.97,44384.66,42934.88,44027.52,395.06855
1644364800000,44027.52,44300,43117.81,43339.02,302.145352
1644379200000,43339.02,43897.29,43132.02,43789.71,208.110381
1644393600000,43789.71,43930.93,43190.06,43707.17,325.583618
1644408000000,43707.17,44466.74,43644.36,43868.6,444.410098
1644422400000,43868.6,44700,43627.19,44462.35,291.413995
1644436800000,44462.35,44799.1,44236.34,44374.57,277.49642
1644451200000,44374.57,44392.37,43580.48,43771.49,321.01294
1644465600000,43771.49,44113.95,43584.38,44075.12,198.263174
1644480000000,44075.12,45160,44066.78,44820.84,360.126722
1644494400000,44820.84,45645.96,43200,44930.13,795.649527
1644508800000,44930.13,45799,44317.91,44331.55,588.826481
1644523200000,44331.55,44587.15,43341.97,43486.15,351.650196
1644537600000,43486.15,43731.36,42620.79,43337.93,493.595635
1644552000000,43337.93,43418.74,42800,43351.12,277.13498
1644566400000,43351.12,43598.01,42877.93,43354.46,292.797078
1644580800000,43354.46,43913.02,43253.92,43662.61,393.076361
1644595200000,43662.61,43755.79,42025.81,42738.44,436.955266
1644609600000,42738.44,42852.29,41962.86,42373.25,289.718082
1644624000000,42373.25,42475.72,42160.82,42288.93,70.09576
1644638400000,42288.93,42425.11,41759,42117.39,102.264366
1644652800000,42117.39,42442.51,41895.16,42389.53,88.30631
1644667200000,42389.53,42432.56,41801.35,42108.66,129.014961
1644681600000,42108.66,42990.12,41989.01,42638.98,196.350713
1644696000000,42638.98,42755.22,41737.59,42208.29,116.20722
1644710400000,42208.29,42500,42054.02,42218.16,48.716684
1644724800000,42218.16,42449.99,42114.02,42402.65,50.128428
1644739200000,42402.65,42639.99,42253.26,42469.88,76.833695
1644753600000,42469.88,42750,42188.77,42566.42,233.348271
1644768000000,42566.42,42583.94,41871.01,42023.05,204.586393
1644782400000,42023.05,42492.9,41941.92,42051.54,125.679277
1644796800000,42051.54,42173.73,41560.66,41904.5,302.923313
1644811200000,41904.5,42360.65,41732.82,42302.87,154.77775
1644825600000,42302.87,42409.8,41928.59,42128.74,121.346707
1644840000000,42128.74,42842.48,41971.21,42574.73,343.630504
1644854400000,42574.73,42819.73,41801.18,42119.95,384.024539
1644868800000,42119.95,42800.05,41981.13,42532.78,223.143817
1644883200000,42532.78,43676,42415.05,43559.14,250.805505
1644897600000,43559.14,43760.6,43401.38,43699.08,155.981536
1644912000000,43699.08,44423,43609.16,44236.15,381.937406
1644926400000,44236.15,44503.08,43998.35,44196.77,358.102588
1644940800000,44196.77,44248.1,43850.83,43974.97,216.21281
1644955200000,43974.97,44747.61,43938.63,44537.97,172.528704
1644969600000,44537.97,44545.13,43900.89,43976.95,125.775608
1644984000000,43976.95,44191.55,43684.64,44184,153.563779
1644998400000,44184,44318.17,43882.48,44171.59,205.297876
1645012800000,44171.59,44207.4,43279.2,43594.93,336.598254
1645027200000,43594.93,44349.99,43353.9,44220.95,185.582577
1645041600000,44220.95,44362.75,43842.59,43852.75,76.122855
1645056000000,43852.75,44157.06,43565.11,43565.11,134.195637
1645070400000,43565.11,43934.5,43345.93,43911.3,144.56904
1645084800000,43911.3,44008.83,42918.64,43171.21,264.20216
1645099200000,43171.21,43345.61,41685.84,41917.18,549.015608
1645113600000,41917.18,42103.23,40777.11,41204.99,473.674968
1645128000000,41204.99,41204.99,40050,40538.28,331.105412
1645142400000,40538.28,40927.62,40292.24,40691.54,216.896525
1645156800000,40691.54,40773.42,40478.04,40652.45,120.069809
1645171200000,40652.45,40950.03,40093.48,40190.45,164.530932
1645185600000,40190.45,40776.16,39626.72,39828.39,484.77893
1645200000000,39828.39,40431.13,39437.16,40204.56,417.283494
1645214400000,40204.56,40270.97,39750,39969.71,96.615014
1645228800000,39969.71,40296.15,39915.95,40136.95,51.81241
1645243200000,40136.95,40447.35,40084.23,40267.45,61.179318
1645257600000,40267.45,40295.59,39650.01,39842.64,168.818554
1645272000000,39842.64,40063.88,39642.04,39979.92,143.755745
1645286400000,39979.92,40355.67,39843,39964.45,104.436463
1645300800000,39964.45,40135.59,39800,40091.28,41.37407
1645315200000,40091.28,40112.35,39708.32,39786.51,42.245054
1645329600000,39786.51,39833.18,38584.7,38787.33,226.185128
1645344000000,38787.33,38841.41,38000,38344.8,318.753591
1645358400000,38344.8,38611.59,38017.36,38338.4,171.457892
1645372800000,38338.4,38498.92,38175.94,38381.26,58.736187
1645387200000,38381.26,38965.51,38061.18,38379.6,104.956621
1645401600000,38379.6,39384.65,38186.34,38918.21,227.119317
1645416000000,38918.21,39478.12,38911.2,39308.23,153.196671
1645430400000,39308.23,39349.13,37360,37587.42,314.034527
1645444800000,37587.42,39300.72,37205.61,38820.07,723.546352
1645459200000,38820.07,39136.54,37547.61,38139.45,487.753554
1645473600000,38139.45,38412.27,36788.93,37001.54,453.31637
1645488000000,37001.54,37454.67,36334.18,36578.15,281.477449
1645502400000,36578.15,37224.18,36532,36774.39,172.190805
1645516800000,36774.39,37851.62,36763.28,37514.61,380.37255
1645531200000,37514.61,38300,37280.69,37772.31,491.381313
1645545600000,37772.31,38156.02,37362.34,38075.52,320.336833
1645560000000,38075.52,38419.12,37744.28,38242.38,191.888099
1645574400000,38242.38,38350.86,37532.13,37748.98,194.523766
1645588800000,37748.98,38200,37714.71,38146.8,144.95255
1645603200000,38146.8,39137.93,38091.9,38768.35,280.743518
1645617600000,38768.35,39250,38451.96,38500.42,298.409665
1645632000000,38500.42,38765.93,37529,37609.6,248.863134
1645646400000,37609.6,37784.39,37033.48,37222.66,255.093991
1645660800000,37222.66,37417.65,34712.18,34939.8,628.97528
1645675200000,34939.8,35500.87,34311.12,35298.87,614.401055
1645689600000,35298.87,35870,34800,35442.21,593.983949
1645704000000,35442.21,36101.8,35050.93,35916.11,568.222538
1645718400000,35916.11,37350.89,35736.34,37305.18,542.940053
1645732800000,37305.18,39790,37296.92,38320.27,498.533958
1645747200000,38320.27,39020.98,38152.61,38928.64,257.633008
1645761600000,38928.64,38931.18,38311.63,38476.3,163.517763
1645776000000,38476.3,38865.09,38027.31,38753,297.388734
1645790400000,38753,39682.36,38700,39436.21,519.21714
1645804800000,39436.21,39577.95,38527.5,38669.04,214.506667
1645819200000,38669.04,39587.61,38641.53,39199.35,167.592606
1645833600000,39199.35,40315.83,39083.12,39390.74,210.99591
1645848000000,39390.74,39455.2,38962.64,39171.94,82.925259
1645862400000,39171.94,39510.71,38581,38929.86,123.496214
1645876800000,38929.86,39361.26,38776.32,39225.46,115.934456
1645891200000,39225.46,39419,38831.15,39248.92,99.111836
1645905600000,39248.92,39662.2,38911.35,39104.76,135.917806
1645920000000,39104.76,39254,38197,38606.37,208.067912
1645934400000,38606.37,38856.85,38457.89,38783.48,74.832931
1645948800000,38783.48,39534.94,38616.65,39483.14,154.413982
1645963200000,39483.14,39858.29,38535.53,39332.78,318.366833
1645977600000,39332.78,39440,37539.27,37604.36,222.830547
1645992000000,37604.36,38299.98,37000,37662.03,335.030516
1646006400000,37662.03,38374.83,37436.93,37782.69,177.080947
1646020800000,37782.69,38457.11,37480.33,38335.31,225.575655
1646035200000,38335.31,38652.02,38103.33,38331.21,216.292179
1646049600000,38331.21,40895,37914.65,40816.41,795.453018
1646064000000,40816.41,41463.23,40702.81,41319.15,552.480169
1646078400000,41319.15,44225.71,41252.8,43178.53,453.670227
1646092800000,43178.53,43731.36,42875.5,43164.92,183.183935
1646107200000,43164.92,43545.34,43038.47,43490.6,138.822093
1646121600000,43490.6,43856.9,42834.83,43617.67,311.514819
1646136000000,43617.67,44978.55,43310.35,43653.4,837.881071
1646150400000,43653.4,44078.35,43217.55,43728.49,280.083866
1646164800000,43728.49,44499.98,43711.61,44409.75,180.962735
1646179200000,44409.75,44749.99,43832.82,44330.99,198.228526
1646193600000,44330.99,44530.55,43661.02,43958,179.278289
1646208000000,43958,44330.62,43750.29,44112.52,235.94872
1646222400000,44112.52,45338.18,43324.95,44120.74,608.04313
1646236800000,44120.74,44484.46,43440.37,43704.39,262.872607
1646251200000,43704.39,44369.42,43682.01,43900.44,107.589131
1646265600000,43900.44,44047.15,43221.7,43313.98,138.68961
1646280000000,43313.98,43687.45,42912.05,43474.3,204.047751
1646294400000,43474.3,43619.65,43068.75,43401.2,222.636719
1646308800000,43401.2,44083.33,42365.83,42545.02,551.562667
1646323200000,42545.02,42738.28,42055.01,42212.8,497.75158
1646337600000,42212.8,42705.93,41843.94,42467.63,354.146393
1646352000000,42467.63,42517.19,41091.3,41456.86,637.536006
1646366400000,41456.86,41494.7,41102.56,41432.99,209.520475
1646380800000,41432.99,41888.65,40874.99,41643.82,554.575183
1646395200000,41643.82,41836.71,40561.28,40701.42,962.163694
1646409600000,40701.42,40946.52,39639.47,39763.01,1106.105335
1646424000000,39763.01,39863.49,38522.16,39147.92,805.428559
1646438400000,39147.92,39191.67,38583.33,39055.72,349.795462
1646452800000,39055.72,39133.18,38691,39033.94,520.417729
1646467200000,39033.94,39280.28,38796.16,39140.01,258.94054
1646481600000,39140.01,39361.62,38899.37,39165.7,191.407404
1646496000000,39165.7,39601.47,39113.74,39427.95,126.755417
1646510400000,39427.95,39569.95,39284.14,39394.11,139.772057
1646524800000,39394.11,39676.68,39277.1,39301.06,145.050472
1646539200000,39301.06,39644,38797.28,39381.43,242.290378
1646553600000,39381.43,39381.43,38100,38345.87,374.698876
1646568000000,38345.87,39052.41,38300,38843.87,304.867114
1646582400000,38843.87,39366.45,38512.31,38665.68,326.984418
1646596800000,38665.68,39262.11,38140.56,38387.97,472.71031
1646611200000,38387.97,38552.36,37579.92,37871.34,520.638212
1646625600000,37871.34,38247.46,37774.44,37893.5,204.98943
1646640000000,37893.5,38404.56,37668.96,38349.31,403.740989
1646654400000,38345.52,39273.03,38343.24,39072.85,830.36936
1646668800000,39072.85,39542.38,37194.35,37308.17,992.407148
1646683200000,37308.17,38514.89,37155.76,38005.14,795.312958
1646697600000,38005.14,38935,37875.76,38675.18,603.867623
1646712000000,38675.18,38827.26,37998.88,38550.42,474.830628
1646726400000,38550.42,39186.43,38468.14,38988.06,654.777031
1646740800000,38988.06,39224.07,38310.34,38641.74,836.235492
1646755200000,38641.74,39368.73,38130.39,38772.01,1056.363393
1646769600000,38772.01,38895,38400,38725.35,581.533715
1646784000000,38725.35,41445.07,38659.83,41207.18,863.5911
1646798400000,41207.18,41880.94,41207.18,41803.11,741.72855
1646812800000,41803.11,42444.74,41640.09,42169.02,953.754755
1646827200000,42169.02,42582.09,41659.59,42522.98,1184.770914
1646841600000,42522.98,42570.84,41768.01,42212.52,826.023594
1646856000000,42212.52,42327.55,41684.67,41941.57,625.700414
1646870400000,41941.57,42038.48,40555,40765.41,882.904295
1646884800000,40765.41,40836.08,38808.91,39233.03,1153.32487
1646899200000,39233.03,39310.5,38779.13,39088,947.400601
1646913600000,39088,40270,38529.8,39193.25,1885.313613
1646928000000,39193.25,39567.82,38902.6,39444.58,924.367997
1646942400000,39444.58,39677.46,39080.09,39415,557.869706
1646956800000,39415,39436.42,38232.65,38710.4,968.551077
1646971200000,38710.4,39332.58,38335.87,39127.63,1009.256967
1646985600000,39127.63,40209.95,38811.65,39907.33,1157.787368
1647000000000,39907.33,40232.46,38906.94,39071.84,1574.251214
1647014400000,39071.84,39086.23,38532.58,38796.83,855.609838
1647028800000,38796.83,39157.19,38309.3,38727.01,803.56516
1647043200000,38727.01,39299.99,38664.14,39080.88,506.432685
1647057600000,39080.88,39255,38933.61,39095.41,156.090915
1647072000000,39095.41,39281.66,38950.01,39079,202.341997
1647086400000,39079,39260.08,38689.12,39064.2,298.074662
1647100800000,39064.2,39542.69,38942.51,39031.41,258.852431
1647115200000,39031.41,39213.16,38731.52,38795.01,142.512015
1647129600000,38795.01,39271.49,38709.96,39186.97,255.911985
1647144000000,39186.97,39310.76,39063.59,39063.59,165.781438
1647158400000,39063.59,39134.53,38612.83,38758.58,220.546145
1647172800000,38758.58,39076.87,38374.45,38937.28,554.499358
1647187200000,38937.28,39064.86,38853.66,38872.56,190.18335
1647201600000,38872.56,38872.56,37580.92,37773.52,534.344968
1647216000000,37773.52,38347.72,37565.23,38158.44,558.271826
1647230400000,38158.44,39167.47,38121,39073.19,568.293284
1647244800000,39073.19,39295,38854.84,38897.4,346.203246
1647259200000,38897.4,39171.06,38613.78,38961.37,610.333329
1647273600000,38961.37,39053.96,38416.61,38811.28,562.458382
1647288000000,38811.28,39930.82,38603.37,39667.58,585.456368
1647302400000,39667.58,39807.87,38635.73,38762,683.098797
1647316800000,38762,38985.56,38125.01,38445.03,424.898217
1647331200000,38445.03,38782.86,38264.76,38658.11,623.863761
1647345600000,38658.11,39268.56,38470,39015.27,866.095837
1647360000000,39015.27,39804.42,38915.27,39729.97,727.850332
1647374400000,39729.97,39895,39237.44,39275.96,635.772559
1647388800000,39275.96,41709.99,38825,39158.15,1697.588153
1647403200000,39158.15,39665.71,38921.03,39586.34,878.22251
1647417600000,39586.34,40696.35,39559.63,40508.87,1092.535778
1647432000000,40508.87,41176.04,40256.22,40609.03,1190.18669
1647446400000,40609.03,40957.82,39313.66,40868.48,2030.645654
1647460800000,40868.48,41468.15,40764.43,41107.77,745.729929
1647475200000,41107.77,41379.3,40816.56,41021.4,658.608063
1647489600000,41021.4,41460.51,40560.22,40720,657.19633
1647504000000,40720,40893.29,40504.02,40747.25,602.526634
1647518400000,40747.25,41223.91,40709.66,40801.96,958.375653
1647532800000,40801.96,40887.58,40566.64,40870.12,573.599005
1647547200000,40870.12,41052.87,40647.85,40912.43,415.188274
1647561600000,40912.43,40932.89,40241.63,40523.54,661.110318
1647576000000,40523.54,40896.54,40437.87,40564.93,423.682332
1647590400000,40564.93,40742.55,40139.64,40373.4,638.866155
1647604800000,40373.4,41055.67,40298.27,40917.14,1334.096949
1647619200000,40917.14,42052.21,40911.46,42027.35,1135.398242
1647633600000,42027.35,42320,41612.55,41751.44,626.828053
1647648000000,41751.44,42002.94,41500.01,41802.63,746.614567
1647662400000,41802.63,41941.17,41541.12,41590,579.198624
1647676800000,41590,41798,41562.02,41727.29,537.345203
1647691200000,41727.29,42071.99,41641.82,41940.36,715.971504
1647705600000,41940.36,42176.07,41800.01,42029.36,775.376114
1647720000000,42029.36,42395.24,41698.18,42194.5,869.846232
1647734400000,42194.5,42283.45,41769.03,41936.24,781.602185
1647748800000,41936.24,42011.22,41751.48,41848.86,525.16521
1647763200000,41848.86,41935.26,41573.02,41590.58,623.245968
1647777600000,41590.58,41693.06,41250.01,41356.28,794.146349
1647792000000,41356.28,41508.24,40913.58,41374.99,960.489391
1647806400000,41374.99,41673.28,41095.99,41256.06,1057.664674
1647820800000,41256.06,41452.16,40500,40843.14,995.375991
1647835200000,40843.14,41134.12,40724.26,41110.66,463.739886
1647849600000,41110.66,41481.64,41080,41241.08,886.835057
1647864000000,41241.08,41544.49,40756.47,41215.16,1905.969521
1647878400000,41215.16,41236.52,40751.24,41179.71,1233.075535
1647892800000,41179.71,41370.62,40944.52,41000,534.882861
1647907200000,41000,42498.28,40870.2,42237.66,1548.52033
1647921600000,42237.66,43381.59,42000,42218.45,1730.109729
1647936000000,42218.45,43029.52,42093.32,42987.21,725.092347
1647950400000,42987.21,43206.72,42563.96,42576.4,909.685501
1647964800000,42576.4,42706.53,42274.01,42278.6,471.942984
1647979200000,42278.6,42885.7,42256.99,42357.83,637.837714
1647993600000,42357.83,42533.05,41900,42080.5,682.499817
1648008000000,42080.5,42265.37,41754.82,42110.03,633.498104
1648022400000,42110.03,42347.1,41876.76,42039.54,684.489742
1648036800000,42039.54,42739,41882.42,42625.13,1227.990425
1648051200000,42625.13,42769.23,42046.06,42230.15,1127.366314
1648065600000,42230.15,43025.01,42188.23,42891.39,696.989503
1648080000000,42891.39,43286.55,42654.76,42720.85,879.958112
1648094400000,42720.85,43492,42716.39,43075.52,878.838324
1648108800000,43075.52,43210.04,42839.78,42972.43,1047.973255
1648123200000,42972.43,44027,42611,43988.59,1618.6101
1648137600000,43988.59,44221.99,43766.43,43914.19,1013.822336
1648152000000,43914.19,44105,43805.01,43991.52,435.320834
1648166400000,43991.52,44439.9,43854.59,43968.18,709.34481
1648180800000,43968.18,44200,43900,43901.94,515.942088
1648195200000,43901.94,44665.99,43566.97,44587,868.83187
1648209600000,44587,45110,44187.64,44317.76,1114.477549
1648224000000,44317.76,44580.23,44010.13,44435.66,650.708241
1648238400000,44435.66,44605.53,44229,44306.33,296.85326
1648252800000,44306.33,44455.38,44070.01,44403.86,312.772025
1648267200000,44403.86,44547.69,44359.34,44508.66,226.375804
1648281600000,44508.66,44577.77,44329.83,44335.87,179.25792
1648296000000,44335.87,44401.25,44153.84,44204.78,246.724976
1648310400000,44204.78,44463.71,44140.36,44360.93,251.154131
1648324800000,44360.93,44796.58,44257.07,44514.73,422.267499
1648339200000,44514.73,44950,44491.08,44709.61,406.584799
1648353600000,44709.61,44764.92,44542.17,44736.37,200.589646
1648368000000,44736.37,44749.99,44489.99,44564.94,224.305373
1648382400000,44564.94,44928.7,44427.28,44865.12,410.963428
1648396800000,44865.12,45100,44733.33,44835.65,425.607861
1648411200000,44835.65,47000,44664.79,46841.13,1082.725352
1648425600000,46841.13,47669,46651.05,47050.99,525.920274
1648440000000,47050.99,47398.95,46754.19,46986.25,462.860895
1648454400000,46986.25,47413.13,46840.49,47253.2,297.546672
1648468800000,47253.2,47885.54,47126.57,47434,521.38296
1648483200000,47434,48187.75,47305.17,47941.2,369.361917
1648497600000,47941.2,48094.89,46886.16,47127.99,483.628503
1648512000000,47127.99,47600.33,47052.47,47335.5,413.235259
1648526400000,47335.5,47761.45,47316.91,47361.08,316.828109
1648540800000,47361.08,47966.05,47343.34,47898.02,312.676026
1648555200000,47898.02,48100,47350,47441.71,618.725656
1648569600000,47441.71,47878.73,47109.64,47705.23,492.685073
1648584000000,47705.23,47724.67,46929.53,47433.63,338.724168
1648598400000,47433.63,47452.24,46494.49,47437.21,375.870962
1648612800000,47437.21,47585.06,47150.36,47380.59,197.476359
1648627200000,47380.59,47500.55,47067.31,47323.9,229.794166
1648641600000,47323.9,47342.03,46863,47159.57,396.728521
1648656000000,47159.57,47696.43,46835.04,47074.4,311.728926
1648670400000,47074.4,47293.62,46855,47057.17,256.805564
1648684800000,47057.17,47422.4,46972.39,47093.47,164.227672
1648699200000,47093.47,47174.48,46900,47162.22,145.387955
1648713600000,47162.22,47384.48,47064.59,47153.16,198.776116
1648728000000,47153.16,47607.91,46221.27,46449.5,779.419239
1648742400000,46449.5,46494.86,45500.51,45572.93,613.656665
1648756800000,45572.93,45847.91,45201.34,45513.51,244.025706
1648771200000,45513.51,45639.52,44214.81,44595.62,771.121908
1648785600000,44595.62,45105,44550.75,45007.99,368.397925
1648800000000,45007.99,45324.26,44991.94,45066.27,367.699155
1648814400000,45066.27,46700,44702.77,46519.62,987.717586
1648828800000,46519.62,46598.55,45897.43,46358.8,532.932495
1648843200000,46358.8,46434.26,46076.73,46279.92,246.820214
1648857600000,46279.92,47197.96,46072.92,46594,443.580902
1648872000000,46594,46669.35,46387.3,46595.13,405.013299
1648886400000,46595.13,46739.23,46478.26,46550,246.282059
1648900800000,46550,46940,46125,46284.52,509.163377
1648915200000,46284.52,46500,45610,46125.39,407.434614
1648929600000,46125.39,46347.1,45743.37,45806.21,298.996961
1648944000000,45806.21,46072.01,45529,45944.35,229.339325
1648958400000,45944.35,46571.98,45927.29,46356.43,241.640634
1648972800000,46356.43,46458.49,46078.71,46250.75,176.723377
1648987200000,46250.75,46726.82,46191.4,46404.21,272.316684
1649001600000,46404.21,46774.52,46207.14,46398.74,291.217777
1649016000000,46398.74,47435.89,46253.31,46418.31,517.237168
1649030400000,46418.31,46464.87,45756.05,46007.59,361.788147
1649044800000,46007.59,46284.57,45831.18,46168.91,229.696494
1649059200000,46168.91,46280,45779.44,46160.7,402.264262
1649073600000,46160.7,46355,45551.75,45637.34,479.124787
1649088000000,45637.34,45940.26,45096.75,45924.4,465.646603
1649102400000,45924.4,46884.61,45732,46590.38,482.933639
1649116800000,46590.38,46771.52,46413.5,46639.77,228.712885
1649131200000,46639.77,46873.03,46549.23,46701,246.801341
1649145600000,46701,46737.51,46517.17,46684.93,285.364361
1649160000000,46684.93,47195.58,45666,45760.58,1525.103193
1649174400000,45760.58,46188.75,45469.26,46030.55,1160.177741
1649188800000,46030.55,46108.49,45337.27,45488.93,734.663294
1649203200000,45488.93,45497.96,44389.22,45211.89,1095.953867
1649217600000,45211.89,45508,45108.86,45282.03,338.299774
1649232000000,45282.03,45449.99,44664.7,44815.71,475.850561
1649246400000,44815.71,44993.56,43686.93,44159.82,1251.793382
1649260800000,44159.82,44291.98,43150,43749.47,1315.098332
1649275200000,43749.47,44040.27,43114.09,43175.09,527.904758
1649289600000,43175.09,43557.72,42740.02,43294.19,832.201497
1649304000000,43294.19,43544.61,43208.13,43440.72,458.44687
1649318400000,43440.72,43834.18,43274.33,43758.77,569.275801
1649332800000,43758.77,43898.97,43010.21,43333.85,922.747227
1649347200000,43333.85,43825.58,43271.43,43382.75,650.81251
1649361600000,43382.75,43743.75,43194.23,43447.67,471.475728
1649376000000,43447.67,43697.33,43300.01,43614.45,416.215002
1649390400000,43614.45,43769.37,43411.49,43757.59,301.151299
1649404800000,43757.59,43971.91,43254.65,43293.91,537.704363
1649419200000,43293.91,43965.48,42732.46,43654.94,914.939635
1649433600000,43654.94,43717.66,42393.11,42728.6,1090.221797
1649448000000,42728.6,42866.85,42100,42276.04,771.669591
1649462400000,42276.04,42466.34,42117.01,42376.32,531.948543
1649476800000,42376.32,42634.03,42335.01,42477.52,316.307439
1649491200000,42477.52,42540.05,42324.78,42443.92,200.100493
1649505600000,42443.92,42515.77,42179.2,42265.66,302.241619
1649520000000,42265.66,42635.65,42192.48,42517.51,310.961468
1649534400000,42517.51,42800.68,42392.99,42746.05,245.11419
1649548800000,42746.05,42887.82,42583.54,42769.78,226.809561
1649563200000,42769.78,42799.99,42572.41,42624.99,231.865474
1649577600000,42624.99,42721.72,42422.81,42682,199.085297
1649592000000,42682,42847.52,42519.17,42739.99,305.345424
1649606400000,42739.99,43305.08,42660.54,43227.16,444.520628
1649620800000,43227.16,43413.6,41880,42151.82,931.134098
1649635200000,42151.82,42409.85,41700,42111.66,835.933714
1649649600000,42111.66,42353.38,42081.43,42304.11,280.551773
1649664000000,42304.11,42358.08,40953.78,41064.71,1569.285494
1649678400000,41064.71,41242.85,40558.05,40584.95,938.162253
1649692800000,40584.95,40890.37,39765.17,39985.93,1609.741276
1649707200000,39985.93,40262.42,39180.89,39524.11,2649.797552
1649721600000,39524.11,39852.8,39272.62,39738.75,2162.968166
1649736000000,39738.75,40184.59,39616.07,40172.18,474.702647
1649750400000,40172.18,40453.49,40032.86,40377.13,437.474687
1649764800000,40377.13,40699.99,39800,40168.41,1203.905258
1649779200000,40168.41,40382.16,39265.01,39309.67,600.232528
1649793600000,39309.67,40330.93,39254.47,40067.1,318.010872
1649808000000,40067.1,40274.16,39580.7,40069.33,146.801838
1649822400000,40069.33,40219.42,39863.41,40109.56,138.82906
1649836800000,40109.56,40208.99,39694.55,39709.56,206.873313
1649851200000,39709.56,41400,39620.6,41158.47,968.437146
1649865600000,41158.47,41544.57,40819.66,41057.4,681.487254
1649880000000,41057.4,41386,40992.2,41138.2,225.434515
1649894400000,41138.2,41490.73,41060.73,41322.31,155.632131
1649908800000,41322.31,41417.36,41158.81,41273.37,125.915518
1649923200000,41273.37,41322.47,40846.57,40900.74,226.883711
1649937600000,40900.74,41303,39924.01,39962.86,465.366583
1649952000000,39962.86,40067.53,39557.21,39773.87,308.281962
1649966400000,39773.87,40022.55,39663.12,39953.53,115.927747
1649980800000,39953.53,40210.04,39770.86,40205.95,130.46155
1649995200000,40205.95,40448.81,39957.02,40236.63,153.048415
1650009600000,40236.63,40399.72,40037.49,40222.55,252.743171
1650024000000,40222.55,40861.03,39907.69,40417.16,261.604335
1650038400000,40417.16,40650,40230.28,40314.21,215.615019
1650052800000,40314.21,40602.59,40280,40554.93,107.351682
1650067200000,40554.93,40700,40409.69,40422.99,94.616806
1650081600000,40422.99,40563.81,40368.66,40393.75,99.771296
1650096000000,40393.75,40497.59,40288.32,40414.49,152.975657
1650110400000,40414.49,40576.38,39997.37,40067.74,242.687852
1650124800000,40067.74,40250.58,40014.35,40221.22,110.246965
1650139200000,40221.22,40695.94,40189.59,40375.27,152.308467
1650153600000,40375.27,40423.93,40120.84,40238.76,86.560773
1650168000000,40238.76,40436.35,40231.75,40296.65,72.412641
1650182400000,40296.65,40523.19,40280.84,40477.56,110.011387
1650196800000,40477.56,40595.68,40200.67,40443.53,186.792172
1650211200000,40443.53,40476.67,39830.22,40359.7,218.667317
1650225600000,40359.7,40447.97,39545.46,39686.18,408.963905
1650240000000,39686.18,39886.58,39576.43,39816.49,166.43677
1650254400000,39816.49,39847.73,38539.14,38910.65,473.883158
1650268800000,38910.65,39120.03,38803.43,39004.02,203.7046
1650283200000,39004.02,39606.57,39004.02,39265.84,495.847797
1650297600000,39265.84,41076.64,39024.62,40683.34,838.125716
1650312000000,40683.34,41099.8,40630.01,40797.06,359.008811
1650326400000,40797.06,41282.08,40600,40691.76,391.143891
1650340800000,40691.76,40879.68,40569.1,40688.48,156.580142
1650355200000,40688.48,41020.57,40580.71,40687.22,213.452073
1650369600000,40687.22,41764.88,40660.34,41456.69,679.956027
1650384000000,41456.69,41547.34,41160.68,41423.13,240.06965
1650398400000,41423.13,41538.42,41212.64,41495.27,185.48143
1650412800000,41495.27,41542.45,41227.14,41388.68,140.499726
1650427200000,41388.68,41632.66,41264.02,41337.6,195.767148
1650441600000,41337.6,42200,41303.8,42091.2,546.277773
1650456000000,42091.2,42174.97,41038.32,41260.3,809.868861
1650470400000,41260.3,41462.15,40828.57,41180.52,456.221843
1650484800000,41180.52,41652.1,41131.06,41356.04,322.107432
1650499200000,41356.04,41769.98,41314.19,41685.99,242.851002
1650513600000,41685.99,41951.58,41419.81,41855.89,728.937493
1650528000000,41855.89,42679.29,41743.14,42438.16,1435.828489
1650542400000,42438.16,42972.47,42114.38,42134.63,1384.681288
1650556800000,42134.63,42176.89,41210.01,41238.5,1055.314481
1650571200000,41238.5,41308.51,39750,40484.32,1338.076922
1650585600000,40484.32,40654.07,40239.29,40501.04,861.67426
1650600000000,40501.04,40798.43,40299.15,40703.57,865.638527
1650614400000,40703.57,40780.14,40138.82,40589.36,1055.187342
1650628800000,40589.36,40633.81,39323.14,39436.53,1964.163829
1650643200000,39436.53,39788.72,39180.01,39506.82,1473.658046
1650657600000,39506.82,39817.4,39405.64,39707.22,591.064478
1650672000000,39707.22,39864.04,39412.5,39472.25,381.70063
1650686400000,39472.25,39669.9,39284.77,39597.29,289.764344
1650700800000,39597.29,39687.17,39499.15,39605.72,255.894368
1650715200000,39605.72,39823.66,39536.21,39789.65,288.731692
1650729600000,39789.65,39973.36,39658,39755.26,277.854561
1650744000000,39755.26,39942,39327.05,39437.61,214.073335
1650758400000,39437.61,39823,39417.63,39774.39,305.518489
1650772800000,39774.39,39812.62,39629.12,39752.46,145.842181
1650787200000,39752.46,39808.86,39545.98,39607.84,192.583356
1650801600000,39607.84,39935.02,39351.8,39648.52,428.840363
1650816000000,39648.52,39807.84,38936.48,39700,783.346239
1650830400000,39700,39772.65,39424.01,39456.9,321.635172
1650844800000,39456.9,39505.65,38520.34,39253.91,1094.013936
1650859200000,39253.91,39253.91,38170.08,38456.88,590.520953
1650873600000,38456.88,38950.68,38210.84,38821.58,339.541208
1650888000000,38821.58,39412.34,38602.77,38977.02,629.196005
1650902400000,38977.02,40378.55,38912.61,40226.4,918.35542
1650916800000,40226.4,40612.23,40049.14,40421.83,359.917066
1650931200000,40421.83,40776.98,40390.26,40537.6,213.081453
1650945600000,40537.6,40688.97,40376.03,40591.33,187.553887
1650960000000,40591.33,40787.31,40242.59,40464.06,283.954522
1650974400000,40464.06,40619.99,38537.27,38560.74,1096.871089
1650988800000,38560.74,38877.86,37831.82,38279.57,1150.384807
1651003200000,38279.57,38455.91,37700,38121.28,760.264611
1651017600000,38121.28,38477,37882.28,38341.52,300.382728
1651032000000,38341.52,39100,38314.97,39100,267.072299
1651046400000,39100,39214.71,38645.83,39002.04,549.940085
1651060800000,39002.04,39473,38430.31,38996.52,1138.057066
1651075200000,38996.52,39309.68,38672.95,38856.46,545.036439
1651089600000,38856.46,39391.75,38837.95,39229.08,317.991387
1651104000000,39229.08,39689.27,39156.5,39344.38,326.143376
1651118400000,39344.38,39656.9,39225.93,39390.15,251.150833
1651132800000,39390.15,39879.99,39368,39677.43,325.453109
1651147200000,39677.43,40300,38882.55,39462.8,1542.882817
1651161600000,39462.8,40377.66,39314.14,39971.88,965.107888
1651176000000,39971.88,40221.65,39603.84,39746.88,497.963291
1651190400000,39746.88,39921.54,39258.25,39536.33,300.657004
1651204800000,39536.33,39641.22,39364,39604.22,293.385744
1651219200000,39604.22,39630.61,38619.8,38749.94,596.938598
1651233600000,38749.94,39400,38630.57,39003.53,1083.549187
1651248000000,39003.53,39074.12,38170.01,38338.56,987.634191
1651262400000,38338.56,38662.35,38306.64,38595.03,285.698886
1651276800000,38595.03,38791.11,38549.62,38651.74,197.398212
1651291200000,38651.74,38782.17,38488.32,38645.6,173.011423
1651305600000,38645.6,38686.96,38534.91,38577.3,164.952439
1651320000000,38577.3,38640.57,38157.82,38473.38,413.933925
1651334400000,38473.38,38606.68,38192.94,38461.05,287.908319
1651348800000,38461.05,38461.05,37564.58,37626.05,574.258586
1651363200000,37626.05,38074.86,37380,38045.41,541.800018
1651377600000,38045.41,38171.14,37884.4,37962.7,270.648621
1651392000000,37962.7,38091.62,37866.1,37930.9,188.78724
1651406400000,37930.9,38639.2,37832.1,38495.54,258.234
1651420800000,38495.54,38669.99,37729,37805.44,412.525445
1651435200000,37805.44,38622.8,37685.08,38471.49,673.717226
1651449600000,38471.49,38812.16,38373.8,38674.89,415.896916
1651464000000,38674.89,39160.48,38599.83,38880.9,338.819294
1651478400000,38880.9,39078.22,38486.12,38528.47,401.114468
1651492800000,38528.47,39169,38231.99,38688.28,1187.724349
1651507200000,38688.28,38877.47,38052.17,38557.74,995.557066
1651521600000,38557.74,38901.91,38283.55,38523.67,393.577748
1651536000000,38523.67,38763.79,38319.97,38516.96,299.275078
1651550400000,38516.96,38577.88,38388.14,38555.6,251.860963
1651564800000,38555.6,38651.74,38278.45,38561.28,257.705536
1651579200000,38561.28,38600,38152.15,38327.61,812.257809
1651593600000,38327.61,38406.81,37521,37722.77,997.755455
1651608000000,37722.77,38036.84,37527.61,37730.95,529.254057
1651622400000,37730.95,38100.6,37665.29,38016.88,258.749955
1651636800000,38016.88,38744.53,37944.29,38700.65,397.75001
1651651200000,38700.65,39080.07,38669.41,39002.77,688.945672
1651665600000,39002.77,39183.98,38661.06,38979.73,821.872261
1651680000000,38979.73,40032.79,38602.39,39850.72,2102.235099
1651694400000,39850.72,39938.82,39612.72,39695.33,312.35961
1651708800000,39695.33,39800,39550.01,39729.26,545.980803
1651723200000,39729.26,39845.4,39515.93,39586.67,149.608221
1651737600000,39586.67,39630.05,39413.27,39489.8,228.073796
1651752000000,39489.8,39546.59,36500,36913.72,2158.759808
1651766400000,36913.72,37323.24,35555,36323.88,2560.564655
1651780800000,36323.88,36649.07,36134.85,36554.26,674.981843
1651795200000,36554.26,36669.99,36144.12,36463.5,322.132057
1651809600000,36463.5,36551,35836.83,36375.76,474.82067
1651824000000,36375.76,36513.71,35560,35785.68,860.922239
1651838400000,35785.68,36425.3,35250,36002.4,2265.083409
1651852800000,36002.4,36244.17,35836.1,35993.54,1081.796538
1651867200000,35993.54,36119.85,35867.22,36018.37,317.636027
1651881600000,36018.37,36064.46,35762.5,35813.4,275.185667
1651896000000,35813.4,35956.92,35721.93,35924.3,302.254169
1651910400000,35924.3,36139.47,35878.69,36048.56,217.628916
1651924800000,36048.56,36083.71,35863.54,35962.43,249.276559
1651939200000,35962.43,36000,35850.6,35873.83,182.992893
1651953600000,35873.83,35873.83,34776.02,35468.77,1256.329268
1651968000000,35468.77,35515.96,34180,34486,1551.308086
1651982400000,34486,34964.36,34329.87,34602.88,642.86985
1651996800000,34602.88,34876.26,34509.46,34793.27,401.256972
1652011200000,34793.27,34840.76,34301.28,34361.73,760.583461
1652025600000,34361.73,34751.28,33701.01,34589.33,1464.127523
1652040000000,34589.33,34632,33929.4,34046.76,672.885963
1652054400000,34046.76,34256.4,33265.04,33569.4,1151.230831
1652068800000,33569.4,33837.98,33350,33525.67,610.572248
1652083200000,33525.67,33779.19,32643.72,33123.81,1867.193124
1652097600000,33123.81,33426.99,32070.01,32353.17,2235.603314
1652112000000,32353.17,32589.99,30337.28,30963.19,2974.005511
1652126400000,30963.19,31903.46,30039.1,30089.17,2321.459382
1652140800000,30089.17,31440.43,29715,30645.14,2814.174367
1652155200000,30645.14,32649.95,30602.97,31618.18,3502.510893
1652169600000,31618.18,32027.19,31246.29,31628.33,2434.400477
1652184000000,31628.33,32381.65,30830.58,31322.11,3437.870781
1652198400000,31322.11,31809.87,30964.15,31335,2439.673199
1652212800000,31335,31358.83,30161,31018.89,3121.166151
1652227200000,31018.89,31697.45,30622.7,31204.33,2254.860078
1652241600000,31204.33,31904.02,30200.02,30618.38,2846.538744
1652256000000,30618.38,32171,30381.04,31528.43,3845.105055
1652270400000,31528.43,32019.33,29106,30981.03,7293.010735
1652284800000,30981.03,31136.66,29185,29377.78,5112.62547
1652299200000,29377.78,29664.5,27788.23,29128.67,5721.858361
1652313600000,29128.67,30227.63,28380.03,28421.64,3864.601423
1652328000000,28421.64,28700,26782.62,28201.41,4152.240884
1652342400000,28201.41,29301.8,27502.04,28488.72,3041.253508
1652356800000,28488.72,29849.6,27924.98,29046.31,1941.682336
1652371200000,29046.31,29982.66,28212.97,28652.79,1748.045548
1652385600000,28652.79,29301.4,28021.56,29028.65,1191.94597
1652400000000,29028.65,30788.81,28767,30577.51,2541.413778
1652414400000,30577.51,31068.85,30159.76,30172.53,1849.334969
1652428800000,30172.53,30758.7,30169.25,30660.88,1435.066745
1652443200000,30660.88,31014.73,30230,30345.2,2917.590822
1652457600000,30345.2,30520.68,29389.24,30068.5,3889.266024
1652472000000,30068.5,30131.43,29200,29274.21,1308.930767
1652486400000,29274.21,29809.12,29212.29,29573.1,835.930012
1652500800000,29573.1,29604.39,29217.24,29429.64,655.535313
1652515200000,29429.64,29597.35,28824.15,29069.24,817.350735
1652529600000,29069.24,29254.63,28662.69,28823.77,1065.689473
1652544000000,28823.77,29922.51,28633.86,29336.75,1624.580673
1652558400000,29336.75,30337.04,29299.63,30082.12,1375.340437
1652572800000,30082.12,30267.75,29553.57,29723.43,870.648669
1652587200000,29723.43,30054,29478.31,29827.54,378.334669
1652601600000,29827.54,30311.02,29542,30260.87,362.480723
1652616000000,30260.87,30556.43,29785.6,30030.5,588.216847
1652630400000,30030.5,30500,29946.5,30469.49,514.723591
1652644800000,30469.49,31455.81,30357.07,31330.65,924.804715
1652659200000,31330.65,31330.65,30207.44,30322.96,703.31999
1652673600000,30322.96,30468.93,29306.93,29597.84,745.206323
1652688000000,29597.84,30205.31,29433.54,29951.29,712.527629
1652702400000,29951.29,30258.11,29332.19,29667.69,1021.050024
1652716800000,29667.69,29986.59,29099.39,29582.7,683.944319
1652731200000,29582.7,30256.82,29544.33,29867.1,544.240024
1652745600000,29867.1,30509.28,29786.06,30363.67,479.937556
1652760000000,30363.67,30582.77,30243.99,30417.46,318.670672
1652774400000,30417.46,30790.41,30273.01,30324.84,455.223417
1652788800000,30324.84,30749.15,29948.76,30151.7,877.26652
1652803200000,30151.7,30315.43,29445.13,30097.8,1224.774177
1652817600000,30097.8,30666,30046.03,30442.84,468.674273
1652832000000,30442.84,30715,29737.37,29836.81,532.590684
1652846400000,29836.81,30095.33,29682.05,29911.87,510.802548
1652860800000,29911.87,30047.24,29740.09,29826.97,478.994918
1652875200000,29826.97,29904.97,28874.55,28987.24,1199.593223
1652889600000,28987.24,29540,28743.72,29282.58,1396.366286
1652904000000,29282.58,29414.76,28647.25,28705.6,809.025563
1652918400000,28705.6,29345.7,28690.76,29196.03,723.242859
1652932800000,29196.03,29434.34,29026.24,29190.98,438.381
1652947200000,29190.98,29541.13,28855.07,29503.78,717.670984
1652961600000,29503.78,30541.94,29353.48,30386.24,1466.900681
1652976000000,30386.24,30448.44,29963.48,29967.63,988.110877
1652990400000,29967.63,30487.89,29947.5,30316.49,456.858753
1653004800000,30316.49,30776.48,30129.95,30172.25,509.652462
1653019200000,30172.25,30350,29846.63,30259.09,562.058837
1653033600000,30259.09,30533.58,30111.09,30407.17,548.509778
1653048000000,30407.17,30446.99,29077.65,29143.98,1535.218977
1653062400000,29143.98,29357.09,28724,29290.71,1401.257592
1653076800000,29290.71,29394.3,29125.46,29205.79,401.157484
1653091200000,29205.79,29343.79,28944.48,29255.47,335.138636
1653105600000,29255.47,29567.18,29209.46,29428.93,306.597191
1653120000000,29428.93,29479.36,29163.6,29287.83,386.228887
1653134400000,29287.83,29645,29190.05,29550.29,507.963162
1653148800000,29550.29,29655.16,29381.42,29466.96,329.860424
1653163200000,29466.96,29531.64,29310.51,29446.83,279.923833
1653177600000,29446.83,29551.16,29334.73,29364.51,177.284857
1653192000000,29364.51,29461.49,29256.53,29444.64,152.959936
1653206400000,29444.64,30315.37,29420.26,29893.93,892.163295
1653220800000,29893.93,30230.64,29673.46,29840.99,462.56076
1653235200000,29840.99,30180,29738.91,29934.44,303.149714
1653249600000,29934.44,30487.79,29907.81,30288.62,668.696824
1653264000000,30288.62,30463.21,30048.73,30167.75,350.986308
1653278400000,30167.75,30665.34,30111.17,30454.38,341.333855
1653292800000,30454.38,30618.61,30283.09,30396.07,348.52132
1653307200000,30396.07,30630,29954.71,30376.14,911.768406
1653321600000,30376.14,30527.56,29077.2,29087.97,866.441372
1653336000000,29087.97,29490.86,28867.03,29112.15,735.46603
1653350400000,29112.15,29332.18,29057.74,29306.35,310.65596
1653364800000,29306.35,29440.26,29246.33,29402.81,371.699456
1653379200000,29402.81,29434.33,29122.45,29298.36,460.979508
1653393600000,29298.36,29642.82,28660.01,29387.46,1058.490808
1653408000000,29387.46,29597.67,29105.77,29384.1,908.939255
1653422400000,29384.1,29885.57,29247.81,29658.72,420.642887
1653436800000,29658.72,30224.13,29558.15,30202.05,558.102078
1653451200000,30202.05,30221.84,29667.85,29700.68,452.31406
1653465600000,29700.68,29938.88,29335.22,29412.59,567.88565
1653480000000,29412.59,29909.96,29344.13,29627.96,927.472144
1653494400000,29627.96,30040.29,29431.24,29592.58,939.963581
1653508800000,29592.58,29879.8,29539.03,29545.39,377.184557
1653523200000,29545.39,29883.01,29501.64,29837.17,437.236132
1653537600000,29837.17,29877.87,29463.08,29728.14,470.290118
1653552000000,29728.14,29745.85,28886,29003.19,1198.961662
1653566400000,29003.19,29500,28003.34,29392.42,2088.805604
1653580800000,29392.42,29789.93,29373.39,29381.25,732.029194
1653595200000,29381.25,29686.97,29168.91,29194.55,507.371758
1653609600000,29194.55,29393.92,28842.41,29020.73,917.811339
1653624000000,29020.73,29215.35,28631.98,28986.51,967.248454
1653638400000,28986.51,29144.5,28754.15,28914.47,633.799774
1653652800000,28914.47,29379.41,28644.63,28851.79,963.503618
1653667200000,28851.79,29054.64,28283.52,28878.33,1138.205625
1653681600000,28878.33,29018.46,28521.86,28625.97,545.290055
1653696000000,28625.97,28843.77,28523.28,28813.9,551.283349
1653710400000,28813.9,28947.76,28751.77,28883.05,253.967781
1653724800000,28883.05,28929.49,28768.84,28822.06,232.818576
1653739200000,28822.06,29257.6,28794.13,28984.28,404.33364
1653753600000,28984.28,29071.21,28783.74,29020.76,262.317099
1653768000000,29020.76,29154.78,28963.33,29028.45,150.241925
1653782400000,29028.45,29046.69,28843.73,28985.83,236.054925
1653796800000,28985.83,29064.71,28917.07,29001.9,117.646665
1653811200000,29001.9,29236.59,28954.9,29214.45,218.343279
1653825600000,29214.45,29483.13,29167.34,29217.59,338.628407
1653840000000,29217.59,29354.9,29076.4,29127.99,200.923363
1653854400000,29127.99,29595.99,29092.69,29467.99,406.448255
1653868800000,29467.99,30404.85,29309.47,30355.44,866.756178
1653883200000,30355.44,30944.55,30236.78,30638.37,914.883916
1653897600000,30638.37,30768.69,30569.25,30669.58,541.324893
1653912000000,30669.58,30942.72,30263.55,30634.6,974.532801
1653926400000,30634.6,30868.66,30571.78,30640.62,429.572091
1653940800000,30640.62,32228,30546.15,31730.87,1921.697989
1653955200000,31730.87,31863.15,31441.58,31774.72,631.760496
1653969600000,31774.72,31808.71,31433.35,31574.49,435.868658
1653984000000,31574.49,31837.79,31500,31763.05,428.825673
1653998400000,31763.05,32179.04,31225.04,32053.84,1141.570389
1654012800000,32053.84,32397.99,31578.13,31628.86,1270.918596
1654027200000,31628.86,31936.02,31593.16,31801.46,420.038499
1654041600000,31801.46,31981.63,31611.6,31627.89,566.70991
1654056000000,31627.89,31668.46,31374.22,31478.46,475.226594
1654070400000,31478.46,31705,31441.38,31600.39,356.520517
1654084800000,31600.39,31900,30710.32,30744.64,1348.023428
1654099200000,30744.64,30744.64,29900,30124.72,1928.278716
1654113600000,30124.72,30154.46,29327.9,29809.48,1203.967348
1654128000000,29809.48,29907.08,29592.63,29734.78,917.08585
1654142400000,29734.78,30122.12,29650.09,29969.54,641.105691
1654156800000,29969.54,30208.63,29861.91,30176.22,653.760983
1654171200000,30176.22,30389.08,29598.3,30211.8,1679.081834
1654185600000,30211.8,30409.99,29972.19,30289.41,722.311563
1654200000000,30289.41,30700,30234.09,30458.67,476.595447
1654214400000,30458.67,30694.28,30353.51,30533.09,266.572532
1654228800000,30533.09,30563.66,30291.5,30451.71,287.369427
1654243200000,30451.71,30524.81,29681.11,29758.56,1228.184645
1654257600000,29758.56,29886.19,29270.31,29503.83,2195.989244
1654272000000,29503.83,29669.22,29401.92,29573.74,615.773958
1654286400000,29573.74,29889.2,29559.85,29704.54,306.714628
1654300800000,29704.54,29765.17,29492.44,29560.87,307.441855
1654315200000,29560.87,29739.14,29546.99,29702.45,186.938879
1654329600000,29702.45,29804.31,29594.44,29681.01,195.817767
1654344000000,29681.01,29982.9,29487.74,29858.31,524.845863
1654358400000,29858.31,29863.15,29613.25,29658.77,286.369424
1654372800000,29658.77,29976.29,29634.53,29870.86,228.708419
1654387200000,29870.86,29905.12,29681.86,29764.82,237.994096
1654401600000,29764.82,29826.05,29648.25,29648.25,147.185372
1654416000000,29648.25,29746.14,29536.68,29722.34,154.924183
1654430400000,29722.34,29988.2,29628.63,29973.81,227.068356
1654444800000,29973.81,30236.63,29764.64,30049.34,640.882466
1654459200000,30049.34,30124.63,29815.99,29920.8,488.603307
1654473600000,29920.8,31276.76,29888.88,31259.1,1405.838955
1654488000000,31259.1,31440.68,31147.49,31290.96,699.025197
1654502400000,31290.96,31597,31281.22,31393.94,737.884367
1654516800000,31393.94,31758.79,31150.22,31537.75,1488.751026
1654531200000,31537.75,31551.39,31022.99,31473.97,931.038239
1654545600000,31473.97,31599.58,31237,31371.82,374.730838
1654560000000,31371.82,31376.58,29215.38,29563.65,1416.13079
1654574400000,29563.65,29633.77,29403.65,29587.25,331.181268
1654588800000,29587.25,29739.26,29345.24,29522.78,353.707175
1654603200000,29522.78,30042.88,29391.3,29888.3,851.010787
1654617600000,29888.3,31427.28,29740,31063.15,750.389452
1654632000000,31063.15,31581.05,30310.17,31123.41,1445.379273
1654646400000,31123.41,31320.36,29845.96,30016.42,1072.863213
1654660800000,30016.42,30683.04,29873.15,30559.59,734.872425
1654675200000,30559.59,30615.57,30335.54,30414.58,287.143794
1654689600000,30414.58,30888.88,30054.51,30464.4,1251.64948
1654704000000,30464.4,30541.47,29919.76,30127.49,663.554499
1654718400000,30127.49,30500,30100.01,30202.58,233.804179
1654732800000,30202.58,30326.09,30068.12,30290.93,218.32592
1654747200000,30290.93,30488.32,30233.71,30488.32,194.068729
1654761600000,30488.32,30699.99,30272.03,30299.84,510.976682
1654776000000,30299.84,30389.04,29946.99,30304.65,1028.529954
1654790400000,30304.65,30450,29984,30015.27,439.486417
1654804800000,30015.27,30253.74,29969.2,30102.09,366.356804
1654819200000,30102.09,30364.1,29550,30113.45,947.576044
1654833600000,30113.45,30234.91,30036.46,30045.06,372.675971
1654848000000,30045.06,30110.36,29852.24,30014.34,367.030003
1654862400000,30014.34,30180.58,29230,29454.21,1449.403117
1654876800000,29454.21,29479.96,28855.01,28978.21,1171.19672
1654891200000,28978.21,29407,28966.26,29088.69,419.476094
1654905600000,29088.69,29310.18,29049.02,29268.2,211.293035
1654920000000,29268.2,29437.91,29250.48,29325.74,136.921057
1654934400000,29325.74,29345.35,28571.36,28731.93,632.77104
1654948800000,28731.93,28867.8,28244.01,28410.8,694.230013
1654963200000,28410.8,28800.31,28101.02,28599.56,542.554681
1654977600000,28599.56,28683.87,28248.91,28422.39,292.303067
1654992000000,28422.39,28545.35,27281.49,27550,920.435387
1655006400000,27550,27670.65,27185.72,27640.36,578.771188
1655020800000,27640.36,27717.68,27349.46,27457.23,295.452573
1655035200000,27457.23,28342.95,26890.08,28091.96,872.49211
1655049600000,28091.96,28234.88,27420.67,27429.31,483.220721
1655064000000,27429.31,27546.68,26559.85,26578.02,1194.572858
1655078400000,26578.02,26886.83,24900,25510.43,2742.946139
1655092800000,25510.43,26262.13,24570.23,24804.24,2345.045129
1655107200000,24804.24,24941.69,23486,23725.61,2792.685006
1655121600000,23725.61,24391.03,22600,23264.93,3361.356126
1655136000000,23264.93,24200,23098.71,23199.65,2459.45423
1655150400000,23199.65,23780.2,21937,22485.59,1688.895513
1655164800000,22485.59,22800,20866.01,22127.76,2259.589752
1655179200000,22127.76,23369.09,21746.67,22884.98,2639.097275
1655193600000,22884.98,22989.11,21723.42,21991.83,1549.907191
1655208000000,21991.83,22800,21810.62,22693.61,2396.178084
1655222400000,22693.61,22796.85,22124.88,22190.98,1262.835571
1655236800000,22190.98,22345.58,21359.4,22150.09,1289.696346
1655251200000,22150.09,22311.53,21400,21456.47,1037.665346
1655265600000,21456.47,21486.93,20628,20717.16,2372.795912
1655280000000,20717.16,21287.15,20104.5,21174.02,3115.625245
1655294400000,21174.02,21789.47,21047.53,21421.65,2174.459776
1655308800000,21421.65,22452.12,20235,21618.1,5461.0466
1655323200000,21618.1,22804.62,21453.71,22582.72,1482.938983
1655337600000,22582.72,23000,22167.34,22208.47,854.021176
1655352000000,22208.47,22357.48,21643.92,21754.41,691.518992
1655366400000,21754.41,21899,20865.2,21057.57,1458.569537
1655380800000,21057.57,21511,20749,21079.98,1440.943213
1655395200000,21079.98,21457.19,20815.07,20881.26,1047.410646
1655409600000,20881.26,21045.14,20232,20401.2,852.957116
1655424000000,20401.2,21050.17,20241.09,20382.39,1094.265748
1655438400000,20382.39,21282.79,20330,21105.07,908.787584
1655452800000,21105.07,21370.59,20845.48,20972.34,803.215944
1655467200000,20972.34,21049.77,20388.36,20671.06,1007.332928
1655481600000,20671.06,20799.97,20442.04,20519.48,627.937408
1655496000000,20519.48,20720.02,20369.58,20464.85,363.018245
1655510400000,20464.85,20777.27,20320,20452.6,446.612472
1655524800000,20452.6,20533.07,19065.54,19265.32,1533.970365
1655539200000,19265.32,19536.35,18750,19252.17,1625.35035
1655553600000,19252.17,19289.39,18945.4,18950.28,620.737193
1655568000000,18950.28,19094.89,18038.08,18063.95,1694.050282
1655582400000,18063.95,19501.6,17625.01,18980.4,2951.932242
1655596800000,18980.4,19202.8,18216.55,18309.41,1529.28462
1655611200000,18309.41,18622.47,17954.64,18308.67,1307.696556
1655625600000,18308.67,20064.78,18274.93,19696.42,1954.378277
1655640000000,19696.42,19933.26,19137.83,19833.06,1578.76753
1655654400000,19833.06,20340,19375.54,20126.26,1543.437327
1655668800000,20126.26,20810.93,20055.35,20574.08,1411.024355
1655683200000,20574.08,20666.02,19641.65,19979.83,1306.24863
1655697600000,19979.83,20259.58,19778.95,20089.6,781.994963
1655712000000,20089.6,21029.5,20027.26,20801.42,1225.331887
1655726400000,20801.42,21074.19,20362.7,20824.65,1131.351488
1655740800000,20824.65,20830.91,19836.34,20085.47,1097.71822
1655755200000,20085.47,20788.25,20003.86,20576.55,756.095429
1655769600000,20576.55,20781.81,20345.35,20613.3,745.784841
1655784000000,20613.3,21331.89,20477.47,21122.37,951.89448
1655798400000,21122.37,21475,20919.89,20968.34,839.428634
1655812800000,20968.34,21716.66,20847.84,21395.35,1141.951092
1655827200000,21395.35,21551.88,20875.01,20889.95,671.72276
1655841600000,20889.95,21073.21,20553,20725.4,743.006099
1655856000000,20725.4,20737.59,20262,20316.44,721.937619
1655870400000,20316.44,20594.9,19962.47,20093.02,826.647598
1655884800000,20093.02,20686.23,20043.81,20507.42,639.568224
1655899200000,20507.42,20894.99,20026.74,20085.82,1300.797962
1655913600000,20085.82,20376.05,19847.75,20112.63,1247.072488
1655928000000,20112.63,20237.45,19767.27,19991.52,690.219795
1655942400000,19991.52,20611.08,19886.33,20214.55,605.586774
1655956800000,20214.55,20659.63,20166.78,20457.03,545.09273
1655971200000,20457.03,20809.99,20450.01,20641.95,916.522917
1655985600000,20641.95,20823.05,20290.9,20351.96,1402.244585
1656000000000,20351.96,20943.22,20179.05,20910.39,1032.752236
1656014400000,20910.39,21238.41,20678.5,21110.97,1513.70843
1656028800000,21110.97,21373.3,20971.28,21074.26,874.993758
1656043200000,21074.26,21167.3,20739.57,20909.32,691.66269
1656057600000,20909.32,21325,20745.37,21166.83,953.577458
1656072000000,21166.83,21458.81,20819.36,20886.18,1204.770714
1656086400000,20886.18,21264.47,20792.5,21250.93,796.636411
1656100800000,21250.93,21559.28,21148.31,21238.42,684.12962
1656115200000,21238.42,21376.9,21127.14,21297.21,568.044825
1656129600000,21297.21,21607.65,21180.15,21508.85,459.206569
1656144000000,21508.85,21557.05,21316.64,21336.75,420.718141
1656158400000,21336.75,21370.7,20907.81,20959.57,586.435837
1656172800000,20959.57,21254.09,20918.4,21206.47,413.979703
1656187200000,21206.47,21588.08,21146.08,21491.37,447.391023
1656201600000,21491.37,21544.83,21274.21,21425.54,202.274518
1656216000000,21425.54,21527.05,21340.01,21395.38,223.886562
1656230400000,21395.38,21784.7,21362.51,21706.92,392.31024
1656244800000,21706.92,21882.23,21193.85,21327.25,673.11499
1656259200000,21327.25,21442.08,21134.13,21282.81,237.029774
1656273600000,21282.81,21420,20971.28,21038.91,524.451815
1656288000000,21038.91,21195.04,20926.2,21170.7,431.078425
1656302400000,21170.7,21398.16,21142.75,21362.45,305.115183
1656316800000,21362.45,21546.11,21286,21304.28,512.528467
1656331200000,21304.28,21343.82,20591.68,20758.6,924.407278
1656345600000,20758.6,20937.56,20518.04,20857.99,701.666637
1656360000000,20857.99,20962.54,20687.5,20739.51,447.374729
1656374400000,20739.51,20871.75,20511.11,20735.85,552.338126
1656388800000,20735.85,20946.91,20703.2,20881.88,553.869149
1656403200000,20881.88,21212.5,20872.25,21000.01,603.546017
1656417600000,21000.01,21137.5,20590.89,20608.43,917.045307
1656432000000,20608.43,20769.6,20219.42,20255.93,906.529498
1656446400000,20255.93,20463.59,20203.59,20280.4,571.517106
1656460800000,20280.4,20399.4,20152.66,20289.48,480.052267
1656475200000,20289.48,20369.98,19904,20093.94,958.92581
1656489600000,20093.94,20233.24,19851.4,20108,875.246452
1656504000000,20108,20192.62,19892.54,20086.61,1181.126241
1656518400000,20086.61,20264.6,19933.28,20228.07,812.231717
1656532800000,20228.07,20433.99,20053.14,20126,633.390663
1656547200000,20126,20171.76,19942.76,20075.95,676.599567
1656561600000,20075.95,20092.99,19311,19435.45,1505.047308
1656576000000,19435.45,19441.15,18930.57,19100.22,1914.456575
1656590400000,19100.22,19331,18761.56,19155.42,2322.708193
1656604800000,19155.42,19296.32,18852.35,18927.5,1120.540381
1656619200000,18927.5,19977.42,18625,19947.96,1924.678376
1656633600000,19947.96,20926.71,19657.93,19727.22,2943.913916
1656648000000,19727.22,19755.47,19317.19,19576.11,1928.149641
1656662400000,19576.11,19809.08,18966.84,19191.18,1718.044514
1656676800000,19191.18,19669.3,19133.34,19289.97,1565.786923
1656691200000,19289.97,19544.28,19254.42,19391.15,816.601557
1656705600000,19391.15,19682.68,19220.01,19281.8,568.049481
1656720000000,19281.8,19388.32,19067.23,19132.36,709.099508
1656734400000,19132.36,19297.45,19110.11,19127.17,403.989402
1656748800000,19127.17,19282.34,18981,19196.14,476.205523
1656763200000,19196.14,19447.74,19147.02,19228.51,713.15347
1656777600000,19228.51,19401.41,19191.89,19269.47,401.767366
1656792000000,19269.47,19375,19198.27,19251.74,262.218119
1656806400000,19251.74,19302.98,19168.56,19265,274.142656
1656820800000,19265,19396.82,18780.37,19133.1,963.017428
1656835200000,19133.1,19153.17,18933.31,19086.11,387.700586
1656849600000,19086.11,19122.36,18965.07,19054.38,312.738958
1656864000000,19054.38,19557.54,19016.82,19501.37,462.659715
1656878400000,19501.37,19648.13,19213.68,19315.27,482.803044
1656892800000,19315.27,19339.24,19053.02,19104.27,492.824279
1656907200000,19104.27,19187,19079.97,19121.16,281.564658
1656921600000,19121.16,19844.96,19106.8,19808.63,881.06854
1656936000000,19808.63,20130,19495.2,19800.55,1363.891592
1656950400000,19800.55,20040,19675.01,19827.19,841.767062
1656964800000,19827.19,20359.68,19734.94,20237.99,1155.303449
1656979200000,20237.99,20481.42,20160.01,20312.2,977.183621
1656993600000,20312.2,20466.53,20176.58,20217.16,732.337734
1657008000000,20217.16,20217.16,19482.42,19520.32,1201.013224
1657022400000,19520.32,19592.21,19300,19519.93,1505.319692
1657036800000,19519.93,20505,19491.51,20395.61,1475.737475
1657051200000,20395.61,20747.06,20108.59,20174.35,1055.106099
1657065600000,20174.35,20387.98,19765.75,19949.2,939.554241
1657080000000,19949.2,20325.57,19862.16,20161.78,1061.872968
1657094400000,20161.78,20294.04,20040.2,20104.78,834.495146
1657108800000,20104.78,20360,19960,20146.01,902.132739
1657123200000,20146.01,20480.08,20129.81,20324.45,807.415299
1657137600000,20324.45,20670.93,20276,20564.05,664.95485
1657152000000,20564.05,20599.76,20386.24,20478.83,630.690996
1657166400000,20478.83,20493.81,20250,20439.8,470.352375
1657180800000,20439.8,20617.86,20392.97,20506.54,584.918673
1657195200000,20506.54,21030,20375.01,20884.16,1480.414832
1657209600000,20884.16,21836.89,20833.33,21801.26,1896.200105
1657224000000,21801.26,21833.85,21512.71,21618.7,799.712362
1657238400000,21618.7,22526.36,21573.11,22129.52,1229.505083
1657252800000,22129.52,22238.96,21714.96,21797.26,922.910666
1657267200000,21797.26,21816.5,21304.23,21583.2,1254.964395
1657281600000,21583.2,22123.2,21183.18,21959,2027.452438
1657296000000,21959,21976.16,21541.73,21813.84,776.104196
1657310400000,21813.84,22033.22,21581.47,21593.13,559.409165
1657324800000,21593.13,21687.99,21408,21606.69,528.167912
1657339200000,21606.69,21726.37,21485.36,21649.67,426.164177
1657353600000,21649.67,21766.66,21323.05,21440.38,403.900556
1657368000000,21440.38,21713.61,21387.56,21552.62,405.0086
1657382400000,21552.62,21994.72,21520.26,21619.76,431.273445
1657396800000,21619.76,21750.41,21550,21590.24,314.265131
1657411200000,21590.24,21606.48,21118.4,21297.92,597.245522
1657425600000,21297.92,21370,21165.88,21338.4,309.123261
1657440000000,21338.4,21424.74,21160,21303.13,343.905565
1657454400000,21303.13,21344.65,20836,20900.42,648.396265
1657468800000,20900.42,21042.8,20639.57,20917.39,423.085401
1657483200000,20917.39,21178.26,20697.47,20861.22,406.601732
1657497600000,20861.22,20861.48,20459.66,20550.91,578.675873
1657512000000,20550.91,20605.55,20366.56,20441.91,440.674143
1657526400000,20441.91,20626.49,20414.5,20473.29,372.842449
1657540800000,20473.29,20760,20274.29,20435.01,790.1571
1657555200000,20435.01,20717.46,20401.08,20503.09,497.124909
1657569600000,20503.09,20558.13,19880,19962.69,707.917334
1657584000000,19962.69,20003,19796.37,19942.15,501.78441
1657598400000,19942.15,20058.76,19620.77,19732.13,727.050709
1657612800000,19732.13,19830,19555.56,19779.01,844.104508
1657627200000,19779.01,20005.3,19698.38,19884.68,964.938754
1657641600000,19884.68,20006.14,19290,19400.03,1053.875356
1657656000000,19400.03,19550,19249.3,19332.71,592.763966
1657670400000,19332.71,19575.75,19267.33,19473.51,377.596399
1657684800000,19473.51,19868,19422.99,19710.27,472.449212
1657699200000,19710.27,19928.55,19668.41,19841.68,675.521063
1657713600000,19841.68,20115.26,18911.04,19458.13,3710.730999
1657728000000,19458.13,20047.02,19233.34,19653.3,1645.654854
1657742400000,19653.3,20359.99,19589.22,20239.13,957.941216
1657756800000,20239.13,20434.2,20170.23,20223.82,922.319117
1657771200000,20223.82,20271.93,19899.89,19989.38,725.680891
1657785600000,19989.38,20056.36,19647.88,19740.47,831.052438
1657800000000,19740.47,20458.66,19625.76,20385.4,1551.049039
1657814400000,20385.4,20895.32,20139.93,20606.39,1361.446926
1657828800000,20606.39,20715.52,20444.01,20591.15,365.027065
1657843200000,20591.15,20820,20383.34,20612.7,596.327166
1657857600000,20612.7,20927.8,20496.95,20830.33,638.553051
1657872000000,20830.33,21039.53,20726.36,20768.33,837.026286
1657886400000,20768.33,21095.27,20762.98,20794.59,1104.918335
1657900800000,20794.59,21183.48,20637.13,21159.94,798.903675
1657915200000,21159.94,21200,20765.75,20832.45,397.760839
1657929600000,20832.45,20858.45,20612.1,20738.72,309.045849
1657944000000,20738.72,20754.26,20473.64,20550.2,325.375456
1657958400000,20550.2,20681.78,20544.58,20614.74,184.889004
1657972800000,20614.74,20955.15,20584.26,20945.86,461.458436
1657987200000,20945.86,21582.47,20929.97,21188.34,1358.300761
1658001600000,21188.34,21340.35,20910.68,21196.23,499.880016
1658016000000,21196.23,21456.72,21090.91,21323.84,440.426293
1658030400000,21323.84,21674.99,21235.16,21466.26,563.486275
1658044800000,21466.26,21545.86,21224.14,21457.85,670.858781
1658059200000,21457.85,21494.79,21090.53,21173.59,451.83583
1658073600000,21173.59,21360.95,20828.71,21028.73,545.81925
1658088000000,21028.73,21076.65,20755.72,20801.77,360.640597
1658102400000,20801.77,21376.73,20764.1,21284.83,536.073938
1658116800000,21284.83,22396.95,21169.94,22246.99,1270.756493
1658131200000,22246.99,22514.59,21967.1,22138.05,943.096785
1658145600000,22138.05,22768.06,21898.7,22673.5,1007.927741
1658160000000,22673.5,22710.37,21400,21613.36,1119.626312
1658174400000,21613.36,22640.9,21444.88,22440,740.115629
1658188800000,22440,22956.51,21814.21,21894.39,1285.940182
1658203200000,21894.39,22124.99,21581.99,21766.69,761.996092
1658217600000,21766.69,22223.54,21699.78,21973.23,733.258947
1658232000000,21973.23,23192.4,21973.23,23126.06,1566.361681
1658246400000,23126.06,23700,22950.01,23388.74,1573.060865
1658260800000,23388.74,23797.85,23166.38,23398.06,775.829927
1658275200000,23398.06,23520,22937,23437.26,923.725006
1658289600000,23437.26,23856.57,23308.5,23394.53,815.409657
1658304000000,23394.53,23895.5,23312.34,23730.91,1046.168251
1658318400000,23730.91,24265.89,23566.31,24166.56,1723.727809
1658332800000,24166.56,24197.79,23419.99,23659.49,1155.504469
1658347200000,23659.49,23791.24,22919.4,23219.63,1342.819295
1658361600000,23219.63,23427.84,22666.4,22773.26,954.640247
1658376000000,22773.26,23084.9,22641.29,22935.01,729.543865
1658390400000,22935.01,23067.49,22461.25,22608.75,674.094945
1658404800000,22608.75,22849,22345.85,22649.06,935.310485
1658419200000,22649.06,23201.52,22636.4,23201.51,893.339789
1658433600000,23201.51,23308.73,22947.66,23147.78,554.824966
1658448000000,23147.78,23344.32,22866,22909.88,477.444041
1658462400000,22909.88,23319.67,22809.4,23115.19,510.723484
1658476800000,23115.19,23633.21,23071.88,23612.26,665.082611
1658491200000,23612.26,23747.99,23234.08,23291.75,809.825329
1658505600000,23291.75,23343.31,22542.09,22583.48,824.017589
1658520000000,22583.48,22777.76,22506,22687.01,298.387665
1658534400000,22687.01,22895,22557.1,22800.97,224.702571
1658548800000,22800.97,22997.15,22677.35,22766.95,312.870866
1658563200000,22766.95,22873.14,22175.32,22221.81,581.497841
1658577600000,22221.81,22383.55,22056.16,22219.25,458.039618
1658592000000,22219.25,22322.79,21945.31,22274.06,480.973396
1658606400000,22274.06,22554.1,22226.76,22452.4,347.543143
1658620800000,22452.4,22670.56,22298.67,22334.04,198.343502
1658635200000,22334.04,22833.28,22262.75,22705.17,377.606571
1658649600000,22705.17,22814.89,22485.85,22653.6,287.036461
1658664000000,22653.6,22908.65,22446.93,22853.34,433.708675
1658678400000,22853.34,22877.85,22634.48,22701.57,286.105632
1658692800000,22701.57,23007.64,22524.27,22581.53,450.142547
1658707200000,22581.53,22663.05,21781.25,21868.25,629.385601
1658721600000,21868.25,21999.29,21740.41,21965.01,373.937153
1658736000000,21965.01,22110.24,21873.11,21937.57,412.266104
1658750400000,21937.57,21997.49,21695.2,21890.41,579.386116
1658764800000,21890.41,22009.5,21561,21887.3,660.996006
1658779200000,21887.3,22249.92,21254.9,21312.66,917.537161
1658793600000,21312.66,21342.32,20858.33,21137.05,686.30007
1658808000000,21137.05,21260.08,21023.82,21065.41,314.585751
1658822400000,21065.41,21156.24,20936.38,21091.09,287.668897
1658836800000,21091.09,21187.44,20710.36,20739.21,652.95288
1658851200000,20739.21,21076.88,20734.89,20916.35,596.640955
1658865600000,20916.35,21300,20813.99,21248.22,529.164971
1658880000000,21248.22,21277.88,21042.46,21076.55,368.798244
1658894400000,21076.55,21443.46,21061.36,21344.79,421.769877
1658908800000,21344.79,21434.04,21129.22,21192.93,429.088184
1658923200000,21192.93,21544.89,21158.59,21535.75,632.251978
1658937600000,21535.75,23100,21457.82,22763.49,2006.466595
1658952000000,22763.49,23000,22578.69,22950.43,849.940691
1658966400000,22950.43,23445.85,22707.08,23130.31,546.333754
1658980800000,23130.31,23266.47,22889.07,22931.43,363.970205
1658995200000,22931.43,23137.68,22812.51,23110.62,499.954857
1659009600000,23110.62,23976.54,22577.19,23731.25,1772.389024
1659024000000,23731.25,24097.92,23672.39,23785.37,891.508953
1659038400000,23785.37,24192.14,23726.77,23845.75,838.653621
1659052800000,23845.75,23942.38,23707.89,23915.37,491.740943
1659067200000,23915.37,24439.72,23826.58,23943.19,548.010946
1659081600000,23943.19,24130.7,23556.75,23721.26,765.642614
1659096000000,23721.26,24221.39,23427.6,24007.14,1138.571216
1659110400000,24007.14,24042.14,23614.93,23903.98,782.230492
1659124800000,23903.98,24133.18,23701.21,23775.76,557.248261
1659139200000,23775.76,23960.2,23643.67,23800,482.825349
1659153600000,23800,23911.64,23625,23877.37,333.473832
1659168000000,23877.37,24050,23736.67,23955.61,384.421608
1659182400000,23955.61,24668.16,23914.97,24516.75,859.71931
1659196800000,24516.75,24588.06,23866.52,23918.43,808.842632
1659211200000,23918.43,24074.77,23512.92,23638.03,561.451051
1659225600000,23638.03,23886.42,23527.2,23737.34,326.477257
1659240000000,23737.34,23836.04,23670.86,23710.48,199.76413
1659254400000,23710.48,23852.62,23563.19,23804.05,245.55178
1659268800000,23804.05,23857.1,23600.23,23771.8,160.59288
1659283200000,23771.8,24190.45,23388.99,23847.66,726.782331
1659297600000,23847.66,23890,23233.94,23305.12,473.639795
1659312000000,23305.12,23464.43,23262.16,23384.35,194.743215
1659326400000,23384.35,23417.65,23117,23318.89,278.820298
1659340800000,23318.89,23379.28,22950,23228.85,406.246159
1659355200000,23228.85,23499.48,22968.62,23321.65,594.88806
1659369600000,23321.65,23352.42,22852.3,22956.81,478.256061
1659384000000,22956.81,23406,22911.18,23265.44,306.712729
1659398400000,23265.44,23435.45,22779.76,22849.76,388.969313
1659412800000,22849.76,22929.2,22721,22890.07,218.419035
1659427200000,22890.07,22965.95,22657.2,22881.27,620.494843
1659441600000,22881.27,23144.34,22666.93,22977.89,634.953701
1659456000000,22977.89,23450,22863.96,22939.99,572.4154
1659470400000,22939.99,23146.49,22911.04,22978.1,263.732565
1659484800000,22978.1,23066.17,22685.78,22858.98,282.157994
1659499200000,22858.98,23068.19,22802.71,22984.33,214.41117
1659513600000,22984.33,23465.97,22984.33,23403.43,382.655064
1659528000000,23403.43,23638.46,23204.26,23362.71,482.963878
1659542400000,23362.71,23569.55,23262.15,23462.6,309.207986
1659556800000,23462.6,23484.96,22727.27,22819.37,404.936434
1659571200000,22819.37,23217.02,22794.53,23089.68,346.220953
1659585600000,23089.68,23179.41,22818.15,22948.7,275.867904
1659600000000,22948.7,22954.99,22771.16,22880.36,303.94263
1659614400000,22880.36,23141.61,22759.23,22927.96,532.294552
1659628800000,22927.96,22982.74,22404.72,22451.78,557.41846
1659643200000,22451.78,22665.53,22451.01,22617.74,263.045971
1659657600000,22617.74,23195.7,22591.61,23171.68,331.525306
1659672000000,23171.68,23422.79,23067.71,23188.14,284.965943
1659686400000,23188.14,23434.53,23100.96,23404.6,340.797815
1659700800000,23404.6,23475.53,22886.49,22993.61,783.226604
1659715200000,22993.61,23096.31,22760,22934.39,384.85861
1659729600000,22934.39,23319.37,22846.2,23308.31,360.190537
1659744000000,23308.31,23346.86,23158.14,23173.29,230.876521
1659758400000,23173.29,23234.29,23138.78,23197.84,151.863074
1659772800000,23197.84,23253.86,23107.1,23156.45,141.516572
1659787200000,23156.45,23235.44,23154.77,23206.21,76.505128
1659801600000,23206.21,23253.47,22982.59,23184.49,193.949994
1659816000000,23184.49,23214.97,22910.01,22951.2,191.153705
1659830400000,22951.2,23045.66,22850,22993.5,157.924725
1659844800000,22993.5,23026.94,22940.3,23014.51,109.18501
1659859200000,23014.51,23049.46,22893.59,23039.26,134.251841
1659873600000,23039.26,23180,23010,23019.58,154.732551
1659888000000,23019.58,23300,22996.87,23157.69,147.876355
1659902400000,23157.69,23396.97,23066.66,23177.58,186.87642
1659916800000,23177.58,23343.52,23159.87,23306.56,150.433249
1659931200000,23306.56,23847.18,23277.88,23812.13,380.654518
1659945600000,23812.13,24180.6,23765.21,24166.92,568.970236
1659960000000,24166.92,24240.6,23899.89,23989,622.56301
1659974400000,23989,24007.13,23800,23933.8,249.527861
1659988800000,23933.8,24100,23679.03,23815.45,312.326702
1660003200000,23815.45,23866.45,23629.68,23832.37,171.564849
1660017600000,23832.37,23926.69,23760,23872.52,172.747871
1660032000000,23872.52,23887.45,23194.52,23270,681.7046
1660046400000,23270,23333.19,22875,23080,418.527302
1660060800000,23080,23125,22980.01,23058.44,358.116542
1660075200000,23058.44,23264.87,23058.4,23150.39,153.969731
1660089600000,23150.39,23150.39,22664.06,22863.85,376.224307
1660104000000,22863.85,23011.22,22834.69,22965.55,145.233515
1660118400000,22965.55,23198.79,22965.35,23122.5,257.878974
1660132800000,23122.5,24172,23016.33,24003.03,1731.951271
1660147200000,24003.03,24096.84,23486.37,23633.31,475.619982
1660161600000,23633.31,24221.92,23628.56,23952.14,453.231406
1660176000000,23952.14,24489,23919.51,24323.68,533.219778
1660190400000,24323.68,24745,24285.98,24423.49,452.818011
1660204800000,24423.49,24676.41,24351,24557.94,778.214588
1660219200000,24557.94,24920,24282.3,24347.72,995.639741
1660233600000,24347.72,24415.51,24081.76,24220,524.656879
1660248000000,24220,24333.03,23857.13,23935.04,268.7606
1660262400000,23935.04,24095.03,23757.7,24013.13,217.277737
1660276800000,24013.13,24048.37,23881.24,23958.5,163.021895
1660291200000,23958.5,24142.21,23589.76,23673.37,405.20315
1660305600000,23673.37,24006.17,23654.7,23984.11,353.68819
1660320000000,23984.11,24260.44,23953.33,24185.42,284.062303
1660334400000,24185.42,24449.69,24054.2,24395.19,266.188211
1660348800000,24395.19,24801,24337.88,24798.24,366.161029
1660363200000,24798.24,24880.13,24560.07,24569.77,236.523842
1660377600000,24569.77,24650,24299.94,24440.73,385.935373
1660392000000,24440.73,24599,24301.02,24509.03,207.15826
1660406400000,24509.03,24585.43,24335.93,24400,171.245568
1660420800000,24400,24536.94,24324.68,24437.66,97.756788
1660435200000,24437.66,24635.35,24344.33,24566.72,136.492076
1660449600000,24566.72,25040,24500.24,24875.4,281.006223
1660464000000,24875.4,24879.34,24528.88,24562.23,315.389951
1660478400000,24562.23,24591.36,24406.08,24525.45,190.249019
1660492800000,24525.45,24558.39,24150,24284.2,428.861826
1660507200000,24284.2,24425.65,24179,24303.56,198.749429
1660521600000,24303.56,25204.62,24169.89,24862.02,525.770745
1660536000000,24862.02,24978,23949,24030.46,695.97749
1660550400000,24030.46,24308.15,23876.63,24058.3,490.351108
1660564800000,24058.3,24256,23905.22,24234.33,385.602468
1660579200000,24234.33,24278.74,23971.42,23979.26,245.816062
1660593600000,23979.26,24188.03,23772.42,24095.41,295.784403
1660608000000,24095.41,24241.85,23857.51,24089.32,362.437785
1660622400000,24089.32,24145.31,23794.88,24058.48,258.57961
1660636800000,24058.48,24146.9,23970.57,24038.39,227.827555
1660651200000,24038.39,24089.27,23678.49,23903.45,382.917721
1660665600000,23903.45,24050,23697,23933.88,351.859188
1660680000000,23933.88,23989.93,23800,23859.05,116.645927
1660694400000,23859.05,24076.52,23829.8,24001.77,180.29239
1660708800000,24001.77,24440.71,23766.57,23796.77,592.951982
1660723200000,23796.77,23916.2,23697.91,23738.35,308.126457
1660737600000,23738.35,23756.05,23320.4,23395.55,572.52257
1660752000000,23395.55,23634.15,23241.05,23274.98,536.958177
1660766400000,23274.98,23415.38,23187.51,23335.92,303.897047
1660780800000,23335.92,23513.01,23290.55,23434.78,132.930083
1660795200000,23434.78,23465.47,23328.61,23408.53,152.72729
1660809600000,23408.53,23575,23348.27,23529.61,185.412642
1660824000000,23529.61,23594.7,23358.62,23456.92,317.551478
1660838400000,23456.92,23467.17,23233.23,23344.12,629.212064
1660852800000,23344.12,23439.53,23097.68,23187.3,272.031444
1660867200000,23187.3,23199.37,22715.91,22768.87,400.61387
1660881600000,22768.87,22831.72,21400,21905.73,1388.83572
1660896000000,21905.73,21911.85,21265,21475,1169.634297
1660910400000,21475,21595.89,21269.57,21445.4,740.020881
1660924800000,21445.4,21651.92,21152.73,21329.99,524.264972
1660939200000,21329.99,21379.19,20785.07,20827.96,955.503074
1660953600000,20827.96,21187.69,20795.71,21140.33,518.736505
1660968000000,21140.33,21370.11,21083.71,21305.22,479.369664
1660982400000,21305.22,21314.15,21120,21236.71,376.844167
1660996800000,21236.71,21342.83,21203.36,21298.99,415.093887
1661011200000,21298.99,21354.99,20943.78,20983.88,520.400046
1661025600000,20983.88,21246.16,20768.12,21137.82,601.532259
1661040000000,21137.82,21324.99,21125.7,21208.25,230.859372
1661054400000,21208.25,21279.94,21068.22,21248.19,223.590681
1661068800000,21248.19,21559.52,21229.51,21525.43,506.050947
1661083200000,21525.43,21578.9,21318.25,21418.01,218.097571
1661097600000,21418.01,21551.73,21331.51,21510.88,242.967322
1661112000000,21510.88,21783.45,21274.69,21516.52,510.014569
1661126400000,21516.52,21529.97,21367.43,21420.42,215.125149
1661140800000,21420.42,21488.02,21065.69,21108.7,305.066525
1661155200000,21108.7,21333.33,20899.33,21246.5,726.623576
1661169600000,21246.5,21437.81,21087.31,21404.82,602.939846
1661184000000,21404.82,21540,20967.49,21055.75,428.926399
1661198400000,21055.75,21417.71,21051.34,21399.3,278.054717
1661212800000,21399.3,21464.15,21226.25,21240.95,216.111939
1661227200000,21240.95,21314.75,20895.01,21305.45,354.492156
1661241600000,21305.45,21545.44,21288.05,21451.8,501.200552
1661256000000,21451.8,21678.55,21331.57,21471.55,701.510392
1661270400000,21471.55,21596.83,21363.67,21516.14,314.013942
1661284800000,21516.14,21648.88,21434.68,21519.02,227.645895
1661299200000,21519.02,21552.04,21154.25,21267.25,331.614876
1661313600000,21267.25,21497.25,21239.02,21316.65,278.826332
1661328000000,21316.65,21470.56,21267.56,21441.34,206.002921
1661342400000,21441.34,21641.83,21372.46,21614.19,364.950849
1661356800000,21614.19,21897.64,21610.01,21704.8,378.060366
1661371200000,21704.8,21755.27,21366,21366.01,263.061622
1661385600000,21366.01,21631.63,21312.51,21465.29,297.790216
1661400000000,21465.29,21756.19,21460.94,21738.99,284.429074
1661414400000,21738.99,21811,21612.91,21723.07,232.826236
1661428800000,21723.07,21777,21489.85,21566.24,329.65107
1661443200000,21566.24,21644.8,21427.53,21601.15,300.036186
1661457600000,21601.15,21679.2,21520.19,21563.81,158.259817
1661472000000,21563.81,21610.05,21436.8,21554.59,197.57416
1661486400000,21554.59,21561.86,21332.5,21450.32,257.201971
1661500800000,21450.32,21464.01,21117.65,21192.28,473.349233
1661515200000,21192.28,21868.78,20641.37,20773.62,2390.672924
1661529600000,20773.62,20830.08,20533.27,20642.64,721.558674
1661544000000,20642.64,20748.02,20115,20244.11,729.65496
1661558400000,20244.11,20371.8,20138.46,20204.09,431.746238
1661572800000,20204.09,20275.91,19933.3,20272.06,613.894388
1661587200000,20272.06,20276.38,20141.38,20207.87,358.196279
1661601600000,20207.87,20238.96,19799,19976.17,672.994196
1661616000000,19976.17,20094.62,19843.75,20021.84,485.139328
1661630400000,20021.84,20097.16,19864.05,20043.3,325.388808
1661644800000,20043.3,20158.75,19930.75,19995.82,244.920311
1661659200000,19995.82,20082.07,19941.12,20055.98,164.858898
1661673600000,20055.98,20103.82,19946.3,20033.38,218.007697
1661688000000,20033.38,20055.75,19810,20017.35,374.80404
1661702400000,20017.35,20152.6,19957.5,19976.07,231.815216
1661716800000,19976.07,20048.97,19526.89,19555.66,519.695328
1661731200000,19555.66,19962.8,19553.08,19859.28,400.291563
1661745600000,19859.28,19935.77,19744.05,19893.08,256.133582
1661760000000,19893.08,19920.1,19766.42,19823.98,421.027685
1661774400000,19823.98,20381.15,19808.55,20257.73,902.640857
1661788800000,20257.73,20427.41,20081.26,20092.57,477.57353
1661803200000,20092.57,20348.48,20080.96,20293.48,247.539108
1661817600000,20293.48,20293.48,20115.26,20273.32,253.04567
1661832000000,20273.32,20574.55,20257.65,20432.49,361.001064
1661846400000,20432.49,20508.86,20339.62,20401.04,293.043556
1661860800000,20401.04,20447.7,19654.84,19757.11,831.735643
1661875200000,19757.11,20092.85,19541.52,19951.37,786.44214
1661889600000,19951.37,20054.57,19747.87,19811.52,362.908661
1661904000000,19811.52,20458.62,19801.94,20403.97,416.349386
1661918400000,20403.97,20494.03,20190.4,20256.84,260.127388
1661932800000,20256.84,20405.55,20123.63,20314.59,346.497422
1661947200000,20314.59,20421.62,19876.46,20144.59,474.542197
1661961600000,20144.59,20325.79,19882.2,20227.1,336.024247
1661976000000,20227.1,20292.24,19968.03,20051.21,225.557005
1661990400000,20051.21,20203.29,19915.61,20019.61,248.752118
1662004800000,20019.61,20133.3,19809.71,19896.51,279.205438
1662019200000,19896.51,20120.08,19825.12,20071.19,305.527885
1662033600000,20071.19,20094.88,19655.41,19775,487.607978
1662048000000,19775,19935.55,19568,19870.63,515.118256
1662062400000,19870.63,20175.6,19842.7,20133.28,442.364983
1662076800000,20133.28,20244.02,19801.75,20161.25,538.84672
1662091200000,20161.25,20297.28,20040.01,20112.03,220.672072
1662105600000,20112.03,20173.01,19986.78,20086.49,323.369238
1662120000000,20086.49,20434.07,20025.47,20360.16,934.729786
1662134400000,20360.16,20379.44,19760,19909.97,757.887131
1662148800000,19909.97,20015.67,19861.76,19955.34,205.185273
1662163200000,19955.34,20049,19869.46,19895.36,179.641398
1662177600000,19895.36,19965.81,19756.4,19817.09,188.162975
1662192000000,19817.09,19866.62,19732.81,19799.49,156.620152
1662206400000,19799.49,19900,19750,19769.42,125.536837
1662220800000,19769.42,19833.58,19657.01,19712.43,190.922456
1662235200000,19712.43,19846.99,19681.78,19833.16,93.935902
1662249600000,19833.16,19855.26,19743.25,19770.03,92.42105
1662264000000,19770.03,19810.25,19620.45,19631.74,145.629283
1662278400000,19631.74,19849,19591.01,19846.23,256.438206
1662292800000,19846.23,19937.6,19651.25,19787.79,265.39699
1662307200000,19787.79,19950,19722.04,19880,290.297901
1662321600000,19880,20023.7,19816.83,20001.27,222.368942
1662336000000,20001.27,20057.44,19815.39,19884.23,207.57471
1662350400000,19884.23,19911.46,19684.58,19750.77,250.605102
1662364800000,19750.77,19804.27,19640.66,19698.89,212.209791
1662379200000,19698.89,19948.58,19671.07,19853.19,348.272554
1662393600000,19853.19,19908.16,19671.76,19711.95,262.464239
1662408000000,19711.95,19866.62,19701.66,19794.78,204.970507
1662422400000,19794.78,20178.84,19677.12,19786.04,578.501466
1662436800000,19786.04,19946.69,19728.01,19906.85,440.345431
1662451200000,19906.85,20027.77,19861.86,19919.87,1013.476369
1662465600000,19919.87,19995.95,19661.86,19818.63,2199.279169
1662480000000,19818.63,19852.74,18748.57,18824.18,3882.600312
1662494400000,18824.18,19083.6,18650.96,18789.67,1802.997214
1662508800000,18789.67,18871.98,18525.51,18745.02,1620.976164
1662523200000,18745.02,18842.5,18672.26,18803.13,1183.394189
1662537600000,18803.13,18859,18691.88,18739.48,1325.060279
1662552000000,18739.48,18965.6,18675.8,18873.47,2105.390947
1662566400000,18873.47,19197.33,18851.62,18991.53,1893.880922
1662580800000,18991.53,19462.01,18988.57,19291.68,2097.374405
1662595200000,19291.68,19381.61,19152.15,19218.16,992.830683
1662609600000,19218.16,19386.22,19052.78,19170.42,822.226915
1662624000000,19170.42,19393.25,19141.01,19311.37,1131.062723
1662638400000,19311.37,19376.33,19015.1,19252.07,3461.730512
1662652800000,19252.07,19356,19089.68,19356,1825.414863
1662667200000,19356,19458.29,19252.21,19317.14,1085.79705
1662681600000,19317.14,19956.6,19291.51,19945.72,1458.770817
1662696000000,19945.72,20815.93,19928.58,20631.94,4333.137925
1662710400000,20631.94,21190.51,20623.71,20936.25,2762.614023
1662724800000,20936.25,21337.72,20910,21266.9,2710.949381
1662739200000,21266.9,21438,21128.48,21283.87,2345.397622
1662753600000,21283.87,21629.15,21185.14,21364.44,2047.510545
1662768000000,21364.44,21390.94,21165.06,21300,1355.706114
1662782400000,21300,21671.39,21250,21280.85,1876.886643
1662796800000,21280.85,21392.3,21251.64,21286.47,1094.032098
1662811200000,21286.47,21366.19,21116.39,21216.29,1668.838464
1662825600000,21216.29,21643.02,21170.82,21582.59,1777.949961
1662840000000,21582.59,21806.64,21363.65,21645.83,2368.481051
1662854400000,21645.83,21680.44,21449.21,21540.2,1439.074582
1662868800000,21540.2,21643.59,21344.7,21613.13,1673.481474
1662883200000,21613.13,21723.24,21553.24,21613.2,1741.380901
1662897600000,21613.2,21753.4,21458.61,21641.6,1435.409525
1662912000000,21641.6,21865.56,21527.5,21619.48,1495.287075
1662926400000,21619.48,21859.23,21449.96,21823.17,2374.528999
1662940800000,21823.17,22373.43,21545.45,21659.68,4479.745236
1662955200000,21659.68,22228.4,21624.38,22189.65,1474.147928
1662969600000,22189.65,22472.77,21967.65,22313.44,2277.968776
1662984000000,22313.44,22484.14,22005.53,22113.94,1892.921832
1662998400000,22113.94,22455,22015,22429.09,1505.829828
1663012800000,22429.09,22483.32,22253.96,22394.49,1128.292823
1663027200000,22394.49,22445.48,22062.05,22229.36,1316.843531
1663041600000,22229.36,22635,22178.38,22274.99,1649.946834
1663056000000,22274.99,22710.77,22185.43,22526.77,1639.917152
1663070400000,22526.77,22800.35,20755.66,20836.27,8195.340377
1663084800000,20836.27,20928.54,20051,20289.39,2280.45205
1663099200000,20289.39,20413.03,19872.68,20172.78,2310.500778
1663113600000,20172.78,20533.32,20044.74,20323.75,1389.529251
1663128000000,20323.75,20405.41,20133.49,20243.15,1120.233497
1663142400000,20243.15,20418.16,20082,20225.87,1397.660919
1663156800000,20225.87,20388.88,20069.31,20175.74,2057.989301
1663171200000,20175.74,20239.96,19623.37,19950.04,2930.894283
1663185600000,19950.04,20391.15,19854.04,20224.55,1390.410485
1663200000000,20224.55,20269.58,19919.87,20025.1,2535.665138
1663214400000,20025.1,20328.84,19958.74,20206.24,3560.068899
1663228800000,20206.24,20231.12,20023.77,20149.75,1587.495132
1663243200000,20149.75,20194.72,19500,19737.35,4331.277163
1663257600000,19737.35,19946.86,19647.55,19784.93,1750.720627
1663272000000,19784.93,19893.98,19582.51,19700.98,1544.521939
1663286400000,19700.98,19813.54,19583.12,19747.43,1017.494376
1663300800000,19747.43,19862.92,19727.26,19741.85,1115.293148
1663315200000,19741.85,19890,19611.08,19868.28,1416.890837
1663329600000,19868.28,19875.91,19444.1,19666.78,3448.12959
1663344000000,19666.78,19666.78,19335,19622.03,2596.898335
1663358400000,19622.03,19823.2,19615.07,19807.09,1275.263438
1663372800000,19807.09,20072.84,19771.14,19885,1421.90119
1663387200000,19885,19990.23,19785.22,19844,1151.125836
1663401600000,19844,19916.05,19806.76,19807.54,833.61845
1663416000000,19807.54,20025.54,19745.41,19963.51,1090.917239
1663430400000,19963.51,20186.41,19934.8,20006.75,1607.115472
1663444800000,20006.75,20146.2,19941.13,20112,1055.426019
1663459200000,20112,20117.19,19948.79,20000.44,1000.444812
1663473600000,20000.44,20098.73,19954.82,20054.95,730.683237
1663488000000,20054.95,20100.69,19762.18,19921.55,1693.935062
1663502400000,19921.55,20029.63,19726.05,19814.98,1433.593033
1663516800000,19814.98,19879.92,19560.62,19726.63,2635.974535
1663531200000,19726.63,19752.58,19335.26,19416.95,2845.345359
1663545600000,19416.95,19517.48,18666.67,18774.97,4373.00057
1663560000000,18774.97,18875,18252,18470.8,4445.036591
1663574400000,18470.8,18798.47,18370.98,18682.93,1956.227332
1663588800000,18682.93,19433.96,18675.01,19081.54,3796.023157
1663603200000,19081.54,19549.77,18876.21,19512.19,2571.355953
1663617600000,19512.19,19685,19416.62,19535.58,2166.827889
1663632000000,19535.58,19634.8,19170.54,19364.27,2565.746406
1663646400000,19364.27,19587.5,19238.3,19357.91,2583.591628
1663660800000,19357.91,19427.31,19147.63,19218.62,1954.422128
1663675200000,19218.62,19267.3,18770,19232.46,2977.019259
1663689600000,19232.46,19316.45,18725,18991.7,2829.597979
1663704000000,18991.7,19093.38,18787.48,18875.72,1828.867934
1663718400000,18875.72,19060.44,18831.99,19021.73,1931.405882
1663732800000,19021.73,19128.15,18793.16,18946.44,2509.249406
1663747200000,18946.44,19207.48,18824.64,19165.15,2152.771713
1663761600000,19165.15,19477.97,19085,19192.54,3747.95249
1663776000000,19192.54,19973.62,18630,19004.01,10669.887779
1663790400000,19004.01,19071.4,18137.44,18459.81,3999.595391
1663804800000,18459.81,18787.5,18359.11,18689.94,3456.81378
1663819200000,18689.94,18966.94,18619.85,18929.72,3828.960448
1663833600000,18929.72,19284.41,18904.31,19232.58,6375.694539
1663848000000,19232.58,19311.1,18796.64,18990,6919.657642
1663862400000,18990,19490.31,18783.31,19307.68,6837.272708
1663876800000,19307.68,19528.59,19154,19397.79,3689.346747
1663891200000,19397.79,19467.15,19229.4,19394.99,2933.187112
1663905600000,19394.99,19500,19200,19221,3284.651379
1663920000000,19221,19272.5,18833.42,18863.44,3750.609279
1663934400000,18863.44,19077.46,18533.32,18714.28,6389.139563
1663948800000,18714.28,18851.83,18572.67,18810.71,6330.439027
1663963200000,18810.71,19405.15,18805,19287.95,3081.556642
1663977600000,19287.95,19312.49,19031.56,19121.06,2221.875916
1663992000000,19121.06,19188.18,18924.26,18997.48,1873.898387
1664006400000,18997.48,19116.64,18937.93,19050.84,1495.841782
1664020800000,19050.84,19224.67,19012.51,19124.95,1861.668119
1664035200000,19124.95,19194.35,19050.48,19102.5,1327.250766
1664049600000,19102.5,19153.81,18806,18918.62,3537.551211
1664064000000,18918.62,19060.98,18910.92,19055,1201.863082
1664078400000,19055,19130,18937.86,19095.39,1460.055009
1664092800000,19095.39,19185.45,18981.6,19112.13,1005.551918
1664107200000,19112.13,19143.26,18842.19,18989.01,1708.290604
1664121600000,18989.01,19121.21,18865.4,18916.58,2127.946951
1664136000000,18916.58,18952.5,18631.69,18806.85,2832.25398
1664150400000,18806.85,18949.88,18719.33,18870.38,2976.827296
1664164800000,18870.38,18935.72,18681.23,18915.52,2781.873069
1664179200000,18915.52,19317.06,18806,18875.33,5334.02086
1664193600000,18875.33,19280,18818.25,19114.79,4444.853548
1664208000000,19114.79,19274.82,18968.75,19203.75,3478.703828
1664222400000,19203.75,19247.22,19070.89,19225.7,2722.705921
1664236800000,19225.7,20297.5,19186.98,20098.24,6689.757674
1664251200000,20098.24,20349.84,19959.07,20183.91,4373.93096
1664265600000,20183.91,20335.06,20096.27,20226.6,3068.20685
1664280000000,20226.6,20383.48,19869.55,19884.48,6907.409649
1664294400000,19884.48,19951.56,18812.6,19078.87,13482.05882
1664308800000,19078.87,19164.24,18926.78,19076.02,3845.521756
1664323200000,19076.02,19234.99,18468.11,18747.79,6318.124746
1664337600000,18747.79,18883.08,18621.35,18782.37,3231.255749
1664352000000,18782.37,19155.46,18564.98,18954.6,5992.18243
1664366400000,18954.6,19502,18944,19485.9,8454.548391
1664380800000,19485.9,19660.91,19260.83,19544.26,7071.849917
1664395200000,19544.26,19776.68,19383.81,19413.5,2751.860299
1664409600000,19413.5,19602.43,19281.72,19506.17,2201.270138
1664424000000,19506.17,19629.39,19264.31,19360.95,2941.319966
1664438400000,19360.95,19550.15,19302,19465.04,1965.989001
1664452800000,19465.04,19477,18842.36,19286.87,5997.147083
1664467200000,19286.87,19643.92,19119.68,19403.13,4441.027695
1664481600000,19403.13,19616.57,19381.99,19591.57,1268.728106
1664496000000,19591.57,19700,19310,19400.43,1540.509522
1664510400000,19400.43,19638.98,19389.5,19570,1667.273461
1664524800000,19570,19632.88,19404.16,19435.56,1763.514547
1664539200000,19435.56,20181.4,19154.67,19753.87,5847.679965
1664553600000,19753.87,19873.24,19468.8,19477.32,3052.311908
1664568000000,19477.32,19542.84,19241.57,19421.9,1559.97485
1664582400000,19421.9,19483.3,19351.71,19413.93,834.031257
1664596800000,19413.93,19423.93,19257.28,19309.4,1347.872341
1664611200000,19309.4,19368.62,19161.74,19312.96,1297.832851
1664625600000,19312.96,19398.7,19240.51,19331.28,1108.072913
1664640000000,19331.28,19352,19206.15,19270.13,1114.695284
1664654400000,19270.13,19344.65,19200,19311.15,692.990093
1664668800000,19311.15,19347.87,19236,19312,626.989629
1664683200000,19312,19395.76,19228.56,19286.43,1455.940227
1664697600000,19286.43,19300,19038.01,19191.94,1338.995287
1664712000000,19191.94,19248.25,19070,19147.15,1312.039648
1664726400000,19147.15,19340.38,19130.97,19260.19,1175.253395
1664740800000,19260.19,19303.15,18921.46,19058.81,2557.840397
1664755200000,19058.81,19257.76,18962.08,19167.51,1704.585242
1664769600000,19167.51,19314.25,19059.96,19198.71,1959.085563
1664784000000,19198.71,19255,19122.21,19245.7,1113.030189
1664798400000,19245.7,19498.14,19134,19334.3,3953.513327
1664812800000,19334.3,19648,19311.1,19543,2984.790183
1664827200000,19543,19714.24,19509.55,19628.05,1868.100693
1664841600000,19628.05,19721,19493.08,19596.23,1275.194153
1664856000000,19596.23,19972.99,19552.15,19963.8,2842.678985
1664870400000,19963.8,20158.56,19806.69,19938.81,2800.704034
1664884800000,19938.81,20264,19905.54,20098.63,3493.063317
1664899200000,20098.63,20278.75,19870.01,20224.99,2700.024166
1664913600000,20224.99,20460,20145.3,20337.71,2433.12364
1664928000000,20337.71,20361.59,20143.75,20190.84,1214.875289
1664942400000,20190.84,20299.99,20072,20220.95,2261.627923
1664956800000,20220.95,20244.33,19956,20027.32,2459.64317
1664971200000,20027.32,20070.96,19736.83,20002.12,3674.47276
1664985600000,20002.12,20350,19952.77,20123,3750.461217
1665000000000,20123,20216.8,19977.16,20161.1,1992.426852
1665014400000,20161.1,20442.43,20140.93,20355.2,3055.333362
1665028800000,20355.2,20455.04,20155,20218.49,2817.5456
1665043200000,20218.49,20258.45,20080.43,20246.84,3020.339011
1665057600000,20246.84,20325.4,19876.24,20010.41,8569.908884
1665072000000,20010.41,20258.78,19947.98,20013.54,5054.025137
1665086400000,20013.54,20071.09,19852.61,19961.77,3427.028181
1665100800000,19961.77,20055.83,19940.04,19978.39,2640.956403
1665115200000,19978.39,20012.41,19808.98,19927.73,2783.487572
1665129600000,19927.73,20024.8,19912.97,19999.95,2763.720955
1665144000000,19999.95,20065.44,19475,19577.32,9955.295044
1665158400000,19577.32,19605.58,19321.58,19458.6,5085.189514
1665172800000,19458.6,19643.23,19436.2,19527,2378.959322
1665187200000,19527,19626,19493.33,19499.54,2158.606331
1665201600000,19499.54,19545.07,19414.46,19499.06,2200.768712
1665216000000,19499.06,19547.3,19451.96,19535.25,580.76579
1665230400000,19535.25,19543.13,19415.08,19488.72,564.723854
1665244800000,19488.72,19533,19435,19470.09,632.696229
1665259200000,19470.09,19479.76,19241,19414.41,1859.922002
1665273600000,19414.41,19452.8,19329.36,19368.42,654.642224
1665288000000,19368.42,19439.46,19317.13,19406,534.247014
1665302400000,19406,19553.75,19373,19471,1060.324348
1665316800000,19471,19550,19460.81,19536.06,627.412047
1665331200000,19536.06,19555.2,19355.5,19466.77,1608.884057
1665345600000,19466.77,19499,19365.94,19438.5,1339.20297
1665360000000,19438.5,19526.01,19400,19452.07,1200.025439
1665374400000,19452.07,19476.8,19366.98,19410.21,1059.992129
1665388800000,19410.21,19419.2,19126.49,19331.61,2456.652974
1665403200000,19331.61,19443.29,19221.68,19270.73,2909.709252
1665417600000,19270.73,19359.89,19098.66,19213.29,2720.743239
1665432000000,19213.29,19281,19022,19130.45,1632.003866
1665446400000,19130.45,19131.2,18951,19044.08,1822.857768
1665460800000,19044.08,19115.72,19008.35,19082.94,1175.487759
1665475200000,19082.94,19157.88,19030,19152.79,1240.403584
1665489600000,19152.79,19267.33,18857.12,19146.79,3479.276296
1665504000000,19146.79,19185,18916.84,18994.57,2075.751188
1665518400000,18994.57,19065.86,18985.21,19058,851.76334
1665532800000,19058,19131.55,19021.05,19049.72,1235.818157
1665547200000,19049.72,19201,19042.95,19112.24,1292.907978
1665561600000,19112.24,19200.37,19087.96,19114.26,1078.576253
1665576000000,19114.26,19180,18960.68,19138.19,2796.008325
1665590400000,19138.19,19176,19041.6,19136.1,2031.178394
1665604800000,19136.1,19240,19132.34,19154.93,736.156752
1665619200000,19154.93,19174,19015.36,19088.08,968.408578
1665633600000,19088.08,19113,18950.01,19005.7,1918.871556
1665648000000,19005.7,19038.4,18573.18,18752.55,4060.248543
1665662400000,18752.55,19047.4,18160.47,18959.48,10516.856823
1665676800000,18959.48,19507,18902.68,19369.04,6684.372597
1665691200000,19369.04,19494.72,19331.21,19374.98,2170.223504
1665705600000,19374.98,19950.57,19338.45,19815.97,4176.09904
1665720000000,19815.97,19850,19570,19641.5,2347.048133
1665734400000,19641.5,19745.96,19530,19595.7,3037.502536
1665748800000,19595.7,19853.71,19303.14,19358.56,5556.572717
1665763200000,19358.56,19404.4,19110.48,19172.64,2969.377782
1665777600000,19172.64,19216,19074.3,19175.68,975.336519
1665792000000,19175.68,19226,19134,19199,659.063742
1665806400000,19199,19211.82,19132.33,19170.32,495.176274
1665820800000,19170.32,19179.91,19037.04,19167.02,939.193281
1665835200000,19167.02,19199.13,19096.99,19129,772.486846
1665849600000,19129,19163.7,19057.64,19100,729.903186
1665864000000,19100,19131.28,18980,19071.34,982.749125
1665878400000,19071.34,19170.33,19066.01,19122.58,696.98272
1665892800000,19122.58,19162,19110.27,19133.43,635.024831
1665907200000,19133.43,19196.59,19088.84,19146.87,671.65793
1665921600000,19146.87,19175,19105.27,19158.13,718.836491
1665936000000,19158.13,19384.64,19119.9,19376.14,1075.369721
1665950400000,19376.14,19424.73,19104.45,19264.83,1666.479508
1665964800000,19264.83,19307.33,19155.58,19186.99,1321.464189
1665979200000,19186.99,19317.73,19162.5,19295.15,1546.8969
1665993600000,19295.15,19547.99,19244.25,19456.5,2517.608615
1666008000000,19456.5,19677.4,19419.02,19533.96,4267.130277
1666022400000,19533.96,19592.18,19441.13,19528.25,2259.035204
1666036800000,19528.25,19626.06,19472.42,19550.15,1489.270934
1666051200000,19550.15,19625,19480.62,19547,1896.77888
1666065600000,19547,19704.7,19535,19665.1,2787.754588
1666080000000,19665.1,19672.4,19472,19563,2669.349064
1666094400000,19563,19679.6,19282,19376,5584.15578
1666108800000,19376,19444,19093.64,19219.03,4140.795734
1666123200000,19219.03,19432.89,19194,19328,2772.816101
1666137600000,19328,19359.37,19215.48,19283.77,1287.989665
1666152000000,19283.77,19306.44,19147.56,19219.47,1522.247616
1666166400000,19219.47,19281.16,19145.76,19201,1760.334841
1666180800000,19201,19300,19074.6,19267,3339.196816
1666195200000,19267,19278.81,19100,19230.46,1991.281331
1666209600000,19230.46,19247.5,19085.41,19123,1780.658694
1666224000000,19123,19165.85,18905.83,19042.05,2095.599831
1666238400000,19042.05,19214.7,19036.56,19145.6,1667.944239
1666252800000,19145.6,19255.79,19105.92,19210,1672.284696
1666267200000,19210,19343,19128.55,19253.91,3529.862761
1666281600000,19253.91,19255.87,18964.64,19065.19,3416.796517
1666296000000,19065.19,19102.71,18935.3,19043.65,1658.94415
1666310400000,19043.65,19133.33,18999.01,19051.03,953.058102
1666324800000,19051.03,19087,18992.91,19028,1182.971157
1666339200000,19028,19042.27,18896.76,18945,1971.907226
1666353600000,18945,19173.61,18662,19168.97,6647.770188
1666368000000,19168.97,19249.92,19089.35,19190,3023.082739
1666382400000,19190,19249.5,19137.74,19163.1,939.419302
1666396800000,19163.1,19183.99,19112.9,19151.98,381.591424
1666411200000,19151.98,19175,19132.1,19161,276.18899
1666425600000,19161,19187,19138.87,19180,374.179952
1666440000000,19180,19261.01,19153.34,19234,796.221675
1666454400000,19234,19248.72,19132.8,19184.35,481.403376
1666468800000,19184.35,19226.11,19171.02,19202.45,393.344306
1666483200000,19202.45,19219.07,19163.83,19196.96,213.904897
1666497600000,19196.96,19221.95,19149.94,19162.78,381.387302
1666512000000,19162.78,19192.31,19124.1,19152.41,532.593444
1666526400000,19152.41,19212,19069.51,19190.99,848.666014
1666540800000,19190.99,19524.29,19168.87,19500,3071.79513
1666555200000,19500,19695,19443,19569,2960.733747
1666569600000,19569,19600.5,19330.86,19392,2443.120209
1666584000000,19392,19392,19254.49,19321,2244.886923
1666598400000,19321,19446.46,19291.46,19422.75,1611.903386
1666612800000,19422.75,19452.36,19156.01,19303,4782.428563
1666627200000,19303,19425,19220.22,19345.06,1726.604058
1666641600000,19345.06,19414.86,19301,19331,1087.032891
1666656000000,19331,19364.83,19246,19342.84,874.203997
1666670400000,19342.84,19377.35,19274,19308.25,673.143709
1666684800000,19308.25,19329,19238.66,19302.51,951.196831
1666699200000,19302.51,19810,19260.32,19746.99,6084.366245
1666713600000,19746.99,20419.12,19712.14,20273.9,11541.654906
1666728000000,20273.9,20295.8,19982.76,20081.22,4161.687686
1666742400000,20081.22,20306.56,20048.64,20251.91,3499.616903
1666756800000,20251.91,20380.87,20132.46,20343.51,3760.215525
1666771200000,20343.51,20783.25,20280.93,20608.99,6564.531756
1666785600000,20608.99,21018,20340.98,20843.07,9738.476959
1666800000000,20843.07,20994.68,20638.01,20765.02,5135.743628
1666814400000,20765.02,20907.99,20695,20769.66,3140.496812
1666828800000,20769.66,20848.69,20581.88,20755.2,3257.369271
1666843200000,20755.2,20873.28,20680.01,20713.9,2337.797261
1666857600000,20713.9,20750.4,20456,20622.65,3293.179348
1666872000000,20622.65,20773.35,20426.57,20563.04,7271.506049
1666886400000,20563.04,20681.63,20489.1,20628.26,2768.190058
1666900800000,20628.26,20638,20200,20295.32,5367.847739
1666915200000,20295.32,20336.99,20159,20295.74,3143.28641
1666929600000,20295.74,20311.99,20061.67,20080.72,2830.93022
1666944000000,20080.72,20250,20030.46,20174,2673.597433
1666958400000,20174,20588.6,20000,20484,8642.423908
1666972800000,20484,20750,20448,20608.07,4926.575936
1666987200000,20608.07,20738.91,20564.37,20591.65,1501.67999
1667001600000,20591.65,20824.62,20553.23,20758,1370.105432
1667016000000,20758,20782.81,20621.16,20774,1183.087609
1667030400000,20774,21082.91,20652,20699,3715.034975
1667044800000,20699,20946.49,20679,20925.64,2290.222653
1667059200000,20925.64,20982.05,20761.66,20836.97,1903.136226
1667073600000,20836.97,20902.35,20702.53,20808.44,1100.440778
1667088000000,20808.44,20843.6,20700.96,20777,806.878583
1667102400000,20777,20932,20739.92,20849.6,1201.488121
1667116800000,20849.6,20891.73,20632.16,20771.16,1601.281494
1667131200000,20771.16,20780.08,20616.4,20677.5,1438.175135
1667145600000,20677.5,20701.34,20548.45,20647.3,1504.742644
1667160000000,20647.3,20739.34,20514,20627.18,1245.60866
1667174400000,20627.18,20675.77,20426.15,20516.03,1657.780221
1667188800000,20516.03,20593.48,20455.1,20547.21,1101.735781
1667203200000,20547.21,20841.61,20444.44,20732.71,3170.616134
1667217600000,20732.71,20755.64,20237.18,20400.12,5350.441666
1667232000000,20400.12,20531.06,20327.87,20371.37,2906.34552
1667246400000,20371.37,20521.1,20353.09,20491.17,1684.592119
1667260800000,20491.17,20588.5,20442.07,20483.2,2236.308365
1667275200000,20483.2,20660.72,20466.1,20601.29,2104.705539
1667289600000,20601.29,20695,20488.38,20521.44,2493.579711
1667304000000,20521.44,20569.46,20330.35,20445.38,3556.840983
1667318400000,20445.38,20517.79,20375.9,20450.04,2042.372064
1667332800000,20450.04,20511.94,20430,20483.43,1152.57721
1667347200000,20483.43,20557,20407.4,20519.34,1540.048835
1667361600000,20519.34,20562.61,20356.46,20423.97,1620.791251
1667376000000,20423.97,20540.6,20339.41,20431.12,1668.18903
1667390400000,20431.12,20458.15,20361.57,20408.1,1834.875531
1667404800000,20408.1,20799,20101,20250,7391.532648
1667419200000,20250,20281.59,20058.97,20151.84,2095.939905
1667433600000,20151.84,20346.02,20120.03,20309.43,1463.306178
1667448000000,20309.43,20393.52,20280.03,20301.72,1061.935613
1667462400000,20301.72,20340,20050,20133.6,1230.107666
1667476800000,20133.6,20337.5,20029.42,20251.23,2706.634781
1667491200000,20251.23,20318,20176.4,20262.85,1256.330314
1667505600000,20262.85,20270.34,20156.65,20209.59,989.776586
1667520000000,20209.59,20330.4,20182.04,20320.9,977.629708
1667534400000,20320.9,20690,20305.31,20613.49,2760.570761
1667548800000,20613.49,20670.99,20546.36,20556.02,1889.534012
1667563200000,20556.02,21300,20377.66,20839.26,8435.020002
1667577600000,20839.26,21113.73,20673.16,21109.77,6043.70112
1667592000000,21109.77,21208,21049.57,21143.84,2650.597544
1667606400000,21143.84,21480,21080.27,21445.89,3021.873303
1667620800000,21445.89,21468.44,21363.67,21384.01,1192.311292
1667635200000,21384.01,21426.44,21231.96,21405.69,2102.176493
1667649600000,21405.69,21421.59,21212.52,21301.28,1999.662564
1667664000000,21301.28,21346.01,21260.51,21329.84,1015.367836
1667678400000,21329.84,21383.3,21235,21298.28,793.58127
1667692800000,21298.28,21366,21183.51,21233.6,1128.710318
1667707200000,21233.6,21255.56,21143.05,21192.85,694.790487
1667721600000,21192.85,21312.42,21173.53,21255.5,1237.280457
1667736000000,21255.5,21290.71,21187.21,21243.44,1043.57256
1667750400000,21243.44,21281.98,21151.02,21193.49,1729.199567
1667764800000,21193.49,21211.45,20887.3,20908.35,3172.778362
1667779200000,20908.35,21070.71,20819.23,20912.32,3347.69206
1667793600000,20912.32,20916.81,20604.62,20629.86,3154.051918
1667808000000,20629.86,20809.37,20569.71,20729.36,2697.467337
1667822400000,20729.36,20796,20627.41,20763.24,3487.492719
1667836800000,20763.24,20889.56,20650.69,20843.72,2446.229138
1667851200000,20843.72,20889.49,20384.44,20589.55,3414.658125
1667865600000,20589.55,20673.15,20114.67,20146.12,4282.701696
1667880000000,20146.12,20243.15,19339.8,19796.24,8045.88019
1667894400000,19796.24,19803.18,19588.85,19702.02,3494.677022
1667908800000,19702.02,19750,19229.72,19524.55,5626.066102
1667923200000,19524.55,20679.66,17531,18264.52,20114.041113
1667937600000,18264.52,18730.7,17828.96,18545,7627.477843
1667952000000,18545,18587.78,18000,18318.75,5061.928308
1667966400000,18318.75,18514.49,18169,18233.84,3414.450683
1667980800000,18233.84,18255.49,17257,17811.33,8980.240633
1667995200000,17811.33,18027.03,16910,17114.19,10897.350409
1668009600000,17114.19,17321.82,16424,16765.26,10967.130902
1668024000000,16765.26,16894.47,15530,15910.69,8814.770787
1668038400000,15910.69,16576.77,15736.68,16364.98,4567.75293
1668052800000,16364.98,16871.2,16167.5,16707.42,3589.091155
1668067200000,16707.42,16910,16257.13,16397.12,4119.9967
1668081600000,16397.12,17936.8,16383.92,17520.37,9959.381244
1668096000000,17523.97,17928.43,17069.29,17412.75,4511.14791
1668110400000,17412.75,18150,17333.34,17600.05,2834.361445
1668124800000,17600.05,17692.14,16890,17063,4886.902962
1668139200000,17063,17480.01,17003.85,17407.53,3810.69128
1668153600000,17407.53,17524.59,17221,17349.57,2537.282935
1668168000000,17349.57,17544.35,16364,16872.64,10806.878299
1668182400000,16872.64,17043.6,16544,16854.3,5755.863894
1668196800000,16854.3,17148.39,16557.45,17058.81,3215.113626
1668211200000,17058.81,17110,16772.04,16906.09,1319.591969
1668225600000,16906.09,16935.2,16636.1,16820.62,1667.834611
1668240000000,16820.62,16979.52,16727.28,16869.86,1617.134373
1668254400000,16869.86,16998.99,16746.29,16935.99,1030.611706
1668268800000,16935.99,16965.87,16831.12,16896.85,766.73939
1668283200000,16896.85,16902.15,16745.23,16814,1170.304026
1668297600000,16814,16951.5,16778.99,16921.6,849.102372
1668312000000,16921.6,16929.08,16567.05,16777.24,1177.089888
1668326400000,16777.24,16799.47,16443.75,16665.05,1384.306846
1668340800000,16665.05,16719.99,16513.8,16578.53,1154.296609
1668355200000,16578.53,16621.39,16463.17,16552.71,802.334484
1668369600000,16552.71,16581.91,16235.01,16340.57,1011.161744
1668384000000,16340.57,16412.19,15919.15,16150.09,1070.903543
1668398400000,16150.09,16885.04,15825.88,16819.46,3662.461812
1668412800000,16819.46,16930.27,16640,16747.78,1871.155529
1668427200000,16747.78,17188.88,16431.34,16591.1,5950.98084
1668441600000,16591.1,16674.2,16179.64,16252.01,2548.463663
1668456000000,16252.01,16758.38,16192.22,16620.26,2824.007952
1668470400000,16620.26,16888,16527,16821.71,1526.757093
1668484800000,16821.71,16938.44,16637.31,16848.22,1115.853528
1668499200000,16848.22,16987.2,16705.9,16784.03,2094.592723
1668513600000,16784.03,17123,16728.54,16981.18,3582.441198
1668528000000,16981.18,17067.25,16613.7,16858.2,2459.106583
1668542400000,16858.2,16938.67,16738.02,16894.5,1595.456879
1668556800000,16894.5,17016.66,16766.97,16967.32,716.816923
1668571200000,16967.32,16975,16794.52,16821.92,1391.360457
1668585600000,16821.92,16846.42,16651.51,16704.72,1181.757427
1668600000000,16704.72,16720,16380,16434.81,3396.492319
1668614400000,16434.81,16643.42,16401.54,16561.3,931.297203
1668628800000,16561.3,16770.84,16505.41,16658.23,876.936415
1668643200000,16658.23,16747.96,16508.84,16524.22,507.184157
1668657600000,16524.22,16622.08,16415.56,16609.27,650.00253
1668672000000,16609.27,16635.18,16467.58,16591.01,789.802165
1668686400000,16591.01,16714.25,16429.32,16542.92,1124.402458
1668700800000,16542.92,16746.74,16517.55,16621.17,1004.298334
1668715200000,16621.17,16743.32,16610,16692.1,592.349637
1668729600000,16692.1,16991,16681.47,16854,1376.908284
1668744000000,16854,16863.99,16726.05,16746.97,547.520064
1668758400000,16746.97,16851.89,16675.62,16750.08,831.386619
1668772800000,16750.08,16818.75,16612.01,16692.97,822.616503
1668787200000,16692.97,16732.63,16542.42,16653,759.956965
1668801600000,16653,16722,16614.28,16696.97,435.440512
1668816000000,16696.97,16706.48,16572.53,16625,302.657129
1668830400000,16625,16647.41,16552.99,16595,285.318055
1668844800000,16595,16680,16576.96,16673.31,328.330649
1668859200000,16673.31,16682.04,16632.18,16654.5,301.612961
1668873600000,16654.5,16663,16608.18,16628.59,247.623192
1668888000000,16628.59,16817.48,16623.64,16695.81,565.085206
1668902400000,16695.81,16749.18,16667.32,16682.72,290.896023
1668916800000,16682.72,16737.14,16667.35,16718.8,267.160998
1668931200000,16718.8,16731.99,16466.82,16525.14,877.799554
1668945600000,16525.14,16625,16462.97,16578.91,677.439486
1668960000000,16578.91,16607.62,16527.01,16586.42,316.278273
1668974400000,16586.42,16594.77,16183.73,16278.35,1486.075834
1668988800000,16278.35,16291.42,15900,16076.56,1459.849136
1669003200000,16076.56,16318.32,15957.87,16040,1090.807424
1669017600000,16040,16166.29,15968.01,16080.07,653.664318
1669032000000,16080.07,16279.42,16021.54,16129.13,604.916773
1669046400000,16129.13,16135,15593.48,15727.22,1538.819074
1669060800000,15727.22,15899.95,15484.34,15782.91,1186.715649
1669075200000,15782.91,15972.5,15751,15849,936.668616
1669089600000,15849,15882.72,15622.5,15759.29,1357.165988
1669104000000,15759.29,15821.15,15657.17,15747.61,1428.908315
1669118400000,15747.61,16302.26,15686.62,16240,2836.840273
1669132800000,16240,16289.39,16051.49,16169.14,1665.273289
1669147200000,16169.14,16249.99,16087.98,16222.53,959.959696
1669161600000,16222.53,16590.48,16159.01,16578.28,1708.025907
1669176000000,16578.28,16640,16446,16580.09,1182.380263
1669190400000,16580.09,16666.64,16497.6,16579.84,1055.140779
1669204800000,16579.84,16599.93,16342.09,16422.99,1339.346772
1669219200000,16422.99,16700,16318.88,16471.57,1643.676582
1669233600000,16471.57,16671.38,16421.36,16603.73,1104.288532
1669248000000,16603.73,16808.9,16531.57,16711.11,1313.241178
1669262400000,16711.11,16737.64,16613.98,16620,791.512022
1669276800000,16620,16640.08,16495.03,16573.21,832.694962
1669291200000,16573.21,16601.59,16457.92,16555.28,759.457708
1669305600000,16555.28,16673.38,16513.95,16571.61,929.629855
1669320000000,16571.61,16632.51,16532.75,16598.08,527.942488
1669334400000,16598.08,16621.1,16471.45,16484.61,726.996338
1669348800000,16484.61,16502.92,16343.4,16461.58,964.272526
1669363200000,16461.58,16588.23,16407,16530.23,1030.714437
1669377600000,16530.23,16592.51,16440.25,16511.44,1050.499189
1669392000000,16511.44,16549,16459.93,16520.14,620.043195
1669406400000,16520.14,16623.79,16480.19,16522,718.158
1669420800000,16522,16696.22,16506.58,16625,731.690619
1669435200000,16625,16649.79,16532.61,16580.55,545.003677
1669449600000,16580.55,16633.93,16557.05,16582.25,517.872057
1669464000000,16582.25,16679.99,16485.52,16512.41,726.604911
1669478400000,16512.41,16534.06,16421.87,16487.93,484.997041
1669492800000,16487.93,16545.4,16387.15,16462.86,492.286738
1669507200000,16462.86,16570,16451.35,16527.64,444.085098
1669521600000,16527.64,16597.25,16525.86,16566.18,424.617386
1669536000000,16566.18,16594.43,16512.38,16552.86,512.718694
1669550400000,16552.86,16584,16520.01,16570.91,443.637798
1669564800000,16570.91,16582.25,16525,16555.96,349.222764
1669579200000,16555.96,16597,16403.53,16429.75,769.862349
1669593600000,16429.75,16488.7,16056.02,16181.05,1588.395834
1669608000000,16181.05,16248.45,16144.12,16224.66,607.26435
1669622400000,16224.66,16273.16,16179.44,16210,704.425961
1669636800000,16210,16305.4,16123.52,16146.57,1287.328618
1669651200000,16146.57,16389.12,16000,16226.12,1990.267367
1669665600000,16226.12,16271.65,16190,16217.36,459.486026
1669680000000,16217.36,16306.2,16101,16284.4,668.370371
1669694400000,16284.4,16534.44,16276.85,16466.5,1241.735733
1669708800000,16466.5,16546.56,16430.65,16497.48,823.548763
1669723200000,16497.48,16506.59,16331.8,16393.96,1015.333902
1669737600000,16393.96,16473.15,16343.64,16423.24,711.61134
1669752000000,16423.24,16520,16420,16442.15,442.428062
1669766400000,16442.15,17080,16428.42,16841.65,2346.778922
1669780800000,16841.65,16918.53,16817.67,16880.1,777.040238
1669795200000,16880.1,16928.96,16833.2,16877.61,579.648119
1669809600000,16877.61,16890.39,16759.53,16864.83,1287.264467
1669824000000,16864.83,17138.41,16709.32,17056,2071.396316
1669838400000,17056,17250,17019.21,17163.07,1362.439298
1669852800000,17163.07,17230,17083.85,17147.85,761.424905
1669867200000,17147.85,17167.48,17054.14,17069.74,545.814926
1669881600000,17069.74,17136.3,17044.52,17104,527.742373
1669896000000,17104,17317.71,16895.93,16977.9,2617.317071
1669910400000,16977.9,16999.89,16897.62,16952.14,694.552473
1669924800000,16952.14,16982.87,16863.5,16978.95,533.148042
1669939200000,16978.95,17048.3,16861,16902.18,553.90341
1669953600000,16902.18,16973.64,16881.37,16958.36,284.244492
1669968000000,16958.36,17045,16937,16996.6,529.668283
1669982400000,16996.6,17102,16780.39,16934.51,1587.156144
1669996800000,16934.51,16994.4,16901.17,16984.49,353.281571
1670011200000,16984.49,17090.8,16977.74,17088.59,366.813024
1670025600000,17088.59,17152.9,17008.36,17016.12,311.103088
1670040000000,17016.12,17036.01,16925.01,16965.27,304.598407
1670054400000,16965.27,16983.69,16888,16943.71,393.430446
1670068800000,16943.71,16977.71,16922,16959.94,196.005999
1670083200000,16959.94,16984.12,16940,16954.59,336.736655
1670097600000,16954.59,16960,16861.54,16885.56,366.25764
1670112000000,16885.56,17043.04,16884.65,16957.08,280.358717
1670126400000,16957.08,17066.65,16957.08,16997.98,382.015858
1670140800000,16997.98,17046,16909,16950,359.507872
1670155200000,16950,17063,16917.46,17030.24,419.412536
1670169600000,17030.24,17158.36,16971.53,17085,987.117047
1670184000000,17085,17200,17070.13,17105.45,411.420366
1670198400000,17105.45,17344.4,17076.95,17194.83,844.499589
1670212800000,17194.83,17415.91,17191.9,17315.13,949.446444
1670227200000,17315.13,17384.78,17279.48,17307.74,785.587094
1670241600000,17307.74,17311.78,17020.62,17083.12,836.636215
1670256000000,17083.12,17126.35,16867.67,16927.82,1066.482109
1670270400000,16927.82,16987.5,16899.65,16963.99,404.467321
1670284800000,16963.99,17100.46,16963.99,16999.84,392.813146
1670299200000,16999.84,17020.95,16955.96,16999.75,316.313737
1670313600000,16999.75,17040,16904.6,16979.56,599.107436
1670328000000,16979.56,17028.89,16927.16,16982,648.879695
1670342400000,16982,17014.83,16910,16965,727.424923
1670356800000,16965,17104.08,16950,17084.99,537.098965
1670371200000,17084.99,17138,17017.98,17025,376.273752
1670385600000,17025,17045.81,16732.65,16767,684.961534
1670400000000,16767,16839.06,16689,16793.6,546.421678
1670414400000,16793.6,16894.08,16760.82,16837.79,590.841815
1670428800000,16837.79,16852.2,16780.02,16813.8,368.943571
1670443200000,16813.8,16863.85,16792.77,16836,282.421702
1670457600000,16836,16886,16783.24,16832.81,335.036679
1670472000000,16832.81,16846,16784,16823.34,231.804932
1670486400000,16823.34,16863.76,16730,16847.65,386.030665
1670500800000,16847.65,16958,16801,16919.29,800.827183
1670515200000,16919.29,17295.05,16910,17246.39,1307.824126
1670529600000,17246.39,17294.99,17155.79,17224.74,805.767804
1670544000000,17224.74,17299,17186.23,17201.32,464.407063
1670558400000,17201.32,17234.56,17190.43,17213.75,280.30688
1670572800000,17213.75,17262.88,17198.65,17238.73,430.164737
1670587200000,17238.73,17343.65,17073.48,17183,1262.96425
1670601600000,17183,17189.6,17118.73,17141.83,353.329478
1670616000000,17141.83,17150,17058.58,17127.74,395.011902
1670630400000,17127.74,17162.18,17114.2,17146.01,228.749031
1670644800000,17146.01,17176.11,17130.93,17151.1,216.920563
1670659200000,17151.1,17169.43,17100,17164.37,273.266567
1670673600000,17164.37,17220.52,17137.77,17204.18,385.031612
1670688000000,17204.18,17224.04,17155.09,17174.79,275.788686
1670702400000,17174.79,17179.87,17091.32,17125.6,271.746859
1670716800000,17125.6,17170,17121.56,17153.08,130.27468
1670731200000,17153.08,17192.22,17147.94,17174.13,411.342128
1670745600000,17174.13,17180.63,17140.45,17164.28,243.791393
1670760000000,17164.28,17168.68,17129.52,17149.32,259.312057
1670774400000,17149.32,17267.99,17139.84,17177.62,434.289873
1670788800000,17177.62,17181.22,17059.92,17089.8,530.581349
1670803200000,17089.8,17089.8,16870.8,16916.91,978.740211
1670817600000,16916.91,16948.69,16902.23,16923.99,304.097587
1670832000000,16923.99,17005.68,16902.59,16985.69,437.024586
1670846400000,16985.69,17049.53,16920.02,17011.02,851.265538
1670860800000,17011.02,17043.56,16980.27,17040.35,384.327437
1670875200000,17040.35,17239.24,17040.35,17207.18,876.431716
1670889600000,17207.18,17238.32,17120.67,17153.53,387.176047
1670904000000,17153.53,17207.97,17079.31,17163.16,572.728888
1670918400000,17163.16,17500,17153.75,17445.24,1437.927167
1670932800000,17445.24,17977,17394.84,17751.44,2854.912965
1670947200000,17751.44,17834,17617.66,17741.23,1295.056809
1670961600000,17741.23,17815,17706.03,17778.49,432.025848
1670976000000,17778.49,17842.01,17747.27,17780.35,481.707467
1670990400000,17780.35,17814.24,17735.03,17804.6,388.860448
1671004800000,17804.6,17873.15,17787.64,17826.18,590.185448
1671019200000,17826.18,18111.35,17815.5,18062,1872.238265
1671033600000,18062,18378.5,17701.22,17794.31,4084.717106
1671048000000,17794.31,17945.75,17658,17804.08,1341.402025
1671062400000,17804.08,17852.3,17559.44,17725.88,888.766293
1671076800000,17725.88,17745,17681.15,17693,435.047438
1671091200000,17693,17727.1,17614.78,17722.68,611.515752
1671105600000,17722.68,17725.53,17380,17427.03,1882.767877
1671120000000,17427.03,17468.78,17320.88,17442.18,1036.955334
1671134400000,17442.18,17457.73,17270,17358.15,688.56713
1671148800000,17358.15,17429.28,17346.8,17421.51,510.971309
1671163200000,17421.51,17522.98,17368.97,17499,645.203902
1671177600000,17499,17515.89,16920,17025.73,2170.840227
1671192000000,17025.73,17080,16890.82,16972.25,1303.861282
1671206400000,16972.25,16979.65,16739.88,16869.92,1491.767725
1671220800000,16869.92,16955.79,16531.21,16634.6,1569.043022
1671235200000,16634.6,16728.97,16580.63,16677.24,857.792972
1671249600000,16677.24,16770,16655.62,16744.93,631.509357
1671264000000,16744.93,16755.19,16664,16706.1,520.0834
1671278400000,16706.1,16724.55,16642.98,16698.62,527.186265
1671292800000,16698.62,16721.51,16648.26,16690.67,316.698901
1671307200000,16690.67,16796.63,16683,16778.09,379.127878
1671321600000,16778.09,16784.89,16703.19,16742,256.207013
1671336000000,16742,16802,16718.32,16748.64,469.372587
1671350400000,16748.64,16766.51,16663.11,16711.86,463.047124
1671364800000,16711.86,16734.15,16672.42,16684.59,235.965879
1671379200000,16684.59,16793.41,16678.18,16748.58,351.967046
1671393600000,16748.58,16863,16720.5,16738.48,474.810974
1671408000000,16738.48,16815.09,16633,16682.72,574.997756
1671422400000,16682.72,16747.4,16674.9,16719.04,392.198677
1671436800000,16719.04,16785.12,16709.34,16735.99,530.0446
1671451200000,16735.99,16762.32,16664.43,16667.7,801.653551
1671465600000,16667.7,16701.75,16520,16555,1107.993667
1671480000000,16555,16645.4,16267.82,16440.6,908.235906
1671494400000,16440.6,16841.73,16398.04,16724.35,1237.210251
1671508800000,16724.35,16880.53,16687.69,16798.7,1129.152271
1671523200000,16798.7,16858.58,16761.47,16814,736.718949
1671537600000,16814,17054.5,16710.95,16918.48,1584.384166
1671552000000,16918.48,16936.5,16766.84,16901.23,1100.212397
1671566400000,16901.23,16926.65,16833.61,16897.99,680.774788
1671580800000,16897.99,16924.08,16794.11,16836.15,449.400117
1671595200000,16836.15,16855,16766.83,16815.18,337.616756
1671609600000,16815.18,16893.91,16796.66,16878.25,506.005292
1671624000000,16878.25,16910.7,16731.1,16859.06,1242.695716
1671638400000,16859.06,16864.11,16730.48,16755.09,602.923288
1671652800000,16755.09,16834.07,16730.25,16825.64,390.466486
1671667200000,16825.64,16859.56,16809.66,16850.27,293.162723
1671681600000,16850.27,16858,16785.05,16823.95,370.15595
1671696000000,16823.95,16867.64,16801.06,16831.77,465.681332
1671710400000,16831.77,16842,16612.96,16638.76,1408.749972
1671724800000,16638.76,16671.58,16563.68,16660.94,923.935338
1671739200000,16660.94,16852.9,16647.47,16821.46,822.596466
1671753600000,16821.46,16890.16,16771.68,16827.86,446.299805
1671768000000,16827.86,16854.2,16806,16844.13,439.614175
1671782400000,16844.13,16887.6,16810.06,16842.99,501.825121
1671796800000,16842.99,16940,16703.43,16832.4,2092.042878
1671811200000,16832.4,16858.75,16816,16843.08,575.736423
1671825600000,16843.08,16848.98,16764.72,16782.72,573.030497
1671840000000,16782.72,16843.01,16778.8,16840.96,335.321181
1671854400000,16840.96,16855,16804.69,16846.33,370.918087
1671868800000,16846.33,16849.41,16820,16826.45,307.634519
1671883200000,16826.45,16839.84,16817.05,16835.01,205.044712
1671897600000,16835.01,16862.07,16823.03,16844.34,274.899237
1671912000000,16844.34,16858.37,16810.7,16833.79,310.806999
1671926400000,16833.79,16851.34,16824.15,16832.5,146.251119
1671940800000,16832.5,16836.03,16802.4,16823.77,428.879306
1671955200000,16823.77,16835.55,16820,16824.36,282.179055
1671969600000,16824.36,16853.88,16720,16793.87,721.276866
1671984000000,16793.87,16820.28,16728.7,16794.05,409.874122
1671998400000,16794.05,16845,16753.04,16829.75,365.663281
1672012800000,16829.75,16900.1,16818.04,16894.21,509.308655
1672027200000,16894.21,16918.15,16834.33,16842.6,472.270527
1672041600000,16842.6,16872.99,16819.56,16860.07,439.68732
1672056000000,16860.07,16866.15,16789.99,16807.41,506.87657
1672070400000,16807.41,16860.63,16797.7,16839.93,354.667374
1672084800000,16839.93,16940,16817.19,16916.41,553.843499
1672099200000,16916.41,16969.33,16839.7,16874.84,802.715035
1672113600000,16874.84,16895,16853,16870.9,333.757642
1672128000000,16870.9,16882,16806.35,16829.31,578.034693
1672142400000,16829.31,16838.77,16735.01,16800.95,1363.592382
1672156800000,16800.95,16805.39,16599,16691.27,1289.911964
1672171200000,16691.27,16724.99,16651.96,16707.98,396.602732
1672185600000,16707.98,16752.18,16556,16649.28,885.574883
1672200000000,16649.28,16678,16587.67,16647.85,682.426166
1672214400000,16647.85,16688,16630.92,16678.73,483.754381
1672228800000,16678.73,16783.35,16568.03,16577.46,1262.179903
1672243200000,16577.46,16666,16565,16592.73,677.90559
1672257600000,16592.73,16610.06,16468.45,16547.24,1185.770573
1672272000000,16547.24,16593.04,16490.66,16558.7,689.066343
1672286400000,16558.7,16586.22,16536.74,16557.86,447.930803
1672300800000,16557.86,16620.63,16519,16598.3,805.26304
1672315200000,16598.3,16661.47,16589.55,16614.64,482.895183
1672329600000,16614.64,16654.15,16590,16610.94,465.024563
1672344000000,16610.94,16654.68,16558,16634.29,632.319127
1672358400000,16634.29,16646.37,16582.46,16598.75,408.137545
1672372800000,16598.75,16613.63,16423,16473,1041.613807
1672387200000,16473,16529.7,16456.02,16494.56,717.472944
1672401600000,16494.56,16574.22,16336.03,16555.38,1376.371271
1672416000000,16555.38,16574.14,16514.51,16525.8,622.012146
1672430400000,16525.8,16670,16520.66,16606.25,627.233491
1672444800000,16606.25,16616.64,16552.42,16556.14,271.599473
1672459200000,16556.14,16567.89,16534.33,16564.09,186.260823
1672473600000,16564.09,16581.99,16540.49,16567.01,315.199953
1672488000000,16567.01,16643.6,16545.11,16589.17,467.177786
1672502400000,16589.17,16611.35,16566.66,16569.23,257.506278
1672516800000,16569.23,16574.19,16471.44,16541.8,361.316582
1672531200000,16541.8,16560,16509.76,16533.2,190.565971
1672545600000,16533.2,16549,16498.43,16525.2,217.858084
1672560000000,16525.2,16556.99,16505.69,16556.11,194.242368
1672574400000,16556.11,16572.7,16532.01,16557.31,249.3729
1672588800000,16557.31,16623.32,16555.07,16603.47,372.663668
1672603200000,16603.47,16626.55,16587.57,16616.03,256.620429
1672617600000,16616.03,16703.05,16545.47,16661.5,499.128227
1672632000000,16661.5,16764.82,16618.84,16721.64,695.690122
1672646400000,16721.64,16768.23,16705.83,16735.42,597.35266
1672660800000,16735.42,16750.23,16670.67,16735.39,538.822078
1672675200000,16735.39,16740.7,16705.84,16736.73,352.075832
1672689600000,16736.73,16795,16661.55,16675.59,782.524647
1672704000000,16675.59,16706.38,16651,16692.05,509.043628
1672718400000,16692.05,16774.22,16680.8,16730.71,598.704465
1672732800000,16730.71,16756.3,16699.37,16719.07,464.164142
1672747200000,16719.07,16769.79,16624.4,16678.47,881.366994
1672761600000,16678.47,16690.06,16605.73,16642.39,690.859277
1672776000000,16642.39,16689.94,16642.28,16674.31,413.482571
1672790400000,16674.31,16867,16654.86,16856.39,776.262016
1672804800000,16856.39,16898.45,16840.42,16872.82,577.672028
1672819200000,16872.82,16911.33,16830.05,16836.33,526.500914
1672833600000,16836.33,16858.57,16767.77,16852.25,679.724491
1672848000000,16852.25,16986.63,16791.28,16842.37,1292.625871
1672862400000,16842.37,16864.92,16778.44,16852.43,421.372371
1672876800000,16852.43,16876.37,16811.5,16825.57,285.325794
1672891200000,16825.57,16845.64,16789.02,16820,299.567837
1672905600000,16820,16835,16786.01,16832.73,297.553296
1672920000000,16832.73,16875.86,16760,16845.36,786.05516
1672934400000,16845.36,16872.7,16803.28,16864.4,510.055217
1672948800000,16864.4,16869.7,16820.31,16830.32,309.689781
1672963200000,16830.32,16868.99,16805.4,16831.27,316.721248
1672977600000,16831.27,16832.22,16783.11,16792.25,286.520535
1672992000000,16792.25,16808.5,16716.25,16741.88,459.576596
1673006400000,16741.88,16845.06,16683.55,16842.13,1050.138696
1673020800000,16842.13,16959.98,16810.72,16940,611.050329
1673035200000,16940,17033.14,16888.69,16949.37,603.179638
1673049600000,16949.37,16976.92,16932.5,16945.14,241.928962
1673064000000,16945.14,16945.32,16922.07,16945.07,113.939596
1673078400000,16945.07,16949.98,16912.99,16921.83,167.269057
1673092800000,16921.83,16944.63,16912.08,16938.99,150.217362
1673107200000,16938.99,16942.01,16918.03,16942.01,106.715158
1673121600000,16942.01,16949.16,16931.36,16942.93,149.901255
1673136000000,16942.93,16951.21,16914.31,16940.71,148.517814
1673150400000,16940.71,16952.31,16937.06,16952.31,133.853355
1673164800000,16952.31,16963.68,16928.82,16931.02,229.790728
1673179200000,16931.02,17014.08,16924.38,17000.33,395.776519
1673193600000,17000.33,17017.31,16920.83,16930.54,326.228974
1673208000000,16930.54,17173,16928.21,17126.05,733.872262
1673222400000,17126.05,17245,17105.3,17194.64,946.213653
1673236800000,17194.64,17250,17182.4,17198.76,528.524384
1673251200000,17198.76,17280,17189.06,17240.78,738.132431
1673265600000,17240.78,17328.49,17195.79,17271.42,952.332977
1673280000000,17271.42,17393.08,17271.42,17294.17,952.013565
1673294400000,17294.17,17308.03,17133.77,17180.77,749.519999
1673308800000,17180.77,17230.69,17150,17205.05,425.290217
1673323200000,17205.05,17230.63,17191.18,17201.04,363.105356
1673337600000,17201.04,17279.1,17190.56,17255.16,510.801589
1673352000000,17255.16,17370.09,17215.32,17323.76,984.330796
1673366400000,17323.76,17451.6,17284.12,17429.09,783.302561
1673380800000,17429.09,17490.92,17407.4,17441.13,607.120906
1673395200000,17441.13,17500.94,17369.31,17416.82,614.4237
1673409600000,17416.82,17459.51,17391.5,17447.04,403.292351
1673424000000,17447.04,17466.6,17410.15,17437.83,331.39792
1673438400000,17437.83,17437.83,17320,17332.2,1025.444629
1673452800000,17332.2,17551.83,17327.5,17546.11,907.028961
1673467200000,17546.11,17988.62,17510.41,17936.61,1607.208021
1673481600000,17936.61,18363,17903.89,18221.43,2201.780992
1673496000000,18221.43,18233.11,18076.26,18138.56,741.599236
1673510400000,18138.56,18215.73,18072.89,18201.99,651.182227
1673524800000,18201.99,18350,17933.14,18090,3000.881803
1673539200000,18090,19037.46,18057.9,18879.99,3157.338814
1673553600000,18879.99,19100,18754.45,18845.82,1447.488864
1673568000000,18845.82,18880.71,18715.01,18878.56,795.806943
1673582400000,18878.56,18879.5,18784.19,18821.62,510.002968
1673596800000,18821.62,19048.38,18812.41,18922.95,1222.087584
1673611200000,18922.95,19300,18814.66,19260.76,2001.700196
1673625600000,19260.76,19385.51,19060.94,19358.9,1492.424213
1673640000000,19358.9,19999,19318.99,19927.28,2341.744779
1673654400000,19927.28,21255.78,19890.99,20972.34,4347.79881
1673668800000,20972.34,21023.24,20783.1,20895,1281.847072
1673683200000,20895,21018.43,20237.18,20716.69,2542.120412
1673697600000,20716.69,21200,20562.42,20782.38,1913.81444
1673712000000,20782.38,20900,20660.89,20788.69,1195.365614
1673726400000,20788.69,21065.35,20763.46,20949.31,850.449073
1673740800000,20949.31,20991.89,20562.5,20715.96,1281.278594
1673755200000,20715.96,20782.31,20670.5,20733.9,553.798288
1673769600000,20733.9,20756.2,20575,20725.41,878.093825
1673784000000,20725.41,20987.7,20656.25,20908.28,1114.05114
1673798400000,20908.28,21050,20666.64,20867.75,1321.514258
1673812800000,20867.75,20947.27,20749.21,20873.6,730.625391
1673827200000,20873.6,21426.99,20777.26,21075.71,1874.755604
1673841600000,21075.71,21255.56,21040.01,21107.53,886.380118
1673856000000,21107.53,21109.97,20650,20816.34,1529.155738
1673870400000,20816.34,21046.48,20626.21,20994.98,1400.389159
1673884800000,20994.98,21404.99,20919.31,21308.65,1852.319782
1673899200000,21308.65,21450,21051.19,21184.2,1134.962154
1673913600000,21184.2,21291.32,20860,21126.05,1063.470251
1673928000000,21126.05,21229.67,21060.07,21130.47,572.787825
1673942400000,21130.47,21242,21084.38,21222.96,716.674759
1673956800000,21222.96,21601.6,21040.03,21181.19,2291.373826
1673971200000,21181.19,21405.52,21088.75,21332.27,1117.556058
1673985600000,21332.27,21401,21126.53,21127.5,784.973793
1674000000000,21127.5,21369.24,21108.41,21263.18,949.270969
1674014400000,21263.18,21315.14,21232.76,21301.97,453.224181
1674028800000,21301.97,21311.99,21161.01,21206.05,630.034495
1674043200000,21206.05,21643.82,20795.32,21043.28,2801.702002
1674057600000,21043.28,21136.8,20406.25,20902.4,3395.053256
1674072000000,20902.4,20935.39,20622.15,20674.41,1112.295807
1674086400000,20674.41,20813.03,20660.01,20745.15,633.808706
1674100800000,20745.15,20868.1,20745.14,20813.4,465.785582
1674115200000,20813.4,20840.27,20706.34,20737.74,582.303106
1674129600000,20737.74,20950,20664.87,20874.16,1019.12636
1674144000000,20874.16,21128.52,20795.44,21088,845.675164
1674158400000,21088,21182.15,20919.22,21074.05,719.346264
1674172800000,21074.05,21213.77,21015.01,21085.11,668.645155
1674187200000,21085.11,21119.95,20868.77,20961,622.396801
1674201600000,20961,20986.87,20900.83,20959.45,619.853988
1674216000000,20959.45,21232.93,20954.94,21143.66,970.303549
1674230400000,21143.66,21521.82,21143.66,21495.7,1321.612066
1674244800000,21495.7,22744,21495.7,22667.13,3223.798812
1674259200000,22667.13,22783.92,22426.09,22538.71,990.975999
1674273600000,22538.71,22657.56,22510.67,22631.3,697.233256
1674288000000,22631.3,23332.48,22583.06,22908.56,3089.973966
1674302400000,22908.56,23278.74,22860.22,22986.64,1657.768981
1674316800000,22986.64,23350,22974.63,23270.94,1528.371031
1674331200000,23270.94,23289.2,22689.7,22773.93,1073.830111
1674345600000,22773.93,22969.62,22609.71,22756.88,947.835644
1674360000000,22756.88,22964.74,22721.33,22895.38,979.665994
1674374400000,22895.38,22930.46,22726,22779.99,820.672731
1674388800000,22779.99,23083.95,22650.8,22798.01,1521.675044
1674403200000,22798.01,22958.58,22683.88,22719.33,886.472021
1674417600000,22719.33,22769.64,22301.76,22706.88,1451.382049
1674432000000,22706.88,22820.72,22651.01,22654.68,573.262707
1674446400000,22654.68,22785.37,22600,22691.81,455.825101
1674460800000,22691.81,22953.56,22661,22907.03,719.213448
1674475200000,22907.03,23125.52,22487.55,22854.33,1688.441808
1674489600000,22854.33,23179,22354.67,22795.65,2221.82675
1674504000000,22795.65,23043.45,22761.09,22914.38,637.094022
1674518400000,22914.38,23137.42,22865.25,23063.89,1026.138619
1674532800000,23063.89,23166.88,23007.5,23052.48,698.86608
1674547200000,23052.48,23088.03,22760.97,22914.06,994.138219
1674561600000,22914.06,23031,22721.11,22927.63,1101.089204
1674576000000,22927.63,23066.79,22785.87,23018.85,715.863512
1674590400000,23018.85,23076.8,22464.39,22629.99,1421.33075
1674604800000,22629.99,22704.36,22331.01,22644.89,986.036421
1674619200000,22644.89,22750,22605.65,22707.6,542.837736
1674633600000,22707.6,22730,22483.58,22596.54,645.615401
1674648000000,22596.54,22740.69,22338.25,22580.1,1114.364842
1674662400000,22580.1,22758.94,22518.49,22751.92,708.171998
1674676800000,22751.92,23799.84,22751.92,23050,2899.353237
1674691200000,23050,23278.79,23043.3,23130.94,679.122225
1674705600000,23130.94,23188.8,22900.52,22963.29,712.751543
1674720000000,22963.29,23042.1,22856.62,22988.78,718.062404
1674734400000,22988.78,23240,22880.44,22960.52,1428.173784
1674748800000,22960.52,23103.61,22860.03,23073.6,763.530709
1674763200000,23073.6,23166.27,22964.13,23004.5,620.786492
1674777600000,23004.5,23069.2,22534.53,22768.67,1057.529214
1674792000000,22768.67,23093.73,22762.82,23072.7,558.446745
1674806400000,23072.7,23078.99,22908.4,22965.46,532.310689
1674820800000,22965.46,23145.92,22845.12,22931.66,1034.563222
1674835200000,22931.66,23280.18,22916.23,23252.12,920.870003
1674849600000,23252.12,23499.65,22950,23070.7,1108.881666
1674864000000,23070.7,23185.1,23047.01,23116.36,298.215384
1674878400000,23116.36,23131.47,22947.01,22988.22,591.579074
1674892800000,22988.22,23013.23,22913.31,22980.33,358.979641
1674907200000,22980.33,23039.13,22874.11,23012.97,816.151355
1674921600000,23012.97,23049.1,22976.62,23034.03,308.381368
1674936000000,23034.03,23035,22938.6,23023.66,298.734695
1674950400000,23023.66,23479.73,22970.05,23188.15,1073.370059
1674964800000,23188.15,23262.2,23149.3,23203.86,306.957804
1674979200000,23203.86,23609.44,23157.46,23427.82,857.792198
1674993600000,23427.82,23637.6,23350.04,23528.9,1190.344172
1675008000000,23528.9,23957.85,23475.28,23899.99,1053.331124
1675022400000,23899.99,23903.52,23609.81,23746.27,698.700609
1675036800000,23746.27,23795.54,23571.72,23691.85,617.415627
1675051200000,23691.85,23758.72,23600,23638.4,440.053228
1675065600000,23638.4,23664.18,23030,23072.34,1642.051704
1675080000000,23072.34,23296.74,22965.46,23177.3,1105.891957
1675094400000,23177.3,23242.94,22627.15,22794.67,1367.297914
1675108800000,22794.67,22835.15,22500,22825.57,979.676855
1675123200000,22825.57,22902.02,22718.52,22824.99,721.922717
1675137600000,22824.99,22995,22746.02,22982.07,533.668106
1675152000000,22982.07,22997.29,22813.39,22861.33,530.681434
1675166400000,22861.33,23205.54,22854.54,23117.99,952.762804
1675180800000,23117.99,23215.5,23086.12,23167.95,670.263418
1675195200000,23167.95,23320,22817.29,23127.02,882.667631
1675209600000,23127.02,23180,23000.13,23129.99,446.077607
1675224000000,23129.99,23163.57,23019.11,23074.56,414.435268
1675238400000,23074.56,23096.4,22922.72,23072.42,483.520748
1675252800000,23072.42,23140.65,22946.73,22980.81,773.415426
1675267200000,22980.81,23489.02,22765.88,23374.22,1907.394753
1675281600000,23374.22,23800,23306.68,23730.52,1559.767595
1675296000000,23730.52,24250.36,23694.65,23854.58,1634.695253
1675310400000,23854.58,23907.67,23653.51,23779.8,883.505749
1675324800000,23779.8,23850.11,23752.48,23823.38,429.81871
1675339200000,23823.38,23944.19,23541.62,23829.17,1481.221343
1675353600000,23829.17,24138.84,23731.4,23806.62,1500.198742
1675368000000,23806.62,23917.9,23371.96,23491.44,1094.650104
1675382400000,23491.44,23589.44,23416.13,23535.13,692.113138
1675396800000,23535.13,23559.99,23445.57,23448.63,386.425587
1675411200000,23448.63,23536.7,23324.61,23536.7,702.063663
1675425600000,23536.7,23707.6,23234.87,23601.13,1764.927142
1675440000000,23601.13,23711,23302.76,23305.6,907.219741
1675454400000,23305.6,23466,23213,23436.46,466.294784
1675468800000,23436.46,23461.35,23336.3,23339.66,274.404846
1675483200000,23339.66,23355.85,23257.25,23327.61,296.868825
1675497600000,23327.61,23369.22,23295.45,23359.55,251.926569
1675512000000,23359.55,23582.53,23346.02,23420.92,565.466918
1675526400000,23420.92,23463.4,23370.89,23427.91,366.200697
1675540800000,23427.91,23441.81,23263.83,23325.07,327.209068
1675555200000,23325.07,23364.62,23233.48,23340.17,329.57614
1675569600000,23340.17,23426.32,23329.67,23378.03,201.010088
1675584000000,23378.03,23415.64,23351.21,23358.1,177.04964
1675598400000,23358.1,23367.26,23013.88,23097.79,955.86375
1675612800000,23097.79,23152.73,22757.44,22894.76,1065.041737
1675627200000,22894.76,23029.79,22800.86,22932.42,550.19343
1675641600000,22932.42,23089.87,22829.26,22892.55,451.429441
1675656000000,22892.55,22922.54,22630.58,22877.79,638.222093
1675670400000,22877.79,22935.65,22738.22,22878.88,524.939346
1675684800000,22878.88,23048.76,22752.07,23039.76,725.535596
1675699200000,23039.76,23160.2,22925.05,23027.97,838.043925
1675713600000,23027.97,23027.97,22642,22761.7,660.3207
1675728000000,22761.7,22894.56,22750.45,22874.4,415.326415
1675742400000,22874.4,22981.43,22866.4,22910.23,367.254091
1675756800000,22910.23,23058.15,22867.9,22981.56,491.254697
1675771200000,22981.56,23039.55,22883.34,22909.49,599.357474
1675785600000,22909.49,23348.22,22771.05,23092.15,1796.657348
1675800000000,23092.15,23299,23032.33,23243.02,706.046752
1675814400000,23243.02,23448,23230.88,23261.27,573.31005
1675828800000,23261.27,23281,23186,23236.39,283.95672
1675843200000,23236.39,23239.89,23140.98,23159.73,533.323256
1675857600000,23159.73,23197.09,22864.7,22874.97,977.237053
1675872000000,22874.97,23033.29,22680.11,22877.55,1107.993063
1675886400000,22877.55,22976.5,22783.76,22958.41,443.413839
1675900800000,22958.41,23005.09,22438.97,22519.71,1459.130311
1675915200000,22519.71,22730.84,22361.81,22675,836.303981
1675929600000,22675,22760,22665.88,22685.32,448.929229
1675944000000,22685.32,22829.36,22559.29,22612.32,1020.941571
1675958400000,22612.32,22618.28,21878.65,22034.21,1807.835553
1675972800000,22034.21,22082.63,21700,21796.73,1800.151319
1675987200000,21796.73,21934.41,21762.04,21822.37,568.557703
1676001600000,21822.37,21921.85,21631.44,21915.91,835.629229
1676016000000,21915.91,21930,21720,21732.99,573.263418
1676030400000,21732.99,21902.75,21530.58,21656,1037.510144
1676044800000,21656,21795.71,21563.58,21778.2,593.758527
1676059200000,21778.2,21790.12,21480,21631.49,515.755693
1676073600000,21631.49,21716.4,21607.94,21680.43,304.208276
1676088000000,21680.43,21711.11,21645.57,21693.31,150.740878
1676102400000,21693.31,21718.7,21666.15,21697.18,185.702417
1676116800000,21697.18,21774.76,21669.21,21736.19,258.122829
1676131200000,21736.19,21737.87,21621.67,21661.74,230.237095
1676145600000,21661.74,21899.6,21652.17,21863.97,214.027156
1676160000000,21863.97,21882.33,21772.05,21784.56,169.215283
1676174400000,21784.56,21811.95,21766.82,21801.89,111.871319
1676188800000,21801.89,21947.3,21801.88,21887.28,299.252833
1676203200000,21887.28,21993.44,21767.7,21943.99,421.504835
1676217600000,21943.99,22084.19,21918.34,21996.01,429.247373
1676232000000,21996.01,22027.52,21637.6,21780.45,554.894004
1676246400000,21780.45,21867,21630.76,21808,497.207575
1676260800000,21808,21888.6,21794.49,21866.04,356.164997
1676275200000,21866.04,21870.79,21427,21603.07,1067.107274
1676289600000,21603.07,21696.36,21562.81,21567.42,641.885991
1676304000000,21567.42,21678.47,21360,21610.48,768.58396
1676318400000,21610.48,21845.75,21568,21774.06,436.234616
1676332800000,21774.06,21809.87,21676.82,21697.98,261.598697
1676347200000,21697.98,21787.1,21684.48,21765.19,278.223432
1676361600000,21765.19,21872.71,21673.33,21803.54,415.044495
1676376000000,21803.54,22311.67,21533.86,22042.53,2259.304012
1676390400000,22042.53,22242.78,21925.83,22212.53,831.091345
1676404800000,22212.53,22276.99,22125,22199.85,382.678595
1676419200000,22199.85,22199.85,22051.01,22098.23,373.11909
1676433600000,22098.23,22167.71,22076.44,22109.77,356.324004
1676448000000,22109.77,22493.89,22093.39,22442.09,716.006895
1676462400000,22442.09,22898.47,22442.09,22814.21,2001.901523
1676476800000,22814.21,23350,22745.37,23313.68,1609.373903
1676491200000,23313.68,24373.65,23294.04,24325.3,3783.907223
1676505600000,24325.3,24909,24273.25,24725.46,2032.283917
1676520000000,24725.46,24744.92,24453.48,24612,1027.324413
1676534400000,24612,24660,24514.18,24566.95,576.94774
1676548800000,24566.95,25077.66,24287.66,25072.84,1964.41549
1676563200000,25072.84,25251.19,24614.11,24875,2224.401549
1676577600000,24875,24875.01,23509.09,23511.17,2380.848474
1676592000000,23511.17,23905.51,23349.3,23836.01,1283.451467
1676606400000,23836.01,23876,23615.5,23640.01,699.343173
1676620800000,23640.01,23879.3,23538,23785.12,829.471195
1676635200000,23785.12,24279.99,23706.65,24131.99,1748.954781
1676649600000,24131.99,24561.3,23922.16,24526.03,1662.817663
1676664000000,24526.03,25022.54,24054.56,24573.61,2245.717821
1676678400000,24573.61,24788.56,24511.08,24607.68,474.356994
1676692800000,24607.68,24674.78,24442.89,24519.5,335.415818
1676707200000,24519.5,24602.65,24438.03,24523.33,399.092311
1676721600000,24523.33,24729.32,24492.01,24671.04,512.026945
1676736000000,24671.04,24868.26,24566.28,24605.25,538.633076
1676750400000,24605.25,24662.38,24524,24633.23,181.337582
1676764800000,24633.23,24762.29,24625.02,24677.32,230.985001
1676779200000,24677.32,24841.48,24570.01,24580.01,419.732315
1676793600000,24580.01,24707.83,24566.88,24675.01,256.351594
1676808000000,24675.01,25040.73,24664.21,24924.64,797.977412
1676822400000,24924.64,25183.29,24290.33,24520,1758.15017
1676836800000,24520,24576.87,24200,24272,569.408099
1676851200000,24272,24466.78,23839.62,24420.01,882.540934
1676865600000,24420.01,24552.17,24405.1,24504.01,517.77638
1676880000000,24504.01,24974.76,24374.92,24883,1142.472388
1676894400000,24883,25116.51,24717.6,24946.99,1050.763415
1676908800000,24946.99,24956,24642.04,24876.35,781.458999
1676923200000,24876.35,24884.49,24658.01,24841.01,401.394379
1676937600000,24841.01,25095.37,24792,24927,642.086462
1676952000000,24927,25043.38,24856,24993.99,435.417944
1676966400000,24993.99,25285.6,24567.47,24575,1512.554931
1676980800000,24575,24780.99,24406.4,24563.01,968.468237
1676995200000,24563.01,24746.57,24291.36,24604,736.777662
1677009600000,24604,24636,24153.84,24448.43,540.217303
1677024000000,24448.43,24470.29,23865.69,24198.33,932.777957
1677038400000,24198.33,24217.27,23931.28,24063.99,678.046562
1677052800000,24063.99,24211.91,23867.01,24158.28,683.376513
1677067200000,24158.28,24230,23639,23724.01,1100.043491
1677081600000,23724.01,23971.99,23579.98,23791.96,949.230278
1677096000000,23791.96,24213.26,23740.27,24184.01,600.783547
1677110400000,24184.01,24593.16,24130,24451.27,671.713459
1677124800000,24451.27,24518.65,24320,24378.99,363.427348
1677139200000,24378.99,24488.5,23654.84,23780.36,891.967111
1677153600000,23780.36,24220.27,23610,23951.99,1257.07033
1677168000000,23951.99,24052.27,23734.41,23974.28,724.817159
1677182400000,23974.28,24063.07,23761.11,23936,350.02593
1677196800000,23936,24125.49,23886.85,23948.79,341.977646
1677211200000,23948.79,23979.27,23779.28,23839.99,363.541431
1677225600000,23839.99,23968,23766.7,23884.88,345.010477
1677240000000,23884.88,24020,23333.26,23346.28,1257.58402
1677254400000,23346.28,23346.28,22842.11,23180.74,1538.537246
1677268800000,23180.74,23324.7,22981.21,23188.41,683.149501
1677283200000,23188.41,23216.27,23048.6,23072.01,197.392164
1677297600000,23072.01,23121.24,23027.27,23115.27,191.44684
1677312000000,23115.27,23149.27,22914.09,22982.37,348.29741
1677326400000,22982.37,23084.51,22863.62,23008.34,344.163099
1677340800000,23008.34,23079.64,22920,22985,286.450587
1677355200000,22985,23180.26,22750,23160.28,492.812819
1677369600000,23160.28,23244,23066,23215.28,241.404911
1677384000000,23215.28,23220.26,23097.21,23150.27,209.227388
1677398400000,23150.27,23285.5,23120,23248.8,231.667105
1677412800000,23248.8,23318,23068.78,23244.66,669.679048
1677427200000,23244.66,23537.89,23144,23506.27,525.13673
1677441600000,23506.27,23685.38,23327.31,23556.01,578.513604
1677456000000,23556.01,23633.95,23439.27,23549.08,373.349425
1677470400000,23549.08,23551.36,23344.98,23416.01,515.396669
1677484800000,23416.01,23447.58,23338.28,23424,321.35068
1677499200000,23424,23888,23382.26,23552.7,1077.563992
1677513600000,23552.7,23614.9,23160.2,23278.54,1251.084246
1677528000000,23278.54,23575,23114.95,23489.79,586.674722
1677542400000,23489.79,23541.71,23352,23456.01,254.826525
1677556800000,23456.01,23461.36,23216.63,23230.68,334.317191
1677571200000,23230.68,23415.53,23207.15,23392.48,281.570801
1677585600000,23392.48,23571.2,23321.3,23519.99,574.402631
1677600000000,23519.99,23593.63,23205.49,23263.99,565.45823
1677614400000,23263.99,23339.85,23028.7,23139.62,628.303454
1677628800000,23139.62,23491.68,23025.61,23440.06,475.485679
1677643200000,23440.06,23830,23428,23713.2,979.548761
1677657600000,23713.2,24000,23677.46,23735,650.492645
1677672000000,23735,23882.09,23575,23709.19,741.186065
1677686400000,23709.19,23740.05,23333.49,23356,525.900144
1677700800000,23356,23669.99,23306.49,23640,409.811183
1677715200000,23640,23792.38,23430.17,23500,280.614037
1677729600000,23500,23542.36,23342.84,23390.83,200.112666
1677744000000,23390.83,23464.51,23343.99,23414.05,241.975078
1677758400000,23414.05,23428.43,23200.49,23364.41,535.010038
1677772800000,23364.41,23500,23234.07,23466.85,533.644923
1677787200000,23466.85,23560.99,23393.5,23463.99,287.078555
1677801600000,23463.99,23471.83,21971.09,22324,3405.64995
1677816000000,22324,22410.98,22256.64,22360.97,666.367394
1677830400000,22360.97,22473.36,22313.1,22346.77,365.58642
1677844800000,22346.77,22493.56,22174.68,22333.9,766.915688
1677859200000,22333.9,22442.88,22232.21,22358.64,375.108561
1677873600000,22358.64,22375.13,22147.87,22352,487.848021
1677888000000,22352,22385.52,22324,22347.33,260.815177
1677902400000,22347.33,22404.71,22272.01,22360,341.426057
1677916800000,22360,22370,22325,22344.01,124.530711
1677931200000,22344.01,22393.01,22312.01,22317.77,140.855843
1677945600000,22317.77,22341.52,22233.32,22248.5,220.575104
1677960000000,22248.5,22354.5,22164,22347.46,242.730286
1677974400000,22347.46,22652.14,22198.06,22383.64,594.853005
1677988800000,22383.64,22463.32,22370.01,22378.84,158.241621
1678003200000,22378.84,22443.97,22323.73,22396.02,135.821851
1678017600000,22396.02,22490,22391.86,22440.01,198.081412
1678032000000,22440.01,22456,22378.16,22402.25,115.714714
1678046400000,22402.25,22553.58,22328.17,22425.8,321.117737
1678060800000,22425.8,22503.48,22266.86,22388,496.314888
1678075200000,22388,22431.06,22316.15,22394,270.886418
1678089600000,22394,22444.01,22359.53,22378.06,223.629568
1678104000000,22378.06,22596.96,22360,22553.96,409.850288
1678118400000,22553.96,22581.07,22365.49,22392,466.83652
1678132800000,22392,22445,22327.27,22410.95,255.43224
1678147200000,22410.95,22552.81,22380.01,22454.53,489.965389
1678161600000,22454.53,22476.87,22415.69,22416.01,212.963193
1678176000000,22416.01,22427.81,22333.97,22349.73,364.336987
1678190400000,22349.73,22480.58,21935.3,22323.55,1456.373339
1678204800000,22323.55,22390.36,22070.7,22128.75,678.31375
1678219200000,22128.75,22224.72,21950.59,22199.99,532.669126
1678233600000,22199.99,22281.52,22088.76,22150.5,255.120826
1678248000000,22150.5,22163.81,21860,21972,615.087064
1678262400000,21972,22137.2,21947.02,22072.01,413.640921
1678276800000,22072.01,22220,21882.75,22142.09,1094.336647
1678291200000,22142.09,22211.51,21947.26,21999.34,476.056995
1678305600000,21999.34,22128.71,21580.01,21706.57,1091.356432
1678320000000,21706.57,21803.59,21639,21769.42,411.410488
1678334400000,21769.42,21769.43,21670.3,21684.72,318.010686
1678348800000,21684.72,21699.56,21541.8,21673.97,927.035842
1678363200000,21673.97,21834,21560,21650.91,791.627885
1678377600000,21650.91,21671.89,20772.32,20854.95,2765.258014
1678392000000,20854.95,20866.55,20049.05,20365.8,2579.748735
1678406400000,20365.8,20365.81,19778.12,20054.2,2423.121843
1678420800000,20054.2,20061.29,19780.97,19950.47,1550.478115
1678435200000,19950.47,19975.29,19555,19763.02,1876.574933
1678449600000,19763.02,20298.78,19660.91,20007.72,3294.17585
1678464000000,20007.72,20299.96,19828.55,20024,1586.923878
1678478400000,20024,20234.05,19852.93,20150.39,1026.912391
1678492800000,20150.39,20679.56,20138.12,20385.84,2427.542562
1678507200000,20385.84,20429.99,19828.55,19857.25,2245.806055
1678521600000,19857.25,20210,19771.66,20089.13,2029.1113
1678536000000,20089.13,20203.7,20036,20064.01,888.938142
1678550400000,20064.01,20325.4,19991.63,20224.47,934.435755
1678564800000,20224.47,20519.99,20221.26,20457.85,1085.18307
1678579200000,20457.85,20495,20309.09,20369.85,521.045204
1678593600000,20369.85,20435.23,20273.23,20343.01,411.750231
1678608000000,20343.01,20489.02,20334.15,20443.99,589.190198
1678622400000,20443.99,20461.21,20290.57,20364.23,713.132054
1678636800000,20364.23,21327.38,20350,20769.79,2724.153519
1678651200000,20769.79,22109.37,20760.01,21994.24,2661.736247
1678665600000,21994.24,22579,21867.44,22234.43,1887.887822
1678680000000,22234.43,22494.03,22228.34,22460.01,752.818762
1678694400000,22460.01,22535,21815.25,22110.01,1540.795134
1678708800000,22110.01,24482.93,21965.09,23979.99,5914.839794
1678723200000,23979.99,24400,23760,24283.99,2849.558231
1678737600000,24283.99,24312,23936.58,24104.02,1371.405282
1678752000000,24104.02,24500,23982.43,24368,1108.710082
1678766400000,24368,24822.06,24144.5,24245,1929.662777
1678780800000,24245,24819.74,24123.08,24745.53,1947.832321
1678795200000,24745.53,26393.33,24510.66,25901.97,6006.358269
1678809600000,25901.97,26000,24230.61,25054.16,3808.571236
1678824000000,25054.16,25169.04,23984.74,24674.98,2852.36265
1678838400000,24674.98,25069.62,24305.76,24717.39,1585.256506
1678852800000,24717.39,24914,24611.47,24870.69,761.509821
1678867200000,24870.69,24915.99,24258.39,24749.87,1746.803332
1678881600000,24749.87,25177.13,24379.58,24470.17,4668.400129
1678896000000,24470.17,24517.15,23890.95,24366.99,4783.102077
1678910400000,24366.99,24627.97,24225.19,24276.58,1407.169315
1678924800000,24276.58,24431.75,24123.19,24265.06,915.660397
1678939200000,24265.06,24676.11,24189.56,24616.73,1292.502178
1678953600000,24616.73,25057.96,24387.84,24828.37,2825.118988
1678968000000,24828.37,25029.43,24523,24891.42,2421.705615
1678982400000,24891.42,25167.46,24614.18,24950.2,1689.303883
1678996800000,24950.2,25095.04,24629.37,24997.48,1283.022884
1679011200000,24997.48,25895,24893.14,25781.96,2399.99294
1679025600000,25781.96,26206.19,25657.02,26059.43,1886.201355
1679040000000,26059.43,26963.88,25925.38,26914.79,3272.731386
1679054400000,26914.79,26928.01,26118.03,26419.48,3017.283854
1679068800000,26419.48,26856.27,26267.51,26830.89,2322.855312
1679083200000,26830.89,27755.5,26584.57,27387.69,3272.953332
1679097600000,27387.69,27720.95,27057.56,27300.97,2007.686198
1679112000000,27300.97,27606.51,27214.47,27358.56,877.232572
1679126400000,27358.56,27500.96,27058.04,27449.45,1167.184093
1679140800000,27449.45,27640,27049,27227.19,2005.590394
1679155200000,27227.19,27480,26559.81,27333.93,2187.79077
1679169600000,27333.93,27446.65,26806.64,26902.45,1112.583797
1679184000000,26902.45,27236.59,26901.22,27190.48,792.739206
1679198400000,27190.48,27272.92,26826.9,26970.89,650.078275
1679212800000,26970.89,27199.48,26880.76,27162.68,753.61189
1679227200000,27162.68,27750,27116.27,27551.21,2313.798208
1679241600000,27551.21,28370.92,27475.94,28247.79,3178.129142
1679256000000,28247.79,28385.81,27734.81,27964.68,2427.225611
1679270400000,27964.68,28052.3,27135.83,27275.37,2387.58665
1679284800000,27275.37,28265.18,27146.22,28182.01,1419.751297
1679299200000,28182.01,28467,27927.33,28184.87,2656.905113
1679313600000,28184.87,28261.01,27619.19,27692.63,2314.959342
1679328000000,27692.63,28037.42,27460.01,27781.98,1827.909401
1679342400000,27781.98,28178,27583.08,27720.49,1249.753975
1679356800000,27720.49,27947.45,27661.53,27780.48,647.822598
1679371200000,27780.48,27957.42,27308.76,27503.47,1140.821612
1679385600000,27503.47,28173.85,27397.36,28042.09,1698.998634
1679400000000,28042.09,28250,27730.01,28037.01,1614.003987
1679414400000,28037.01,28435.18,27933.06,28126,1816.188226
1679428800000,28126,28205.8,27909.74,28104.57,864.89652
1679443200000,28104.57,28275,27942.85,28152.83,859.375678
1679457600000,28152.83,28284.47,28034.41,28097.83,957.347093
1679472000000,28097.83,28208.24,27990,28124.22,1031.276075
1679486400000,28124.22,28726.87,28107.06,28594.05,3089.91379
1679500800000,28594.05,28868,26646,26675.91,8038.642617
1679515200000,26675.91,27423.99,26602.9,27247.89,2563.806839
1679529600000,27247.89,27423.96,27115.91,27360.01,986.963385
1679544000000,27360.01,27697.99,27253.83,27632.3,1198.362619
1679558400000,27632.3,27743.69,27444.61,27583.47,909.860701
1679572800000,27583.47,28755.8,27283.19,28582.89,4005.585776
1679587200000,28582.89,28646.96,27756.47,28370.05,3258.688263
1679601600000,28370.05,28441.4,27969.58,28293.9,1551.658674
1679616000000,28293.9,28368.08,28134.85,28220.38,711.151432
1679630400000,28220.38,28337.1,28100.49,28277.58,694.230402
1679644800000,28277.58,28296.21,27383.19,27583.28,2008.231295
1679659200000,27583.28,28255.33,27547.42,28010.35,3193.469235
1679673600000,28010.35,28050.7,27510.95,27822.58,1910.946666
1679688000000,27822.58,27861.49,27000,27453.55,1474.988916
1679702400000,27453.55,27657.4,27422,27579.26,500.847416
1679716800000,27579.26,27606.29,27378.35,27489.69,493.344253
1679731200000,27489.69,27529.26,27315.01,27455.45,448.398352
1679745600000,27455.45,27787.18,27359.63,27649.62,722.549153
1679760000000,27649.62,27725.18,27158.45,27187.29,726.400266
1679774400000,27187.29,27525.99,27158.49,27459.9,424.851031
1679788800000,27459.9,27652.05,27417.73,27525.85,578.482892
1679803200000,27525.85,27569.41,27463.11,27499,212.604936
1679817600000,27499,27910.6,27483.75,27862.34,548.409689
1679832000000,27862.34,28200.75,27703.84,27802,1124.227618
1679846400000,27802,27930.81,27633.34,27827.14,460.391027
1679860800000,27827.14,28138.68,27683,27970.73,704.516013
1679875200000,27970.73,28022.49,27783.33,27890.99,550.702193
1679889600000,27890.99,27935.14,27664.87,27806.09,545.609415
1679904000000,27806.09,27989.91,27774.17,27891.05,573.483301
1679918400000,27891.05,27922.27,26505,26903.91,3103.867023
1679932800000,26903.91,27309.73,26860.1,26964.37,1825.125705
1679947200000,26964.37,27246.93,26883.1,27123.67,700.134277
1679961600000,27123.67,27172.18,26808.91,26970.36,733.738332
1679976000000,26970.36,27139.38,26882.36,26961.75,599.715351
1679990400000,26961.75,27149.01,26632.75,27059.01,1413.827944
1680004800000,27059.01,27205.79,26840.01,26999.97,1542.203084
1680019200000,26999.97,27510.99,26750.45,27419.87,1694.272285
1680033600000,27419.87,27490.48,27095.18,27262,743.641101
1680048000000,27262,27465.4,27242.79,27364.71,728.688616
1680062400000,27364.71,28165.63,27350.44,28087.29,2520.297021
1680076800000,28087.29,28641.86,28042.02,28355.2,2686.447806
1680091200000,28355.2,28593.35,28238.72,28441.73,1565.054466
1680105600000,28441.73,28450.2,28137.01,28420,1505.300077
1680120000000,28420,28500,28207.85,28349.07,767.588911
1680134400000,28349.07,29180,28101,28486.63,3097.071682
1680148800000,28486.63,28783.21,28442.41,28729.92,1123.394852
1680163200000,28729.92,28749.99,28501.48,28645.7,750.214033
1680177600000,28645.7,28691.09,28171.71,28298.55,1853.641238
1680192000000,28298.55,28301.1,27685.04,27980,2513.960313
1680206400000,27980,28193.2,27793.02,28028.47,1213.219701
1680220800000,28028.47,28376.98,27917.65,28170.34,1084.532755
1680235200000,28170.34,28217.5,27509.29,27742.9,1265.44228
1680249600000,27742.9,27991.33,27687.46,27932.17,874.272729
1680264000000,27932.17,28652.11,27873.11,28492.43,2515.362956
1680278400000,28492.43,28541.43,28265.94,28467.13,1028.927957
1680292800000,28467.13,28633.32,28344.38,28466.64,643.73226
1680307200000,28466.64,28820,28411.76,28538.62,617.750791
1680321600000,28538.62,28624.41,28352.01,28429.99,454.322648
1680336000000,28429.99,28483.66,28356.89,28366.32,243.600138
1680350400000,28366.32,28444.99,28230,28398.95,427.020239
1680364800000,28398.95,28435.08,28285.52,28378.99,253.407599
1680379200000,28378.99,28574.99,28378.99,28455.06,374.492088
1680393600000,28455.06,28525.57,28358.13,28474.29,271.632566
1680408000000,28474.29,28488,28387.35,28414.84,223.334743
1680422400000,28414.84,28442.88,28308.36,28351.16,334.217877
1680436800000,28351.16,28357.33,28038.42,28127.59,741.985562
1680451200000,28127.59,28230.04,27855.8,27942.27,847.750668
1680465600000,27942.27,28199.34,27860.01,28170.11,686.094798
1680480000000,28170.11,28178.63,27566.08,27754.45,999.543673
1680494400000,27754.45,27958.14,27590.5,27954.96,562.209092
1680508800000,27954.96,28520,27954.96,28251.85,2537.722424
1680523200000,28251.85,28374.86,27942.02,28048.11,1348.258253
1680537600000,28048.11,28240.29,27887.13,28079.15,1063.284092
1680552000000,28079.15,28096.01,27217,27805.45,1854.89792
1680566400000,27805.45,27962.88,27666.74,27854.74,916.758773
1680580800000,27854.74,28146.35,27777.6,28025.74,819.414496
1680595200000,28025.74,28446.03,27938.54,28286.56,1275.811505
1680609600000,28286.56,28397.66,27948.26,28025.15,1400.20463
1680624000000,28025.15,28255.55,27970.21,28191.13,722.009528
1680638400000,28191.13,28300,28071.59,28165.08,616.582701
1680652800000,28165.08,28779.7,28093.37,28548.19,1588.875765
1680667200000,28548.19,28620.46,28456.39,28526.05,417.334319
1680681600000,28526.05,28600,28450.79,28558.61,461.913148
1680696000000,28558.61,28752.29,27861.54,28030.23,2103.656213
1680710400000,28030.23,28310,27809.96,28236.14,1097.993399
1680724800000,28236.14,28301.62,28132,28171.82,342.694289
1680739200000,28171.82,28182.16,27878.69,28127.78,572.11924
1680753600000,28127.78,28127.78,27910.27,27911.54,394.274909
1680768000000,27911.54,28027.52,27700,27943.27,759.417606
1680782400000,27943.27,28180,27747.22,28092.81,978.665126
1680796800000,28092.81,28164.03,27950,28013.66,383.22876
1680811200000,28013.66,28124.07,27894.63,28035.31,264.19164
1680825600000,28035.31,28103.69,27931,28037.06,176.795893
1680840000000,28037.06,28062.28,27770.46,27838.66,427.102956
1680854400000,27838.66,27960,27788.51,27840,358.566769
1680868800000,27840,27994.6,27800.01,27946.07,414.102518
1680883200000,27946.07,27954.89,27863.05,27897.62,207.620845
1680897600000,27897.62,27979.75,27844.74,27903.08,164.444089
1680912000000,27903.08,28060.28,27862.78,28027.23,215.41996
1680926400000,28027.23,28152.05,27976.53,28087.78,279.809034
1680940800000,28087.78,28114.04,27994.08,28015,113.80313
1680955200000,28015,28050.01,27951.64,28019.02,138.209345
1680969600000,28019.02,28023.51,27866.62,27922.53,204.382295
1680984000000,27922.53,27982.07,27887.19,27943.39,100.577809
1680998400000,27943.39,28080.84,27930.31,28025.87,126.007155
1681012800000,28025.87,28066.05,27844.7,27909,321.451181
1681027200000,27909,27940.9,27800.52,27931.18,226.26408
1681041600000,27931.18,27972.86,27800.8,27891.9,192.688273
1681056000000,27891.9,28281.62,27868.78,28140.18,476.294813
1681070400000,28140.18,28526.16,28090.09,28320,661.435849
1681084800000,28320,28417.49,28245.81,28277,350.354652
1681099200000,28277,28311.88,28199,28282.94,353.075375
1681113600000,28282.94,28369.86,28274,28306.7,315.924575
1681128000000,28306.7,28567.89,28163.59,28432.65,832.30514
1681142400000,28432.65,29292.46,28379.12,29162.78,2863.493839
1681156800000,29162.78,29783.39,29066.57,29639.2,1564.973061
1681171200000,29639.2,30434.3,29594.01,30111.16,2112.685859
1681185600000,30111.16,30163.59,29793.04,30110.28,805.90321
1681200000000,30110.28,30145.97,29981.18,30057.2,635.640237
1681214400000,30057.2,30277.31,29976.24,30195.09,926.148462
1681228800000,30195.09,30558,30031.89,30123.74,977.477684
1681243200000,30123.74,30270.61,29940,30201.23,622.545548
1681257600000,30201.23,30351.23,29830,29922.16,751.231184
1681272000000,29922.16,30073.38,29856.59,29989.74,409.699063
1681286400000,29989.74,30049.68,29897.23,30015.72,370.321535
1681300800000,30015.72,30483.05,29650,29962.68,2317.114727
1681315200000,29962.68,30088.04,29752.04,29791.99,589.933589
1681329600000,29791.99,29980,29770,29883.65,284.694629
1681344000000,29883.65,30200.39,29854.58,30081.52,339.191018
1681358400000,30081.52,30127.73,29996.13,30072.02,248.526692
1681372800000,30072.02,30374.89,30041.38,30161.8,789.691325
1681387200000,30161.8,30580.56,30134.25,30440.28,1190.739125
1681401600000,30440.28,30538.78,30269.49,30331.45,575.488933
1681416000000,30331.45,30391.38,30208,30374.7,292.679138
1681430400000,30374.7,30907.29,30311.24,30695.14,1415.322199
1681444800000,30695.14,31019.6,30674.57,30742.66,780.571644
1681459200000,30742.66,30824.82,30663.36,30801.53,587.708466
1681473600000,30801.53,30851.74,30086.34,30245.82,1510.19056
1681488000000,30245.82,30350.63,29979.39,30326.61,962.652772
1681502400000,30326.61,30515.24,30275.34,30459,527.579183
1681516800000,30459,30600,30282.48,30376.23,316.328713
1681531200000,30376.23,30469.74,30344.54,30434.71,150.695403
1681545600000,30434.71,30466.03,30370,30386.36,186.057129
1681560000000,30386.36,30441.9,30290.91,30328.01,261.191192
1681574400000,30328.01,30337.25,30207,30332.88,313.065312
1681588800000,30332.88,30357.05,30242.93,30293.71,199.174758
1681603200000,30293.71,30316.77,30122.74,30248.96,195.380966
1681617600000,30248.96,30386.5,30248.96,30345,152.358219
1681632000000,30345,30350,30222.77,30229.48,236.143273
1681646400000,30229.48,30360,30163.59,30334.67,313.460849
1681660800000,30334.67,30549.04,30264.82,30309.03,489.827457
1681675200000,30309.03,30410.94,30187.32,30309.89,536.362236
1681689600000,30309.89,30315.82,29750,29980.01,961.409946
1681704000000,29980.01,30006.16,29836.7,29839.73,356.786388
1681718400000,29839.73,29920,29350,29577.51,930.991689
1681732800000,29577.51,29596.8,29238.51,29359.68,1057.988453
1681747200000,29359.68,29579.99,29331.1,29469.39,538.050079
1681761600000,29469.39,29535.27,29390.01,29430,275.731443
1681776000000,29430,29500,29101,29447.28,566.380702
1681790400000,29447.28,29808.21,29440,29780.7,575.638294
1681804800000,29780.7,30379.98,29694.68,30379.98,1129.391468
1681819200000,30379.98,30480,30101.24,30179.54,1627.746273
1681833600000,30179.54,30272.27,29954.16,30227.87,712.479494
1681848000000,30227.87,30459,30152.43,30380.3,470.244448
1681862400000,30380.3,30411.85,30130,30210,300.458317
1681876800000,30210,30323,29985.78,30081.35,452.957308
1681891200000,30081.35,30081.36,29001,29309.45,3795.731587
1681905600000,29309.45,29500,29114.44,29265.07,911.144394
1681920000000,29265.07,29366.58,29092.33,29229.99,627.066809
1681934400000,29229.99,29314.25,28575,28800,1638.872065
1681948800000,28800,28995.37,28550.91,28857.14,721.981713
1681963200000,28857.14,29084.69,28819.52,28868.22,565.015727
1681977600000,28868.22,28939.99,28589.99,28606.13,955.498589
1681992000000,28606.13,28950,28360.67,28504.63,1775.6262
1682006400000,28504.63,28655.68,28004.85,28105.91,1922.352762
1682020800000,28105.91,28364.2,28016.08,28240,728.599381
1682035200000,28240,28367.55,28092.21,28318.77,508.93892
1682049600000,28318.77,28346.95,27819.48,28163.55,1577.581593
1682064000000,28163.55,28237.99,27924.13,28064.33,1179.45647
1682078400000,28064.33,28305.85,27968.26,28043.6,1002.633909
1682092800000,28043.6,28090,27191.85,27279.33,2093.695986
1682107200000,27279.33,27408.28,27132.84,27260,962.336146
1682121600000,27260,27363.83,27142.23,27322.75,362.935148
1682136000000,27322.75,27397.78,27227.46,27276.39,389.293105
1682150400000,27276.39,27321.92,27188.26,27292.64,452.621244
1682164800000,27292.64,27567.15,27234.81,27489.46,1109.849866
1682179200000,27489.46,27777.19,27486.32,27625.4,1492.557406
1682193600000,27625.4,27876.71,27565.21,27814.31,575.373625
1682208000000,27814.31,27815.45,27431.42,27558.85,619.834783
1682222400000,27558.85,27748.51,27539.15,27722.36,274.997631
1682236800000,27722.36,27767.3,27485.41,27639.44,386.313639
1682251200000,27639.44,27725.84,27325.72,27472.78,707.594036
1682265600000,27472.78,27683.76,27340,27460.69,798.5729
1682280000000,27460.69,27650,27403.36,27589.68,349.466512
1682294400000,27589.68,27993.93,27433.09,27789.15,695.704761
1682308800000,27789.15,27790,27350,27453.27,688.635335
1682323200000,27453.27,27549.95,27160,27545,927.251481
1682337600000,27545,27710,27220.02,27259.21,1026.266167
1682352000000,27259.21,27577.16,26963.11,27382.21,1540.418389
1682366400000,27382.21,27556.16,27328.1,27510,428.358338
1682380800000,27510,27586.21,27325,27345,433.081431
1682395200000,27345,27454.36,27242.43,27265.01,611.063152
1682409600000,27265.01,27437.49,27195,27392.02,900.220665
1682424000000,27392.02,27465.66,27215.01,27340.73,1193.837766
1682438400000,27340.73,27781.2,27315.01,27617.61,1408.146273
1682452800000,27617.61,28386.91,27615.01,28296.63,1798.233157
1682467200000,28296.63,28472.44,28250.01,28310.01,978.914403
1682481600000,28310.01,28582.6,28302.4,28373.15,814.98569
1682496000000,28373.15,29139.86,28367.91,28955,2499.637792
1682510400000,28955,30030,28955,29821.51,3824.397809
1682524800000,29821.51,29897.33,27691.2,27892.22,3649.625225
1682539200000,27892.22,28740,27218.41,28417.26,4037.425087
1682553600000,28417.26,29472.14,28385.39,28893.92,2257.766757
1682568000000,28893.92,29280,28624.23,28897.21,1177.020261
1682582400000,28897.21,29139.85,28781.95,28937.53,883.009598
1682596800000,28937.53,29571.4,28662.47,29148.43,1908.58305
1682611200000,29148.43,29893.44,29016.04,29672.51,2457.524313
1682625600000,29672.51,29780.03,29236.99,29475.17,1307.185922
1682640000000,29475.17,29593.74,29333.06,29418.96,1103.200843
1682654400000,29418.96,29564.19,29401.21,29485.26,879.406954
1682668800000,29485.26,29489.93,29122.73,29242.21,1195.784423
1682683200000,29242.21,29467.36,28891.27,29149.35,2023.027122
1682697600000,29149.35,29433.32,29105.2,29323.56,1098.675741
1682712000000,29323.56,29430.26,29275.22,29313.53,425.669723
1682726400000,29313.53,29391.29,29190.33,29350.16,627.344538
1682740800000,29350.16,29437.51,29293.21,29344.77,526.684598
1682755200000,29344.77,29357.98,29243.56,29326.23,321.547112
1682769600000,29326.23,29388,29219.26,29274.04,451.775194
1682784000000,29274.04,29321.2,29025.92,29242.22,452.246369
1682798400000,29242.22,29264.99,29140,29227.24,270.911364
1682812800000,29227.24,29228.71,29095.46,29180.42,241.314164
1682827200000,29180.42,29290.61,29173.21,29266.37,236.490188
1682841600000,29266.37,29344.81,29167.37,29194.98,418.108867
1682856000000,29194.98,29968.49,29184.88,29662.22,1488.085639
1682870400000,29662.22,29865.98,29220,29362.21,1188.048297
1682884800000,29362.21,29487.62,29152.27,29233.2,856.121754
1682899200000,29233.2,29331.49,28360,28559.3,1649.93683
1682913600000,28559.3,28716.65,28249.67,28630.42,1167.778439
1682928000000,28630.42,28668.24,28483.66,28523.29,566.827205
1682942400000,28523.29,28625.66,28080,28173.32,1689.467968
1682956800000,28173.32,28411.21,27807.93,27841.22,1704.499693
1682971200000,27841.22,28165,27663.93,28071.98,1179.680665
1682985600000,28071.98,28136.85,27917.5,28043.31,586.909628
1683000000000,28043.31,28165,27876.74,28058.14,523.721263
1683014400000,28058.14,28137.48,27949.6,28079.26,561.165623
1683028800000,28079.26,28769.39,27907.65,28537.2,2199.056119
1683043200000,28537.2,28886.28,28432.22,28681.2,1155.166556
1683057600000,28681.2,28811.28,28617.26,28664,696.61124
1683072000000,28664,28681.2,28341.45,28520.99,869.673385
1683086400000,28520.99,28682.24,28435.63,28651.21,655.738034
1683100800000,28651.21,28766.73,28529.33,28550.08,711.512184
1683115200000,28550.08,28576.31,28111.93,28310.71,1487.909635
1683129600000,28310.71,28800,28210.42,28325.04,2476.324465
1683144000000,28325.04,29261.48,28288.22,29026.18,1807.812299
1683158400000,29026.18,29190.53,28954.65,29093.21,705.168602
1683172800000,29093.21,29237.5,29046,29059.53,615.97472
1683187200000,29059.53,29379.11,28985,29156.97,891.069591
1683201600000,29156.97,29233.21,28666.65,28871.73,1716.357349
1683216000000,28871.73,28972.81,28670.01,28891.69,1148.778272
1683230400000,28891.69,28918.09,28755.01,28831.85,492.729086
1683244800000,28831.85,29532.34,28819.24,29194.21,1247.688927
1683259200000,29194.21,29273.73,29024.83,29066.75,837.961295
1683273600000,29066.75,29189.33,29024.71,29146.36,575.743352
1683288000000,29146.36,29436.99,28795.41,29356.01,1800.952477
1683302400000,29356.01,29679.09,29320.01,29559.99,1869.698769
1683316800000,29559.99,29645.78,29458.91,29506.94,515.376322
1683331200000,29506.94,29827.37,29339.22,29363.01,986.798933
1683345600000,29363.01,29432.49,29260.8,29363,562.916058
1683360000000,29363,29366.88,29140.01,29269.54,768.21521
1683374400000,29269.54,29270.52,28356,28581.18,2303.470758
1683388800000,28581.18,28996.1,28546.57,28841.65,937.076114
1683403200000,28841.65,28879.44,28639.01,28846.07,459.502153
1683417600000,28846.07,29138,28750,28799.82,878.562341
1683432000000,28799.82,28945.35,28789.8,28903.68,446.42741
1683446400000,28903.68,28950.51,28710.29,28842.32,544.050921
1683460800000,28842.32,29095.6,28842.32,28948.31,808.175683
1683475200000,28948.31,29030.33,28777.78,28911.01,644.17613
1683489600000,28911.01,28950,28390.77,28434.04,1093.538405
1683504000000,28434.04,28695.28,28022.01,28196.32,2099.409158
1683518400000,28196.32,28263.77,27833.07,27978.66,1115.484749
1683532800000,27978.66,27989.2,27575.44,27932.73,1238.015029
1683547200000,27932.73,28085.5,27678.41,27888.66,1357.18451
1683561600000,27888.66,27929.59,27280.74,27335.81,2657.311268
1683576000000,27335.81,27694.34,27269.53,27668.48,812.848859
1683590400000,27668.48,27751.28,27550,27629.34,639.953919
1683604800000,27629.34,27672.38,27442.81,27670.87,778.644628
1683619200000,27670.87,27723.94,27521.73,27680.28,616.850598
1683633600000,27680.28,27815.89,27373.54,27400.78,1528.339343
1683648000000,27400.78,27750.35,27351.49,27716.64,985.32617
1683662400000,27716.64,27772.5,27528.26,27631.21,446.841967
1683676800000,27631.21,27848.27,27621.83,27682.88,666.740784
1683691200000,27682.88,27719.99,27531.97,27544.3,393.392616
1683705600000,27544.3,27676.35,27485.42,27675.22,823.981184
1683720000000,27675.22,28319.18,27641.39,28154.23,2973.097968
1683734400000,28154.23,28296.05,26765,27689.31,3562.397533
1683748800000,27689.31,27981.77,27232.66,27594.7,1463.145938
1683763200000,27594.7,27619.99,27376.82,27449.01,764.185499
1683777600000,27449.01,27552.65,27399.2,27451.75,603.653966
1683792000000,27451.75,27484.2,27270.09,27401.72,674.556606
1683806400000,27401.72,27626.29,26950,27179.91,2295.576929
1683820800000,27179.91,27215.37,26700,26835.73,2162.057611
1683835200000,26835.73,27059.71,26807.84,26971.09,950.475212
1683849600000,26971.09,27087.99,26527.85,26579.94,1420.880937
1683864000000,26579.94,26703.47,26122.19,26311.63,1930.996025
1683878400000,26311.63,26441.51,26242.47,26348.04,887.652398
1683892800000,26348.04,26603.28,26275.01,26321.92,1335.628936
1683907200000,26321.92,26482.99,25811.56,26452.92,1946.609016
1683921600000,26452.92,26898.41,26363.21,26791.53,1474.25107
1683936000000,26791.53,26978.69,26690.32,26811.03,733.636371
1683950400000,26811.03,26862.28,26702.86,26774.5,671.965242
1683964800000,26774.5,26874.96,26748.96,26818.31,397.259007
1683979200000,26818.31,26901.01,26737.01,26815.02,600.338772
1683993600000,26815.02,27042.18,26770.95,26838.63,688.965327
1684008000000,26838.63,26934.74,26753.7,26770.21,537.388223
1684022400000,26770.21,26866.47,26576.08,26859.95,727.447827
1684036800000,26859.95,26891.97,26797.26,26851.57,370.531546
1684051200000,26851.57,26888,26796.08,26807.19,257.636111
1684065600000,26807.19,27199,26748.99,27079.48,790.034391
1684080000000,27079.48,27126.58,26828.52,26880.66,528.95432
1684094400000,26880.66,26954.39,26846.01,26915.95,400.381415
1684108800000,26915.95,27294.07,26734.01,27231.71,1432.099718
1684123200000,27231.71,27542.88,27181.82,27407.16,1259.255748
1684137600000,27407.16,27482.6,27316.4,27337.15,601.210646
1684152000000,27337.15,27534.84,27223.3,27397.86,983.738916
1684166400000,27397.86,27656.91,27322.77,27417.12,1350.904605
1684180800000,27417.12,27419.38,27133.54,27158.95,589.253355
1684195200000,27158.95,27295.58,26850.01,27127.66,958.718834
1684209600000,27127.66,27256.49,26994.63,27256.49,430.255508
1684224000000,27256.49,27281.47,27001.81,27059.63,705.826509
1684238400000,27059.63,27130.43,26902.46,27037.32,1036.939458
1684252800000,27037.32,27151.99,26884.57,26933.6,563.387591
1684267200000,26933.6,27046.47,26900,27029.06,365.322923
1684281600000,27029.06,27235.01,26983.38,27060.01,456.487664
1684296000000,27060.01,27098.02,26762.49,26850.81,471.202441
1684310400000,26850.81,26907.14,26580,26636.48,813.409646
1684324800000,26636.48,26838.37,26535,26797.04,1204.75235
1684339200000,26797.04,27452.29,26744.48,27386.32,1521.839286
1684353600000,27386.32,27512.5,27276.58,27400.82,785.963788
1684368000000,27400.82,27480,27294.44,27360.46,512.500726
1684382400000,27360.46,27454.3,27156.21,27392.59,854.612099
1684396800000,27392.59,27437.68,27341.6,27400.77,512.005357
1684411200000,27400.77,27467.04,27033,27083.5,1971.425942
1684425600000,27083.5,27109.84,26362.93,26733.91,2208.453233
1684440000000,26733.91,27058.79,26693.02,26821.21,801.198582
1684454400000,26821.21,26924.99,26751.12,26836.73,528.660103
1684468800000,26836.73,26960.48,26817.24,26857.14,427.911818
1684483200000,26857.14,26926.87,26794.34,26857.39,459.346509
1684497600000,26857.39,27199.99,26632.01,26885.96,1636.828745
1684512000000,26885.96,26969.31,26783.31,26837.71,751.837984
1684526400000,26837.71,26916.94,26810.62,26885.02,275.829688
1684540800000,26885.02,26907.19,26830.45,26866.73,107.224297
1684555200000,26866.73,26871.14,26844.76,26854.48,149.560264
1684569600000,26854.48,26916.99,26854.47,26875.64,174.404206
1684584000000,26875.64,26970.28,26875.64,26943.32,209.154102
1684598400000,26943.32,27148.72,26910.7,27060.74,528.094776
1684612800000,27060.74,27126.35,26967.07,27105.97,239.283747
1684627200000,27105.97,27279.77,27062.24,27177.38,390.56319
1684641600000,27177.38,27177.39,27053.64,27057.34,234.330963
1684656000000,27057.34,27085.33,26781.19,26835.65,643.112317
1684670400000,26835.65,26974,26807.05,26902.08,514.605346
1684684800000,26902.08,26928.4,26836.49,26903.1,384.149834
1684699200000,26903.1,26924.49,26663.53,26746.01,539.063507
1684713600000,26746.01,26779.02,26540,26646.38,811.32722
1684728000000,26646.38,26911.11,26645.25,26847.65,652.2709
1684742400000,26847.65,26900,26780,26830.3,541.559232
1684756800000,26830.3,27101.63,26703.48,26878.22,1506.421536
1684771200000,26878.22,26936.21,26780.48,26863.86,942.715002
1684785600000,26863.86,26956.29,26835,26848.1,379.753583
1684800000000,26848.1,27424.99,26801.06,27368.32,2291.579047
1684814400000,27368.32,27499.99,27201.67,27299.68,1074.492203
1684828800000,27299.68,27350.45,27251.57,27340,449.359059
1684843200000,27340,27381.67,27181.83,27320.93,1005.42331
1684857600000,27320.93,27327.52,27102.27,27186.08,842.682374
1684872000000,27186.08,27248.63,27155.86,27220.05,387.059443
1684886400000,27220.05,27220.06,26674.87,26785.35,1421.591231
1684900800000,26785.35,26826.3,26613.13,26678.58,911.389181
1684915200000,26678.58,26840,26672.26,26739.99,653.132998
1684929600000,26739.99,26740,26090.85,26316.4,2312.165992
1684944000000,26316.4,26391.44,26160.58,26252.3,1370.720395
1684958400000,26252.3,26489.55,26240.01,26328.6,786.673071
1684972800000,26328.6,26393.16,25877.31,26184.86,1376.14704
1684987200000,26184.86,26293.92,26129.87,26132.34,475.459667
1685001600000,26132.34,26336.53,26128.59,26293.09,655.993546
1685016000000,26293.09,26490.47,26169.81,26225.55,1575.395928
1685030400000,26225.55,26640.19,26209.43,26468.48,1391.77672
1685044800000,26468.48,26547.21,26433.12,26474.63,473.42216
1685059200000,26474.63,26536.62,26353.49,26437.81,650.987091
1685073600000,26437.81,26532.49,26326.36,26502.84,440.946035
1685088000000,26502.84,26545.59,26425.43,26462.72,467.08307
1685102400000,26462.72,26944.29,26363.03,26754.28,1386.308288
1685116800000,26754.28,26837.22,26613.76,26763.89,828.798487
1685131200000,26763.89,26801.68,26688.49,26709.43,329.694833
1685145600000,26709.43,26777.74,26636.37,26753.75,210.298302
1685160000000,26753.75,26784.6,26712.19,26723.26,185.474122
1685174400000,26723.26,26731.23,26667.97,26698.18,201.699754
1685188800000,26698.18,26775.99,26554.61,26685.79,385.126747
1685203200000,26685.79,26840,26623.76,26731.81,385.310261
1685217600000,26731.81,26895.82,26729.32,26855.74,255.138792
1685232000000,26855.74,27241.21,26770.17,27184.58,805.645384
1685246400000,27184.58,27282.29,27127.8,27210,582.629567
1685260800000,27210,27340,27141.12,27155.91,516.642887
1685275200000,27155.91,27269.75,27100,27269.74,412.00652
1685289600000,27269.74,27750,27216.89,27522.36,1169.261196
1685304000000,27522.36,28280,27522.36,28064.09,1490.302407
1685318400000,28064.09,28442,27907.71,27953.77,1554.867951
1685332800000,27953.77,28044.35,27833.22,27907.99,1085.69035
1685347200000,27907.99,27971.41,27750.36,27915.17,666.811922
1685361600000,27915.17,27944.9,27600,27634.76,878.723621
1685376000000,27634.76,27742.23,27525.01,27639.01,925.610256
1685390400000,27639.01,27817.89,27558.01,27737.11,756.91002
1685404800000,27737.11,27939.69,27587.4,27830.28,794.716218
1685419200000,27830.28,27851.73,27676.19,27736.73,621.434597
1685433600000,27736.73,28039.76,27718.28,28026.92,931.716514
1685448000000,28026.92,28028.45,27619.09,27675.01,1744.398195
1685462400000,27675.01,27863.05,27556.32,27852.39,1038.411709
1685476800000,27852.39,27857.24,27652.33,27694.38,564.651114
1685491200000,27694.38,27830.5,27576.58,27660.39,669.304714
1685505600000,27660.39,27680,26979.9,27166.64,2238.601608
1685520000000,27166.64,27203.74,27000,27096.39,830.379195
1685534400000,27096.39,27222.08,26833.99,26910.4,1678.51143
1685548800000,26910.4,27119.31,26845.21,27008.64,952.485937
1685563200000,27008.64,27297.9,27008.4,27211.51,676.92895
1685577600000,27211.51,27352.39,26609.31,26780.4,1780.565537
1685592000000,26780.4,26882.12,26756.93,26805.48,575.048044
1685606400000,26805.48,26947.82,26791.23,26894.39,553.134396
1685620800000,26894.39,26977.53,26794.8,26894.99,982.920597
1685635200000,26894.99,27172.48,26658.11,26860.7,1495.430069
1685649600000,26860.7,26943.11,26715.46,26815.44,648.662183
1685664000000,26815.44,27014.26,26507.88,27001.45,1353.540813
1685678400000,27001.45,27222.08,26951.49,27049.45,1021.825159
1685692800000,27049.45,27180.74,27049.45,27127.44,657.220475
1685707200000,27127.44,27242.88,26860.4,27097.4,1755.747264
1685721600000,27097.4,27282.55,27008.28,27237.22,1095.004931
1685736000000,27237.22,27292.98,27146.63,27241.45,570.878479
1685750400000,27241.45,27241.45,27099.46,27144.1,347.097749
1685764800000,27144.1,27209.47,27111.45,27173.44,289.823736
1685779200000,27173.44,27179.45,27117.05,27133.44,253.172042
1685793600000,27133.44,27325.45,27131.45,27302,434.602887
1685808000000,27302,27315.45,27025.46,27098.09,597.48943
1685822400000,27098.09,27121.05,26921.46,27072.14,634.026324
1685836800000,27072.14,27096,26953.84,27059.45,348.518327
1685851200000,27059.45,27161.05,27024.82,27146.17,343.337854
1685865600000,27146.17,27246.15,27125.45,27192.9,323.599898
1685880000000,27192.9,27291.82,27161.51,27183.45,371.847701
1685894400000,27183.45,27220,27160,27212.45,255.315398
1685908800000,27212.45,27457.1,27043.74,27117.45,1272.629222
1685923200000,27117.45,27129.44,26800,26844.22,1090.598434
1685937600000,26844.22,26870.78,26741.99,26833.32,913.101426
1685952000000,26833.32,26846.15,26669.05,26774.41,848.94599
1685966400000,26774.41,26815.5,25975,26000,2699.134848
1685980800000,26000,26084.92,25396.08,25627.28,4656.40931
1685995200000,25627.28,25858.6,25515.93,25727.27,1165.406443
1686009600000,25727.27,25788,25602.36,25729.74,735.005988
1686024000000,25729.74,25815.49,25713.61,25726.58,460.121721
1686038400000,25726.58,25791.26,25642.36,25685.28,402.442961
1686052800000,25685.28,26140.26,25351.1,26064.85,3436.425065
1686067200000,26064.85,27202.6,26064.85,27073.58,3488.434547
1686081600000,27073.58,27351.21,26892.2,27230.2,1802.194251
1686096000000,27230.2,27388,26729.94,26906.5,1472.633871
1686110400000,26906.5,26975.29,26760.85,26797.27,688.155991
1686124800000,26797.27,26968.42,26339.89,26892.58,1900.421977
1686139200000,26892.58,26907,26251.83,26345.29,2989.02926
1686153600000,26345.29,26550.58,26241.92,26484,1394.988845
1686168000000,26484,26491.3,26131,26343.37,1134.886004
1686182400000,26343.37,26464.95,26213.47,26342.51,666.686058
1686196800000,26342.51,26517,26293.31,26446.89,676.612051
1686211200000,26446.89,26500.23,26371.28,26436.22,500.108917
1686225600000,26436.22,26815.58,26305.35,26725.01,2521.75822
1686240000000,26725.01,26731.58,26421.59,26539.83,789.994704
1686254400000,26539.83,26647.68,26493.86,26501.57,476.089855
1686268800000,26501.57,26593.24,26275.01,26485.2,896.80803
1686283200000,26485.2,26574.12,26425.76,26493.57,507.340895
1686297600000,26493.57,26685.08,26490.56,26610.8,854.299844
1686312000000,26610.8,26778.33,26455.51,26480.01,1259.7639
1686326400000,26480.01,26527.58,26386.78,26406.42,801.74397
1686340800000,26406.42,26498.98,26397.42,26478.64,329.231629
1686355200000,26478.64,26531.99,26263.87,26327.16,708.827646
1686369600000,26327.16,26349.58,25462.5,25651.6,3090.514356
1686384000000,25651.6,25749.4,25567.58,25733.82,998.907101
1686398400000,25733.82,25733.82,25573.04,25631,599.268182
1686412800000,25631,26152.52,25361.76,25748.18,2442.473127
1686427200000,25748.18,25927.83,25680.01,25841.03,763.762315
1686441600000,25841.03,25864.36,25701.77,25729,524.004663
1686456000000,25729,25830.61,25634.73,25743.01,371.034557
1686470400000,25743.01,25843.63,25697.37,25799.55,317.868847
1686484800000,25799.55,25807,25683.97,25755.84,370.2928
1686499200000,25755.84,26104.34,25744.96,26031.08,1282.104336
1686513600000,26031.08,26200,25747.86,25924.31,1117.104438
1686528000000,25924.31,26023.55,25617,25790.66,1085.0613
1686542400000,25790.66,25902.4,25750.96,25803.05,539.95523
1686556800000,25803.05,26102.19,25781.01,25988.43,1149.109982
1686571200000,25988.43,25993.37,25735.44,25825.91,984.828109
1686585600000,25825.91,25967.22,25652.07,25823.99,1021.782323
1686600000000,25823.99,25965.51,25800.01,25907.57,578.629191
1686614400000,25907.57,26152.5,25821.5,26060.42,997.487378
1686628800000,26060.42,26128.8,25978.21,26073.51,389.118286
1686643200000,26073.51,26270.26,26057.41,26193.84,1171.109153
1686657600000,26193.84,26428.56,25721.76,25760.43,2233.717668
1686672000000,25760.43,25978.43,25740.01,25900.52,665.953671
1686686400000,25900.52,25958.07,25808.61,25935.73,377.012957
1686700800000,25935.73,26055.13,25914.12,25986.45,380.626522
1686715200000,25986.45,26006,25840,25897.77,293.934756
1686729600000,25897.77,26027.23,25885.42,25977.46,362.892194
1686744000000,25977.46,26081.03,25929.1,25983.54,603.576706
1686758400000,25983.54,26111.65,25765.9,25866.44,1178.237772
1686772800000,25866.44,25881.14,24821.91,25130.23,3267.18959
1686787200000,25130.23,25204.01,25032.77,25064.36,540.059398
1686801600000,25064.36,25072.03,24874.19,24987.59,780.546471
1686816000000,24987.59,25050,24776.56,25014.35,979.488615
1686830400000,25014.35,25108.47,24922.84,24962.84,853.467551
1686844800000,24962.84,25520.22,24934.76,25460.76,922.172492
1686859200000,25460.76,25756.08,25224.3,25596.64,1214.273345
1686873600000,25596.64,25609.37,25441.69,25563.19,538.258224
1686888000000,25563.19,25630.5,25479.72,25537.13,433.823125
1686902400000,25537.13,25626.3,25473.25,25479.66,518.50335
1686916800000,25479.66,25894.99,25169.84,25845.55,1835.95035
1686931200000,25845.55,26500,25778.03,26381.99,2525.816924
1686945600000,26381.99,26456,26286.18,26345.9,797.980984
1686960000000,26345.9,26368.41,26182.15,26260.6,413.055964
1686974400000,26260.6,26838.9,26245,26594.31,1533.363878
1686988800000,26594.31,26654.23,26475.05,26509.52,593.140752
1687003200000,26509.52,26580.22,26308,26415.87,806.727811
1687017600000,26415.87,26535.8,26384.56,26478.23,380.200181
1687032000000,26478.23,26596.11,26466.24,26518.93,490.875174
1687046400000,26518.93,26544.33,26378.84,26543.68,349.620929
1687060800000,26543.68,26675.66,26473.69,26585.07,394.248354
1687075200000,26585.07,26602.1,26458.31,26502.54,359.203932
1687089600000,26502.54,26570.22,26446.04,26558.22,326.30968
1687104000000,26558.22,26656.08,26526.63,26648.8,377.912827
1687118400000,26648.8,26701.35,26254.01,26342.67,1048.768764
1687132800000,26342.67,26473.69,26260.71,26402.23,411.547949
1687147200000,26402.23,26479.89,26367.41,26429.15,349.587094
1687161600000,26429.15,26459.99,26370.43,26445.93,352.597769
1687176000000,26445.93,26577.69,26350.98,26443.79,729.983236
1687190400000,26443.79,27070.99,26308.4,26679.35,2735.63564
1687204800000,26679.35,26861.04,26653.9,26845.78,966.589327
1687219200000,26845.78,27176.64,26800.09,26893.34,1107.408834
1687233600000,26893.34,27030.84,26753.79,26830.56,909.504992
1687248000000,26830.56,26911.16,26706.11,26907,550.178184
1687262400000,26907,27128.11,26652.99,27073.8,1366.134828
1687276800000,27073.8,28130.98,26999.94,27980,3706.711381
1687291200000,27980,28400,27870.71,28303.87,1986.887428
1687305600000,28303.87,29057.53,28261.01,28708.29,2503.037365
1687320000000,28708.29,29010.8,28685.61,28875.59,1112.124108
1687334400000,28875.59,29220.91,28797.93,28935.04,1576.427614
1687348800000,28935.04,30025,28881,29852.41,3900.925578
1687363200000,29852.41,30800,29766.61,30113.41,4334.344338
1687377600000,30113.41,30196.61,29800,29995.09,1427.237215
1687392000000,29995.09,30505.03,29893.03,30296.08,1299.364359
1687406400000,30296.08,30347.93,30014.99,30098.58,747.097981
1687420800000,30098.58,30246.66,29828.17,29932.34,1387.496308
1687435200000,29932.34,30356.59,29529,29855.81,2498.172957
1687449600000,29855.81,30233.83,29831.84,30213.84,1533.50249
1687464000000,30213.84,30257,29877.53,29887.38,796.278424
1687478400000,29887.38,30053.77,29796.96,30007.84,741.728768
1687492800000,30007.84,30078.48,29925.88,29935.16,481.74029
1687507200000,29935.16,30193.03,29912.19,30143.84,1057.100747
1687521600000,30143.84,31433.17,29928.01,31238.66,3577.263083
1687536000000,31238.66,31432.97,30612.4,30884.43,3750.089543
1687550400000,30884.43,30948.89,30451,30686.59,1075.007587
1687564800000,30686.59,30792.25,30396.2,30729.49,841.962327
1687579200000,30729.49,30755.07,30561.25,30569.79,461.130073
1687593600000,30569.79,30739.77,30554.41,30683.07,436.470764
1687608000000,30683.07,30799.69,30305,30398.73,1158.246308
1687622400000,30398.73,30693.79,30260.11,30625.08,687.786429
1687636800000,30625.08,30625.08,30413.02,30530.63,542.322159
1687651200000,30530.63,30774.58,30466.61,30747.3,665.250058
1687665600000,30747.3,31040,30676.81,30728.58,1169.794899
1687680000000,30728.58,30760.76,30590.47,30714.59,641.875678
1687694400000,30714.59,30735.98,30463.27,30585.01,983.837253
1687708800000,30585.01,30656.56,30334.59,30430.01,844.788037
1687723200000,30430.01,30571.47,30280.4,30469.09,637.19481
1687737600000,30469.09,30551.45,29950,30296.02,1445.869363
1687752000000,30296.02,30577.45,30165.86,30403.35,878.784312
1687766400000,30403.35,30425.96,30130.58,30324.49,725.848051
1687780800000,30324.49,30664,30258.6,30418.48,1202.519299
1687795200000,30418.48,30429.67,29930,30248,1731.165203
1687809600000,30248,30294.17,30103.22,30269.76,569.553784
1687824000000,30269.76,30497.74,30229.72,30371.99,788.61525
1687838400000,30371.99,30466.99,30240.91,30409.03,463.724567
1687852800000,30409.03,30780,30338.01,30732.49,1095.864413
1687867200000,30732.49,31000.56,30382.5,30504,2086.763946
1687881600000,30504,30766,30460.49,30654.35,879.553503
1687896000000,30654.35,30735.83,30557.64,30690.49,786.085598
1687910400000,30690.49,30706,30332.18,30450.96,1108.348364
1687924800000,30450.96,30490.14,30151.46,30186.5,921.95789
1687939200000,30186.5,30383.91,30144.51,30312.5,696.340104
1687953600000,30312.5,30500,30014,30414.5,2002.833057
1687968000000,30414.5,30471.61,29845,30098.48,1677.41561
1687982400000,30098.48,30211.54,29950,30078.3,943.890001
1687996800000,30078.3,30247.98,30050.12,30172.48,636.006643
1688011200000,30172.48,30423.51,30142,30342.22,504.263751
1688025600000,30342.22,30751.49,30340.01,30676.49,1516.94824
1688040000000,30676.49,30836.8,30403.36,30476.01,1860.558401
1688054400000,30476.01,30659.99,30417.45,30584.49,1302.767512
1688068800000,30584.49,30636.16,30247.18,30450.49,1004.522273
1688083200000,30450.49,30867.64,30354.53,30736.49,1600.114851
1688097600000,30736.49,31280.7,30616.67,30759.45,2744.623328
1688112000000,30759.45,30935,30720,30904.5,1140.344744
1688126400000,30904.5,31120.47,29461.67,30067.21,6682.109262
1688140800000,30067.21,30718.54,29929.75,30375.05,2451.28706
1688155200000,30375.05,30539.52,30344.08,30477.09,747.84418
1688169600000,30477.09,30537.71,30378.7,30397.54,541.623604
1688184000000,30397.54,30465.79,30326.01,30460,413.576807
1688198400000,30460,30597.65,30424.41,30527.99,338.183593
1688212800000,30527.99,30657.88,30511.58,30574,459.067585
1688227200000,30574,30631.99,30544.64,30612,203.121036
1688241600000,30612,30612.11,30554.67,30587.66,213.907517
1688256000000,30587.66,30647.18,30470.25,30510,589.423827
1688270400000,30510,30554,30475.01,30513.01,255.293574
1688284800000,30513.01,30551,30488,30542.28,292.193874
1688299200000,30542.28,30628,30165.09,30502.01,1023.048834
1688313600000,30502.01,30695.54,30370.51,30561.09,662.855376
1688328000000,30561.09,30794,30418,30616.02,1289.690623
1688342400000,30616.02,30795.62,30586.01,30756,594.730584
1688356800000,30756,30793.81,30612.03,30665.28,819.495829
1688371200000,30665.28,30700.47,30585,30626.08,698.077592
1688385600000,30626.08,31169.15,30569.99,31062.14,1546.52518
1688400000000,31062.14,31382.58,30827.31,31257.73,1860.405798
1688414400000,31257.73,31298,30907.31,31157.42,1021.743566
1688428800000,31157.42,31321.99,31102,31195.99,724.27007
1688443200000,31195.99,31214,30870.72,30912,751.705386
1688457600000,30912,31078.84,30873.86,31068.01,710.801372
1688472000000,31068.01,31078.63,30881.14,30964,756.117796
1688486400000,30964,31126.95,30613.63,30694,1495.691267
1688500800000,30694,30842.3,30671.99,30765.99,360.309655
1688515200000,30765.99,30874,30750.01,30868,256.80153
1688529600000,30868,30874.45,30764.08,30771.98,393.976591
1688544000000,30771.98,30797.99,30350,30405.99,1417.823077
1688558400000,30405.99,30441.13,30193.86,30356.31,1642.201602
1688572800000,30356.31,30593.24,30333.99,30430.75,764.997223
1688587200000,30430.75,30539.39,30386.95,30502.53,505.507592
1688601600000,30502.53,30563.95,30334,30496.55,660.821598
1688616000000,30496.55,30853.89,30440.8,30801,733.339113
1688630400000,30801,31520.04,30690,30843.5,3436.533424
1688644800000,30843.5,30882.49,29870,30408.74,3579.515078
1688659200000,30408.74,30470.01,30167.39,30311.85,1294.737439
1688673600000,30311.85,30343.71,29855,29892.52,1386.064537
1688688000000,29892.52,30167.47,29674.61,30142.51,1679.389537
1688702400000,30142.51,30304.93,29937.09,30014.14,982.614826
1688716800000,30014.14,30197.38,29975.17,30119.38,615.332219
1688731200000,30119.38,30442.88,30044.02,30395.21,1947.038892
1688745600000,30395.21,30451.74,30119.17,30242.85,989.217683
1688760000000,30242.85,30343.75,30215.21,30343.15,466.438675
1688774400000,30343.15,30389.68,30259.62,30279.17,370.048202
1688788800000,30279.17,30280.02,30149.18,30195.72,508.212429
1688803200000,30195.72,30311.17,30162,30205.16,386.789455
1688817600000,30205.16,30238.61,30156.26,30210,262.806075
1688832000000,30210,30316,30050,30113.78,618.157524
1688846400000,30113.78,30290,30059.75,30288.01,341.243055
1688860800000,30288.01,30400,30252.84,30287.48,551.279753
1688875200000,30287.48,30303.31,30237.18,30265.99,280.430045
1688889600000,30265.99,30309.17,30246.07,30267.99,213.952874
1688904000000,30267.99,30449,30188.88,30349.52,672.469536
1688918400000,30349.52,30349.52,30210.01,30248.42,340.320794
1688932800000,30248.42,30249.99,30068.33,30164.01,641.294435
1688947200000,30164.01,30244.9,29952.39,30160,979.293081
1688961600000,30160,30161.48,30057.01,30113.16,484.229401
1688976000000,30113.16,30253.16,30000,30244.02,671.040233
1688990400000,30244.02,30365,30151.68,30316.46,1049.924147
1689004800000,30316.46,30837.99,30245.11,30834,1338.649284
1689019200000,30834,31042.15,30195.6,30414.69,1884.567521
1689033600000,30414.69,30596,30364.57,30480.52,1074.713437
1689048000000,30480.52,30659.74,30438.52,30537.14,502.36962
1689062400000,30537.14,30564.52,30352.74,30410.52,531.406393
1689076800000,30410.52,30817.5,30300,30598,1201.746792
1689091200000,30598,30687.5,30410.01,30583.66,687.212175
1689105600000,30583.66,30646.79,30510,30621.99,400.562359
1689120000000,30621.99,30674.06,30503.41,30590.83,449.378362
1689134400000,30590.83,30847.19,30572,30739.99,762.082955
1689148800000,30739.99,30801.03,30662.09,30773.2,468.688733
1689163200000,30773.2,30974.51,30472.03,30526,2295.319708
1689177600000,30526,30534.52,30213.23,30283.62,894.52472
1689192000000,30283.62,30421.92,30242.53,30384,333.653268
1689206400000,30384,30434,30278.66,30300,342.339684
1689220800000,30300,30423.81,30249.69,30357.29,337.656067
1689235200000,30357.29,30636.52,30346.89,30543,799.715632
1689249600000,30543,31185.75,30464.01,30918,2526.072866
1689264000000,30918,31847.69,30718.75,31612.52,4991.122436
1689278400000,31612.52,31687,31023.86,31452.96,1773.586337
1689292800000,31452.96,31629.22,31334.8,31457.49,1228.474378
1689307200000,31457.49,31467.28,31074.53,31098.6,785.098404
1689321600000,31098.6,31284.79,31086,31210.53,812.44257
1689336000000,31210.53,31358.4,31053.99,31243.99,980.862117
1689350400000,31243.99,31274,29898.77,30116,5166.121716
1689364800000,30116,30316.83,29991.13,30312.98,958.569855
1689379200000,30312.98,30392.37,30238.35,30293.99,386.44684
1689393600000,30293.99,30366.61,30260.52,30337.51,272.929328
1689408000000,30337.51,30376.73,30280.48,30310.74,258.717453
1689422400000,30310.74,30357.99,30256.23,30304.51,264.394694
1689436800000,30304.51,30354.78,30255.62,30330.08,233.472064
1689451200000,30330.08,30330.08,30271.99,30285.99,168.203488
1689465600000,30285.99,30335.98,30066.2,30192,762.030085
1689480000000,30192,30307.98,30140.01,30267.01,292.236542
1689494400000,30267.01,30347.86,30267,30310.01,282.164887
1689508800000,30310.01,30441.66,30278,30377.5,486.100864
1689523200000,30377.5,30401.99,30200.25,30255.52,468.802211
1689537600000,30255.52,30359.98,30135.42,30232.5,577.643706
1689552000000,30232.5,30331.99,30177.18,30310.01,365.165907
1689566400000,30310.01,30323.99,30237.59,30277.99,299.788339
1689580800000,30277.99,30327.98,29982,30165.89,1267.774987
1689595200000,30165.89,30306.15,30037.99,30178.01,900.690338
1689609600000,30178.01,30235.99,29654.63,29887.99,1891.987279
1689624000000,29887.99,30284.99,29884.01,30138,639.621721
1689638400000,30138,30239.42,30076,30076.01,414.184617
1689652800000,30076.01,30115.99,29921.01,29964.29,661.593378
1689667200000,29964.29,30109.27,29806.14,29879.99,957.040393
1689681600000,29879.99,30036.03,29695.09,29915.91,1451.515379
1689696000000,29915.91,29965.69,29500,29711.99,1578.266036
1689710400000,29711.99,29864.16,29690.47,29862.15,494.66993
1689724800000,29862.15,30077.76,29841,30065.58,843.603419
1689739200000,30065.58,30192.26,29968.75,29999.99,760.735929
1689753600000,29999.99,30056.98,29870,30016.51,515.566769
1689768000000,30016.51,30126.94,29760,29955.98,1532.580072
1689782400000,29955.98,30102,29873.14,30042.81,1055.835332
1689796800000,30042.81,30055.1,29833.32,29907.11,590.138908
1689811200000,29907.11,30048,29886,29952,419.036405
1689825600000,29952,30238.71,29930.17,30201.98,896.702525
1689840000000,30201.98,30416,30171.54,30288,1322.229923
1689854400000,30288,30321.59,29618.04,29808.54,2387.727123
1689868800000,29808.54,29867.99,29551.4,29754.01,1428.088043
1689883200000,29754.01,29883.97,29672.01,29807.13,576.937894
1689897600000,29807.13,29951.99,29735.24,29897.25,820.381431
1689912000000,29897.25,29903.99,29752.01,29768,422.613356
1689926400000,29768,29845.99,29732.57,29776.94,463.401595
1689940800000,29776.94,29910.68,29776.33,29863.98,758.923051
1689955200000,29863.98,30060.74,29772.73,29875.99,966.467349
1689969600000,29875.99,29952.4,29834.01,29900.01,313.32746
1689984000000,29900.01,29995.99,29898,29905.99,234.528099
1689998400000,29905.99,29983.99,29856.9,29944.78,283.587767
1690012800000,29944.78,29973.38,29872.2,29886,228.040759
1690027200000,29886,29906,29833.58,29899.98,213.955091
1690041600000,29899.98,29907.88,29806.42,29842.43,249.793099
1690056000000,29842.43,29842.43,29629.98,29786.08,445.984451
1690070400000,29786.08,29892.62,29733.99,29847.99,339.565898
1690084800000,29847.99,29970,29847.99,29908,436.09834
1690099200000,29908,29957.98,29888.21,29890.1,194.269136
1690113600000,29890.1,29923.99,29856.25,29894.92,222.268295
1690128000000,29894.92,30344.78,29894.92,30092.87,1123.088437
1690142400000,30092.87,30140,29926.16,30086.01,505.074221
1690156800000,30086.01,30094.52,29673.05,29717.69,719.47572
1690171200000,29717.69,29865.84,29660.46,29827.35,585.089946
1690185600000,29827.35,29827.99,28948.87,29270.93,2094.704488
1690200000000,29270.93,29270.93,28855.16,29092,1776.327019
1690214400000,29092,29155.96,29002,29114.24,700.032425
1690228800000,29114.24,29205,29091.19,29180,300.769334
1690243200000,29180,29180.01,29053.16,29112.01,358.81244
1690257600000,29112.01,29160.64,29075.78,29143.45,324.405035
1690272000000,29143.45,29279.98,29125.23,29125.34,539.814208
1690286400000,29125.34,29336.99,29086.88,29183.99,800.890439
1690300800000,29183.99,29372.79,29175.78,29198.22,551.969035
1690315200000,29198.22,29251.99,29179.48,29232,272.630526
1690329600000,29232,29405.48,29100.1,29246,562.184798
1690344000000,29246,29316.52,29190.69,29212,480.598667
1690358400000,29212,29237.87,29163.53,29174.59,293.197451
1690372800000,29174.59,29355.27,29165.99,29323.99,646.117041
1690387200000,29323.99,29490,29194.01,29401.34,2417.273817
1690401600000,29401.34,29676.44,29283.53,29350,1651.906083
1690416000000,29350,29447.01,29303.07,29410.17,358.196458
1690430400000,29410.17,29496.8,29382.6,29416,329.613827
1690444800000,29416,29569.93,29402,29512.01,505.341251
1690459200000,29512.01,29512.01,29240,29294.27,650.452429
1690473600000,29294.27,29327.99,29085.99,29163.75,703.769779
1690488000000,29163.75,29239.18,29133.54,29223.3,283.590635
1690502400000,29223.3,29305.48,29194,29257.11,351.798687
1690516800000,29257.11,29264.91,29137.36,29139.53,254.612239
1690531200000,29139.53,29241.99,29130.77,29210,366.571231
1690545600000,29210,29545.63,29208.01,29387.6,1254.068018
1690560000000,29387.6,29400,29193.18,29317.98,634.072909
1690574400000,29317.98,29367.13,29286.53,29320.01,198.588201
1690588800000,29320.01,29388.63,29303.04,29370.83,133.733249
1690603200000,29370.83,29407.07,29292.98,29294.87,224.43665
1690617600000,29294.87,29328.98,29261.07,29270.51,210.3212
1690632000000,29270.51,29333.61,29264.1,29292.04,241.095087
1690646400000,29292.04,29346.33,29292.04,29338.49,109.692386
1690660800000,29338.49,29377.89,29338.49,29356.38,135.00808
1690675200000,29356.38,29356.39,29311.99,29314.89,158.08759
1690689600000,29314.89,29329,29268,29292.92,153.37751
1690704000000,29292.92,29323.99,29234.01,29314.99,211.705639
1690718400000,29314.99,29449.49,29281.99,29347.99,522.020548
1690732800000,29347.99,29402,29116.2,29200.42,701.045696
1690747200000,29200.42,29284,29027.51,29281.98,831.003316
1690761600000,29281.98,29530.37,29266,29419.29,618.048649
1690776000000,29419.29,29437,29362.81,29378.01,398.971136
1690790400000,29378.01,29412.98,29330.12,29399.55,631.793693
1690804800000,29399.55,29467.99,29222.01,29244,988.741784
1690819200000,29244,29271.99,29115.46,29162.01,693.163431
1690833600000,29162.01,29310.13,29118.05,29234.04,611.776192
1690848000000,29234.04,29344.5,28711,28837.12,1860.877612
1690862400000,28837.12,28969.61,28804.81,28937.02,716.135296
1690876800000,28937.02,28995.43,28857.44,28857.45,542.932949
1690891200000,28857.45,28974.25,28555,28952,1724.047708
1690905600000,28952,29337.71,28861.99,29272.11,1613.808442
1690920000000,29272.11,29732.99,29182.92,29706,1731.190085
1690934400000,29706,30037.5,29622.62,29631.38,2218.6258
1690948800000,29631.38,29719.46,29570.72,29582.79,829.853408
1690963200000,29582.79,29582.79,29388.88,29558,1298.998972
1690977600000,29558,29598.97,29175.01,29328.45,1465.745867
1690992000000,29328.45,29361,28926.54,29147.99,2291.85055
1691006400000,29147.99,29229.26,29067.99,29178.74,383.790192
1691020800000,29178.74,29273.98,29132.93,29174,462.652043
1691035200000,29174,29187.98,29020.34,29046.45,553.75321
1691049600000,29046.45,29198.62,28968.01,29145.99,604.147183
1691064000000,29145.99,29429.98,29078.12,29259.95,1296.403327
1691078400000,29259.95,29369.43,29133.87,29284.5,1045.93214
1691092800000,29284.5,29360.6,29165.43,29194,585.060699
1691107200000,29194,29247.99,29098.56,29157.17,604.797454
1691121600000,29157.17,29249.35,29135.09,29213.7,468.437416
1691136000000,29213.7,29257.24,29140.56,29167.99,616.283625
1691150400000,29167.99,29329.31,29130.44,29272.91,871.921483
1691164800000,29272.91,29285.98,28951.99,29033.99,1089.486278
1691179200000,29033.99,29121.24,28800,29114.01,1029.910418
1691193600000,29114.01,29154.04,29065.5,29091.81,248.744478
1691208000000,29091.81,29095.19,29038.44,29053.99,211.588767
1691222400000,29053.99,29087.99,29047.31,29049.4,148.317523
1691236800000,29049.4,29079.99,28985.62,29041.01,390.040435
1691251200000,29041.01,29097,29012.42,29072.88,215.212537
1691265600000,29072.88,29093.9,29055.89,29074.89,155.581443
1691280000000,29074.89,29074.89,29037.24,29056.63,106.354366
1691294400000,29056.63,29106.8,29048.02,29094.01,177.627236
1691308800000,29094.01,29137.51,29050.5,29079,239.366412
1691323200000,29079,29079,28989.75,29012,338.542145
1691337600000,29012,29101.82,29004,29087.22,279.249157
1691352000000,29087.22,29199.98,29042.12,29091.99,613.767527
1691366400000,29091.99,29226.42,29024,29161.85,454.534003
1691380800000,29161.85,29195.98,29054.54,29093.98,274.349786
1691395200000,29093.98,29147.83,29045.3,29088.01,407.255269
1691409600000,29088.01,29148.16,28800.19,28861.99,1379.492228
1691424000000,28861.99,29182.84,28703.1,29153.98,1752.400535
1691438400000,29153.98,29275.31,29123.99,29214.08,582.081434
1691452800000,29214.08,29257.2,29146.77,29199.24,496.383324
1691467200000,29199.24,29340.03,29189.03,29189.03,697.147452
1691481600000,29189.03,29439.12,29174.01,29435.4,778.391751
1691496000000,29435.4,29664.8,29351.84,29537.82,2494.966424
1691510400000,29537.82,29958.16,29536.23,29878.99,2795.116292
1691524800000,29878.99,30214.75,29690,29769.28,1754.049021
1691539200000,29769.28,29880.51,29656,29715.4,938.459976
1691553600000,29715.4,29820.49,29672.58,29819.1,765.843694
1691568000000,29819.1,29916.64,29743.99,29891.15,691.313041
1691582400000,29891.15,30136.73,29675.55,29763.38,1988.524901
1691596800000,29763.38,29773.87,29394.33,29414.77,1566.05629
1691611200000,29414.77,29628.45,29374.05,29579.99,551.636558
1691625600000,29579.99,29657.88,29570,29584.26,497.435973
1691640000000,29584.26,29613.58,29500,29514,469.814742
1691654400000,29514,29559.78,29478.25,29507.5,479.299552
1691668800000,29507.5,29737.98,29401.99,29469.88,1763.286573
1691683200000,29469.88,29477.01,29310,29444.97,907.872922
1691697600000,29444.97,29490.13,29428,29456.77,283.9968
1691712000000,29456.77,29495.99,29354.4,29405.99,259.851621
1691726400000,29405.99,29483.99,29382,29418.55,234.433278
1691740800000,29418.55,29448,29354,29443.99,302.207635
1691755200000,29443.99,29564.46,29355.28,29392.66,828.722403
1691769600000,29392.66,29430.48,29249.99,29397.63,560.436717
1691784000000,29397.63,29447.04,29397.63,29430.13,118.41989
1691798400000,29430.13,29456.4,29382,29405.73,223.471307
1691812800000,29405.73,29425.99,29389.48,29424.19,214.265911
1691827200000,29424.19,29431.82,29395.22,29427.99,113.788458
1691841600000,29427.99,29457.04,29409.99,29441.99,172.637182
1691856000000,29441.99,29478.25,29415,29415,122.957251
1691870400000,29415,29429.99,29405,29428.94,99.666108
1691884800000,29428.94,29453.97,29404,29416.93,164.175973
1691899200000,29416.93,29416.94,29368.59,29402.01,142.045037
1691913600000,29402.01,29415.22,29378.5,29383.49,97.28819
1691928000000,29383.49,29395,29364,29375.12,144.427778
1691942400000,29375.12,29467.7,29336,29442.01,200.093886
1691956800000,29442.01,29443.98,29276,29304.7,378.651475
1691971200000,29304.7,29423,29102.74,29394.92,1034.762925
1691985600000,29394.92,29468.67,29394.92,29423.04,290.317355
1692000000000,29423.04,29492.7,29388.41,29407.99,392.052064
1692014400000,29407.99,29670.25,29334.36,29602,1237.336534
1692028800000,29602,29691,29256,29359.5,1356.49644
1692043200000,29359.5,29469.64,29338,29434,263.499977
1692057600000,29434,29453.99,29375.52,29397.99,306.306535
1692072000000,29397.99,29428,29354.79,29410.34,143.903981
1692086400000,29410.34,29449.5,29358.47,29365.74,424.945262
1692100800000,29365.74,29499.9,29319.7,29334.15,810.396025
1692115200000,29334.15,29366.84,29074,29187.31,1590.901052
1692129600000,29187.31,29243.04,29138.27,29202,326.642072
1692144000000,29202,29260,29191.99,29228.86,329.851585
1692158400000,29228.86,29232.61,29113.13,29198.91,548.598506
1692172800000,29198.91,29215.96,29102.02,29165.98,468.786476
1692187200000,29165.98,29210.74,29036.63,29105.9,791.421086
1692201600000,29105.9,29231.8,28952.06,29114.01,1278.679274
1692216000000,29114.01,29137.99,28728.47,28734.01,1994.275176
1692230400000,28734.01,28782,28338,28658.44,2017.634763
1692244800000,28658.44,28704.53,28593.5,28618,538.06895
1692259200000,28618,28631.15,28486.7,28541.28,690.985086
1692273600000,28541.28,28569.98,27880,27936.8,3057.054974
1692288000000,27936.8,28089.99,27691.64,27894,2117.770017
1692302400000,27894,27915.99,24394.74,26622,11387.717053
1692316800000,26622,26826.77,26320,26396.01,1734.977415
1692331200000,26396.01,26609.25,26153.56,26427.96,2146.942522
1692345600000,26427.96,26607.97,26383.61,26493,1236.217673
1692360000000,26493,26498,25930.07,25999.96,3534.166731
1692374400000,25999.96,26313.96,25607.13,26063.98,4535.856191
1692388800000,26063.98,26241,26010.15,26051.97,1097.469827
1692403200000,26051.97,26154.93,25926.14,25966.07,683.956968
1692417600000,25966.07,26009.26,25802.88,25917.98,701.001647
1692432000000,25917.98,25995.99,25885.04,25902.19,441.075645
1692446400000,25902.19,26225.21,25875,26218,1019.843331
1692460800000,26218,26276.96,26030.08,26125.99,867.689071
1692475200000,26125.99,26153.97,26035.05,26099.99,332.918076
1692489600000,26099.99,26205.99,26050,26106.11,463.478303
1692504000000,26106.11,26161.48,26050.31,26084.07,259.62225
1692518400000,26084.07,26196.57,26058.2,26179.42,351.389096
1692532800000,26179.42,26216.27,25971.97,26103.97,855.773074
1692547200000,26103.97,26164.99,26002.97,26136,458.742246
1692561600000,26136,26297.7,26136,26189.99,824.883465
1692576000000,26189.99,26194.99,26071.97,26089.97,411.025036
1692590400000,26089.97,26189.65,26002.53,26023.28,700.137679
1692604800000,26023.28,26085.91,25887.6,26031.96,884.068441
1692619200000,26031.96,26199.39,25810,25941.96,2055.207978
1692633600000,25941.96,26163.96,25940,26095.97,786.2256
1692648000000,26095.97,26250,26084.12,26125.14,521.939427
1692662400000,26125.14,26137.97,26029.97,26053.53,358.647746
1692676800000,26053.53,26112.92,26002.53,26103.99,323.825576
1692691200000,26103.99,26109.97,26027.97,26051.05,375.553715
1692705600000,26051.05,26097.45,25915.41,25936.3,944.644288
1692720000000,25936.3,26054.55,25728.86,25779.99,2752.398215
1692734400000,25779.99,26070.23,25329.88,26055.96,2596.559223
1692748800000,26055.96,26195.48,25994.37,26007.8,814.956843
1692763200000,26007.8,26184.82,25983.01,26055.97,925.497721
1692777600000,26055.97,26095.97,25904.51,25936.47,538.505006
1692792000000,25936.47,26192.86,25815.02,26146,1965.616443
1692806400000,26146,26828.97,26130,26629.97,3389.879216
1692820800000,26629.97,26722.9,26220.01,26434.1,1597.386449
1692835200000,26434.1,26545.43,26352.22,26442.08,535.193102
1692849600000,26442.08,26513.85,26384.31,26476.2,494.258273
1692864000000,26476.2,26581.96,26412.93,26447.97,876.766339
1692878400000,26447.97,26447.97,25994.92,26000,1754.041905
1692892800000,26000,26163.97,25861.66,26033.97,1323.017343
1692907200000,26033.97,26207.58,25936.02,26179.04,687.137776
1692921600000,26179.04,26256.2,26009.12,26103.96,1131.88168
1692936000000,26103.96,26109.23,25970.47,25974.94,545.105981
1692950400000,25974.94,26127.5,25974.94,26098.86,435.022021
1692964800000,26098.86,26308,25780.01,25933.97,2707.622856
1692979200000,25933.97,26064,25832.13,25974.62,2055.148364
1692993600000,25974.62,26085.96,25960.34,26057.97,455.842255
1693008000000,26057.97,26125,26031.81,26085.97,261.989468
1693022400000,26085.97,26090.58,26048.65,26048.65,205.211693
1693036800000,26048.65,26058,26006.4,26046.01,262.517869
1693051200000,26046.01,26075.07,25986.86,26054.02,318.285439
1693065600000,26054.02,26057.97,26010.15,26036.03,232.361527
1693080000000,26036.03,26049.42,26000,26022.55,230.020766
1693094400000,26022.55,26029.97,25975.97,26021.96,154.78939
1693108800000,26021.96,26046,26021.96,26044.1,109.621864
1693123200000,26044.1,26094.8,26034,26061.91,311.536371
1693137600000,26061.91,26180,26057,26126.08,348.34965
1693152000000,26126.08,26179,26042.4,26126,433.923783
1693166400000,26126,26133.73,26042.33,26102,191.37196
1693180800000,26102,26103.97,25990,26020.04,477.960626
1693195200000,26020.04,26036,25876.98,25932.02,622.930543
1693209600000,25932.02,25999.58,25865,25997.77,866.716873
1693224000000,25997.77,26249.82,25992.31,26100.72,1518.602886
1693238400000,26100.72,26191.99,25919.66,25997.27,1243.739039
1693252800000,25997.27,26173.77,25950.01,26120.01,770.508963
1693267200000,26120.01,26203.84,26065.97,26082.39,608.48389
1693281600000,26082.39,26088,25992.19,26006.01,469.074615
1693296000000,26006.01,26200,25927.45,25980,1132.229597
1693310400000,25980,27695.31,25970.01,27421.97,9650.862681
1693324800000,27421.97,28139.45,27349.67,27833.98,5321.34958
1693339200000,27833.98,27881.93,27536.45,27719.97,1714.528867
1693353600000,27719.97,27765.97,27285.72,27393,1849.919711
1693368000000,27393,27472.62,27374.02,27442,545.962191
1693382400000,27442,27499.76,27310.55,27342,751.999706
1693396800000,27342,27468.34,27009.26,27203.49,3289.631536
1693411200000,27203.49,27283.96,27070.53,27179.96,1164.770919
1693425600000,27179.96,27337.17,27178.22,27297.97,591.321762
1693440000000,27297.97,27297.97,27180,27215.9,465.879525
1693454400000,27215.9,27291.95,27215.9,27258,381.40812
1693468800000,27258,27572.64,27187.98,27306.9,1312.439509
1693483200000,27306.9,27315.01,26789.01,26921.96,2626.288925
1693497600000,26921.96,26921.97,25912.41,26165.97,5235.185881
1693512000000,26165.97,26193.96,25659.86,25938,2664.920468
1693526400000,25938,26095.97,25930,26078,708.704657
1693540800000,26078,26089.96,25980.19,25990,561.306758
1693555200000,25990,26071.36,25956.21,26047.35,617.108048
1693569600000,26047.35,26158.19,25555,25812.01,2547.433262
1693584000000,25812.01,25965.04,25329.01,25643.97,3192.186809
1693598400000,25643.97,25934.42,25569.35,25806.01,811.166258
1693612800000,25806.01,25839.97,25756.05,25798,275.710986
1693627200000,25798,25850,25769.97,25798.35,406.569494
1693641600000,25798.35,25856.51,25778,25818.01,396.77641
1693656000000,25818.01,25982.19,25790.16,25896.01,651.138631
1693670400000,25896.01,25933.97,25765.52,25836.01,443.060817
1693684800000,25836.01,25903.97,25823.97,25867.89,216.095377
1693699200000,25867.89,25903.97,25830.36,25861.98,251.17221
1693713600000,25861.98,25949.99,25861.98,25949.98,390.363548
1693728000000,25949.98,25951.2,25880.65,25940.85,250.091064
1693742400000,25940.85,26078.1,25817,25872.02,979.61967
1693756800000,25872.02,26041.3,25797.1,26013.3,817.723629
1693771200000,26013.3,26137.31,25932.09,25971.97,633.621629
1693785600000,25971.97,26097.54,25880.22,25985.98,454.32618
1693800000000,25985.98,26016,25915,25966.05,382.460025
1693814400000,25966.05,26009.97,25842.08,25882,681.2848
1693828800000,25882,25965.74,25726.84,25815.98,1232.521578
1693843200000,25815.98,25950,25809.46,25889.07,510.01325
1693857600000,25889.07,25915.97,25634,25823.97,1050.63552
1693872000000,25823.97,25845.86,25560.1,25688.61,857.37771
1693886400000,25688.61,25753.97,25676.29,25731.65,456.736192
1693900800000,25731.65,25805.9,25652.6,25781.76,802.240944
1693915200000,25781.76,25906.82,25625.96,25757.34,1253.871654
1693929600000,25757.34,25842,25681.34,25681.97,644.077948
1693944000000,25681.97,25802.38,25672,25793.11,461.552111
1693958400000,25793.11,25865.12,25777.77,25781.99,376.201034
1693972800000,25781.99,25789.29,25727.96,25727.96,331.809485
1693987200000,25727.96,25775.81,25715.6,25731.61,313.717504
1694001600000,25731.61,25777.17,25540.53,25589,1088.917852
1694016000000,25589,26049.11,25372.77,25684.86,3151.526546
1694030400000,25684.86,25783.97,25655.98,25759.97,458.766996
1694044800000,25759.97,25842.33,25726.39,25840.99,512.21192
1694059200000,25840.99,25851.97,25751.3,25767.01,402.050384
1694073600000,25767.01,25767.01,25692.49,25705.79,289.734493
1694088000000,25705.79,25833.01,25617.44,25782.02,901.531881
1694102400000,25782.02,25980.03,25774,25881.97,982.760186
1694116800000,25881.97,26449.4,25860.6,26253.97,2551.710715
1694131200000,26253.97,26443.86,26203.45,26253.08,796.446223
1694145600000,26253.08,26386.96,26189.97,26253.31,1278.573785
1694160000000,26253.31,26264.29,25650,25837.98,2045.253252
1694174400000,25837.98,25954,25794.07,25847,977.153264
1694188800000,25847,25894,25722.17,25894,1067.10366
1694203200000,25894,25933.71,25853.97,25909.69,475.426591
1694217600000,25909.69,25909.69,25853.98,25874.58,267.732211
1694232000000,25874.58,25894,25838.45,25887.97,221.235616
1694246400000,25887.97,25903.97,25852,25866.13,256.851719
1694260800000,25866.13,25927.2,25798.01,25894,474.01752
1694275200000,25894,25948.55,25850.38,25870.9,266.347505
1694289600000,25870.9,25917.46,25860.29,25899.97,218.853601
1694304000000,25899.97,25901.5,25834.76,25866.59,290.365708
1694318400000,25866.59,25870.86,25753.99,25855.37,558.809493
1694332800000,25855.37,25865.76,25799.44,25799.44,287.373201
1694347200000,25799.44,25833.97,25717.22,25778.13,712.207028
1694361600000,25778.13,25859.96,25570.01,25799.74,1575.744843
1694376000000,25799.74,26040,25774,25845.02,1511.3321
1694390400000,25845.02,25875.97,25660,25737.99,750.467048
1694404800000,25737.99,25899.99,25716.1,25816.6,674.091372
1694419200000,25816.6,25833.89,25572.08,25601.96,1689.181266
1694433600000,25601.96,25755.96,24947.22,25115.99,5385.356456
1694448000000,25115.99,25248,24990,25017.96,1984.257166
1694462400000,25017.96,25219.96,24899.97,25166.2,1387.653012
1694476800000,25166.2,25952.35,25136.39,25800.1,4622.869125
1694491200000,25800.1,25988.88,25614.52,25825.81,2828.278928
1694505600000,25825.81,26345.97,25734.61,26099.37,3554.203691
1694520000000,26099.37,26399.52,26036.33,26207.96,3067.478575
1694534400000,26207.96,26577.52,25880.67,26063.97,3278.868426
1694548800000,26063.97,26155.96,25790,25837.97,953.039182
1694563200000,25837.97,25984.97,25762.17,25877.74,1110.208066
1694577600000,25877.74,26108.9,25852.02,25877.39,1482.368502
1694592000000,25877.39,26246.44,25868,26199.2,1756.674508
1694606400000,26199.2,26393.75,26022.03,26245,2769.279404
1694620800000,26245,26407.38,26050.01,26141.37,2065.10785
1694635200000,26141.37,26306.22,26141.37,26220.63,474.741072
1694649600000,26220.63,26546.74,26126.12,26265.95,2297.379747
1694664000000,26265.95,26394.46,26166.66,26341.58,681.434686
1694678400000,26341.58,26490.73,26270.4,26447.89,814.467322
1694692800000,26447.89,26807.59,26335.9,26693.77,3872.876972
1694707200000,26693.77,26877.97,26546.4,26677.85,1507.68343
1694721600000,26677.85,26721.77,26480.9,26524.75,588.445704
1694736000000,26524.75,26623.97,26452,26615.97,536.400221
1694750400000,26615.97,26656.42,26553.76,26567.98,506.038089
1694764800000,26567.98,26699.99,26380.01,26429.99,890.397026
1694779200000,26429.99,26529.69,26225.74,26319.99,1414.863016
1694793600000,26319.99,26441.91,26314,26395.8,532.096361
1694808000000,26395.8,26886.59,26369.98,26602.75,1599.751191
1694822400000,26602.75,26772.04,26575.01,26619.97,736.711585
1694836800000,26619.97,26621.99,26466.95,26494.11,652.969678
1694851200000,26494.11,26583.22,26450,26522.97,513.317517
1694865600000,26522.97,26575.97,26490.38,26511.99,326.733738
1694880000000,26511.99,26623.97,26504,26534.59,338.107196
1694894400000,26534.59,26586.53,26514.29,26561.99,210.32389
1694908800000,26561.99,26561.99,26422.3,26530.63,559.946854
1694923200000,26530.63,26572.25,26498.01,26502.34,275.817888
1694937600000,26502.34,26619.97,26498,26568.01,325.520226
1694952000000,26568.01,26617.1,26528.2,26547.65,359.439533
1694966400000,26547.65,26549.5,26463.76,26503.97,243.799491
1694980800000,26503.97,26535.43,26398,26525.99,381.882136
1694995200000,26525.99,26761.96,26376,26661.89,1381.902629
1695009600000,26661.89,26804.32,26574.51,26715.4,986.912972
1695024000000,26715.4,27241.77,26686.5,27197.97,2489.682034
1695038400000,27197.97,27425.91,27135.22,27269.94,2081.687615
1695052800000,27269.94,27311.97,26634.13,26817.98,3054.19725
1695067200000,26817.98,26880.76,26734.31,26764.81,619.77981
1695081600000,26764.81,26837.97,26670.55,26822.38,522.632334
1695096000000,26822.38,26875.48,26763,26847.97,470.030307
1695110400000,26847.97,27470.44,26847.97,27239.97,2641.132265
1695124800000,27239.97,27481.99,26884.02,27422,3180.240485
1695139200000,27422,27482.99,27074.01,27189.98,1633.20217
1695153600000,27189.98,27228,26990,27206.21,679.943504
1695168000000,27206.21,27388.6,27090.81,27121.68,893.885928
1695182400000,27121.68,27161.4,26941.98,27103.55,776.776458
1695196800000,27103.55,27196.75,26946.42,27099.97,1573.026087
1695211200000,27099.97,27236.69,26996.2,27182.81,2043.840382
1695225600000,27182.81,27300.37,26798.39,26928.97,4497.942468
1695240000000,26928.97,27247.14,26920.01,27122.01,1465.898981
1695254400000,27122.01,27161.1,26936.38,27034.14,781.658466
1695268800000,27034.14,27101.54,26982,26988.01,503.779409
1695283200000,26988.01,27014.03,26620.5,26731.96,2519.62888
1695297600000,26731.96,26779.97,26377.21,26581.66,2998.742745
1695312000000,26581.66,26697.99,26550,26598.73,1012.647834
1695326400000,26598.73,26622,26496.69,26568,606.906676
1695340800000,26568,26667.96,26455.42,26627.7,1329.301985
1695355200000,26627.7,26882.69,26575,26670.9,1162.438666
1695369600000,26670.9,26746.84,26590.85,26643.3,804.710635
1695384000000,26643.3,26699.99,26557.14,26634.01,1126.327326
1695398400000,26634.01,26647.97,26531.37,26537.97,715.582647
1695412800000,26537.97,26595.22,26487.37,26579.93,462.53271
1695427200000,26579.93,26616.83,26528.66,26534.01,312.571572
1695441600000,26534.01,26585.97,26512.62,26584.91,254.042087
1695456000000,26584.91,26593.94,26555.05,26579.96,191.970971
1695470400000,26579.96,26590.94,26550.03,26579.99,266.503368
1695484800000,26579.99,26635.96,26558.42,26614.03,288.599704
1695499200000,26614.03,26618.43,26562,26577.99,130.256981
1695513600000,26577.99,26593.65,26557.43,26574.74,112.262327
1695528000000,26574.74,26575.79,26550,26564.98,118.272315
1695542400000,26564.98,26613.11,26564.98,26598.58,150.974104
1695556800000,26598.58,26627.5,26566,26579.78,169.425006
1695571200000,26579.78,26734.68,26341.61,26450.01,1947.369457
1695585600000,26450.01,26526.29,26120,26246.86,1624.323223
1695600000000,26246.86,26335.3,25990.39,26157.81,3009.717262
1695614400000,26157.81,26193.76,26041.98,26188.01,1099.521022
1695628800000,26188.01,26227.96,26022.08,26075.2,1091.532666
1695643200000,26075.2,26303.79,26000,26243.32,2202.544016
1695657600000,26243.32,26424.89,26222.97,26329.97,1774.19134
1695672000000,26329.97,26447.37,26259.95,26302.1,622.551334
1695686400000,26302.1,26396.25,26237.07,26356.98,414.042562
1695700800000,26356.98,26365.11,26257.09,26273.78,396.551251
1695715200000,26273.78,26333,26191.86,26275.96,676.052153
1695729600000,26275.96,26307.4,26094.16,26128,1735.925712
1695744000000,26128,26295.97,26118,26246.98,1013.266286
1695758400000,26246.98,26287.58,26098.3,26219.98,767.642311
1695772800000,26219.98,26290.16,26206,26278,459.077142
1695787200000,26278,26291.99,26238.47,26250.03,243.998434
1695801600000,26250.03,26841.38,26223.41,26764.04,3242.518661
1695816000000,26764.04,26850,26169.98,26303.67,4419.889882
1695830400000,26303.67,26313.97,26110.75,26269.39,1472.393312
1695844800000,26269.39,26389.45,26228.4,26373.97,744.517917
1695859200000,26373.97,26557.47,26346.1,26380.01,1437.863106
1695873600000,26380.01,26506.7,26350,26461.72,746.627517
1695888000000,26461.72,26626.8,26392.37,26477.47,1281.100803
1695902400000,26477.47,27063.6,26469.98,27018.49,3898.483028
1695916800000,27018.49,27313.93,26847.25,27105.27,4626.06381
1695931200000,27105.27,27166.59,26895.35,27024,839.273508
1695945600000,27024,27137.99,26875.01,26958,1178.372332
1695960000000,26958,27248.35,26899.19,27176,1462.698755
1695974400000,27176,27177.97,26964,26971.16,1000.628148
1695988800000,26971.16,27108.99,26669.51,26887.97,4053.586455
1696003200000,26887.97,26961.69,26748,26927.5,1292.903676
1696017600000,26927.5,26989.79,26870.97,26910,393.031007
1696032000000,26910,26946,26892,26916,158.0786
1696046400000,26916,26957.97,26913.44,26933.99,172.038251
1696060800000,26933.99,26998.19,26925.26,26939.96,341.004637
1696075200000,26939.96,27094.72,26914.76,26998,563.058383
1696089600000,26998,27046,26975.01,27025.98,259.345124
1696104000000,27025.98,27083.99,26952,26965.24,277.299978
1696118400000,26965.24,27051.97,26957.42,27048.82,211.795677
1696132800000,27048.82,27158.36,27027.33,27111.4,467.534019
1696147200000,27111.4,27290.47,27091.22,27194.02,887.689831
1696161600000,27194.02,27231.41,27087.19,27154.01,660.814095
1696176000000,27154.01,27155.97,27037.72,27105.96,388.851438
1696190400000,27105.96,28190,27035,27993.52,4611.348714
1696204800000,27993.52,28211.96,27827.98,28126.43,2653.324574
1696219200000,28126.43,28428.4,27924,28308.62,3225.919319
1696233600000,28308.62,28487.76,28190,28201.98,2838.562896
1696248000000,28201.98,28584.91,27983.04,28033.91,3893.93837
1696262400000,28033.91,28124.79,27639.49,27969.65,4314.941563
1696276800000,27969.65,27969.65,27285.6,27499.97,2236.652761
1696291200000,27499.97,27637.14,27385.98,27604,1156.42034
1696305600000,27604,27679.66,27524,27544,675.037901
1696320000000,27544,27640,27474.6,27561.97,916.524707
1696334400000,27561.97,27581.73,27238,27344.99,2128.490277
1696348800000,27344.99,27484.4,27250.65,27271.98,1510.541699
1696363200000,27271.98,27470.44,27169.98,27426.77,1551.497862
1696377600000,27426.77,27508.7,27210.79,27429.97,1846.145164
1696392000000,27429.97,27454.4,27354.65,27454.4,402.694618
1696406400000,27454.4,27644.12,27437.72,27575.99,1093.874902
1696420800000,27575.99,27636.92,27330.36,27405.99,1270.633949
1696435200000,27405.99,27839.27,27402.09,27618.48,2040.815953
1696449600000,27618.48,27836.56,27565.1,27782,1065.445652
1696464000000,27782,27894.68,27652.72,27654.41,894.683556
1696478400000,27654.41,27703.2,27552,27608.17,610.724365
1696492800000,27608.17,27772.24,27596.01,27728.95,515.576839
1696507200000,27728.95,28120,27400.51,27553.98,4483.188517
1696521600000,27553.98,27626.51,27355.98,27473.21,2040.677731
1696536000000,27473.21,27512,27385.74,27411.99,534.800555
1696550400000,27411.99,27587.99,27397.99,27563.55,740.476999
1696564800000,27563.55,27649.81,27462.52,27643.46,694.163331
1696579200000,27643.46,27795.96,27591,27757.98,1024.11919
1696593600000,27757.98,28056.9,27166.29,27942.5,4840.618004
1696608000000,27942.5,28040,27791.63,27954,1670.700387
1696622400000,27954,28282,27876,27929.99,1655.855809
1696636800000,27929.99,27955.97,27842.86,27904.26,655.11293
1696651200000,27904.26,27945.98,27876.14,27890.46,258.634869
1696665600000,27890.46,28027.16,27881.05,27943.18,443.772192
1696680000000,27943.18,27984.99,27897.66,27937.99,414.023908
1696694400000,27937.99,27962,27850,27862,501.561281
1696708800000,27862,27961.39,27854.02,27957.1,232.090626
1696723200000,27957.1,28089.98,27945.5,28062,422.888676
1696737600000,28062,28073.08,27879.7,27905.1,375.791604
1696752000000,27905.1,27935.97,27774.57,27812.02,788.636504
1696766400000,27812.02,28006.04,27685.64,27897.39,915.810946
1696780800000,27897.39,27945.49,27807.98,27894.84,459.562801
1696795200000,27894.84,27979.4,27796,27916.02,620.95676
1696809600000,27916.02,27986.07,27799.48,27923.25,651.525279
1696824000000,27923.25,27943.98,27814.21,27817.98,451.740326
1696838400000,27817.98,27845.13,27410,27467.15,2675.449522
1696852800000,27467.15,27576.32,27375.26,27444.88,1619.276136
1696867200000,27444.88,27750,27262.68,27616.88,3059.402035
1696881600000,27616.88,27653.49,27556.02,27591.27,533.231148
1696896000000,27591.27,27696.99,27499.32,27633.96,638.171054
1696910400000,27633.96,27706.78,27582,27652.23,337.514614
1696924800000,27652.23,27733.59,27505.56,27510.53,601.722201
1696939200000,27510.53,27629.29,27340,27407.98,2135.054169
1696953600000,27407.98,27512.01,27297.24,27401.99,1659.987697
1696968000000,27401.99,27470,27324.07,27392.83,510.361973
1696982400000,27392.83,27474.6,27008.03,27012.06,1479.8309
1696996800000,27012.06,27138.84,26963.35,27022,919.826467
1697011200000,27022,27338.61,27017.36,27196.88,1361.645514
1697025600000,27196.88,27264,26744,26778.59,2783.902115
1697040000000,26778.59,26794,26532.59,26762.35,2144.629598
1697054400000,26762.35,26882.97,26680.05,26875.96,690.020511
1697068800000,26875.96,26940.74,26729.95,26847.98,609.139105
1697083200000,26847.98,26920,26786.19,26811.32,489.656996
1697097600000,26811.32,26866.48,26661.04,26836.86,878.4662
1697112000000,26836.86,26864.15,26622.91,26674.38,1072.768581
1697126400000,26674.38,26803.96,26554,26714.05,1310.501365
1697140800000,26714.05,26774.99,26686.8,26761.11,421.750432
1697155200000,26761.11,26878.72,26752.05,26783.82,548.579984
1697169600000,26783.82,26942.8,26778.38,26876.05,571.644669
1697184000000,26876.05,26905.97,26741.72,26820.24,512.392544
1697198400000,26820.24,26967.56,26685.96,26707.23,1090.638966
1697212800000,26707.23,26811.86,26686.64,26781.61,632.777197
1697227200000,26781.61,27129.99,26746.72,26865.33,2271.379133
1697241600000,26865.33,26987.81,26848.32,26931.21,512.522197
1697256000000,26931.21,26940.05,26847.35,26872.05,338.572048
1697270400000,26872.05,26903.05,26850.05,26874.61,163.107042
1697284800000,26874.61,26948.05,26854.05,26943.53,246.364516
1697299200000,26943.53,26953,26855,26865.21,279.294823
1697313600000,26865.21,26884.3,26792.91,26854.05,327.791011
1697328000000,26854.05,26910.04,26815,26880.05,221.41403
1697342400000,26880.05,26890.84,26872.01,26884.04,75.74606
1697356800000,26884.04,26920,26848.05,26857.99,175.780428
1697371200000,26857.99,26966.32,26810.27,26900.06,646.423399
1697385600000,26900.06,27081.76,26892.2,27046.04,741.278823
1697400000000,27046.04,27296,27018.05,27156.64,1918.096042
1697414400000,27156.64,27286.79,27112.09,27237.35,773.169344
1697428800000,27237.35,27981.48,27194.05,27846.05,5530.73491
1697443200000,27846.05,27899.99,27636.36,27749.25,1444.992818
1697457600000,27749.25,30350,27706.11,28064.85,13594.955822
1697472000000,28064.85,28811.85,28064.85,28471.45,3505.705649
1697486400000,28471.45,28646,28231.78,28503.02,1666.124829
1697500800000,28503.02,28548.86,28238.44,28274.85,1805.864759
1697515200000,28274.85,28466.58,28068.11,28422.29,2004.37159
1697529600000,28422.29,28630.72,28353.77,28423.71,2089.678448
1697544000000,28423.71,28577.71,28135.12,28461.98,3652.687353
1697558400000,28461.98,28611.71,28309.47,28515.69,2007.123822
1697572800000,28515.69,28554.82,28372.99,28397.83,854.213658
1697587200000,28397.83,28515.88,28323.53,28514.73,913.60222
1697601600000,28514.73,28990.89,28445.1,28496.84,4111.466779
1697616000000,28496.84,28600.32,28240.87,28347.33,1821.042885
1697630400000,28347.33,28431.83,28140.88,28246.86,1721.855985
1697644800000,28246.86,28431.78,28227.16,28246.87,1387.689596
1697659200000,28246.87,28378,28192,28321.34,754.44872
1697673600000,28321.34,28421.6,28110.01,28258.86,1248.632925
1697688000000,28258.86,28345.48,28230.86,28334.51,610.756866
1697702400000,28334.51,28514.68,28284.01,28452.85,1166.615269
1697716800000,28452.85,28816.61,28424.87,28678.99,2727.181137
1697731200000,28678.99,28922.3,28461,28752.86,2055.855638
1697745600000,28752.86,28878.75,28598,28715.89,1352.167144
1697760000000,28715.89,29412.19,28575.6,29235.87,3732.255943
1697774400000,29235.87,29412.03,29122.33,29239.65,2283.508128
1697788800000,29239.65,30239.32,29228.87,29840.86,6088.87429
1697803200000,29840.86,29912.66,29374.07,29554.21,3320.269379
1697817600000,29554.21,29593.93,29323.76,29564.86,1224.335475
1697832000000,29564.86,29780,29514,29666.73,875.246801
1697846400000,29666.73,29696.38,29454.66,29604.38,592.32623
1697860800000,29604.38,29729.05,29540.1,29695.8,449.433008
1697875200000,29695.8,29873.61,29636.01,29804.85,753.485913
1697889600000,29804.85,29981,29680.19,29934.87,983.70861
1697904000000,29934.87,30374.86,29844.12,30146.21,2643.984398
1697918400000,30146.21,30160.85,29850,29909.99,929.040091
1697932800000,29909.99,30074.72,29842.71,29908.85,526.145246
1697947200000,29908.85,30259.14,29640.01,29816.23,1970.111048
1697961600000,29816.23,29995.7,29778.91,29913.98,763.457439
1697976000000,29913.98,29976.86,29782.44,29826.65,749.80044
1697990400000,29826.65,29949.91,29802.86,29842.86,427.39368
1698004800000,29842.86,30055.14,29714.42,29991.44,808.119348
1698019200000,29991.44,30790,29885.65,30736.87,3785.990234
1698033600000,30736.87,30980,30415.14,30515.94,3281.087005
1698048000000,30515.94,30787.83,30350.87,30657.03,1507.645644
1698062400000,30657.03,30973.93,30398.87,30881.13,2179.586441
1698076800000,30881.13,31436.86,30692.86,31355.12,4969.730731
1698091200000,31355.12,35333,31322.22,33065.47,10751.175281
1698105600000,33065.47,35250,32834.33,34055.99,6552.348957
1698120000000,34055.99,34575.8,33710.7,34007.99,2967.671678
1698134400000,34007.99,34896.37,33953,34553.23,2534.076278
1698148800000,34553.23,34848.18,33252.22,33674.02,5926.444889
1698163200000,33674.02,34375.41,33382.41,33796.93,3355.140576
1698177600000,33796.93,34276.61,33480.49,33923.33,3034.745118
1698192000000,33923.33,34377.99,33777.78,34000.67,2150.003096
1698206400000,34000.67,34208.98,33678.4,33859.99,1838.540532
1698220800000,33859.99,34435.61,33780.81,34200.45,2336.23369
1698235200000,34200.45,35045.56,34200.44,34840.2,3904.912211
1698249600000,34840.2,35131.24,34383.18,34742.21,2285.438624
1698264000000,34742.21,34845.65,34257.24,34495.11,1854.024841
1698278400000,34495.11,34825.89,34424.21,34796.02,1296.790644
1698292800000,34796.02,34816,34411.74,34643.6,1366.726773
1698307200000,34643.6,34743.07,33958.57,34100.21,2193.124607
1698321600000,34100.21,34371.27,33865.01,34043.99,2339.633641
1698336000000,34043.99,34129.27,33748.59,34046.83,1331.16472
1698350400000,34046.83,34285.11,34024.04,34150.02,768.06366
1698364800000,34150.02,34173.99,33777,34117.99,1219.152412
1698379200000,34117.99,34246,33921.03,33941.99,1206.042152
1698393600000,33941.99,34177.03,33932,34046.2,954.497907
1698408000000,34046.2,34206.2,33807.04,33998.21,1995.126335
1698422400000,33998.21,34031.41,33392.33,33698.87,2178.079057
1698436800000,33698.87,33944.42,33682.22,33893.87,618.609027
1698451200000,33893.87,34153.64,33864.21,34061.36,713.040585
1698465600000,34061.36,34182,34020.21,34047.99,531.444408
1698480000000,34047.99,34500,34032.21,34177.03,702.773431
1698494400000,34177.03,34235.14,33926.96,34192.55,619.649892
1698508800000,34192.55,34220.2,34075.1,34112.87,307.935775
1698523200000,34112.87,34193.55,34062.8,34082.21,299.550563
1698537600000,34082.21,34099.48,33953.5,33974.22,444.252534
1698552000000,33974.22,34133.28,33933.33,34082.39,308.307499
1698566400000,34082.39,34325.9,34078.21,34258,813.217524
1698580800000,34258,34561.42,34258,34449.56,1121.599652
1698595200000,34449.56,34749.99,34368.59,34565,1335.625743
1698609600000,34565,34722.15,34368.91,34524.84,935.604226
1698624000000,34524.84,34570.04,34165.1,34271.36,1232.420161
1698638400000,34271.36,34349.89,34118.49,34193.08,1062.625911
1698652800000,34193.08,34684.2,34160.49,34609.99,1572.690191
1698667200000,34609.99,34853.68,34475.01,34657.29,1938.016265
1698681600000,34657.29,34657.29,34050,34435.4,1770.756924
1698696000000,34435.4,34569.5,34320.62,34478.45,510.1651
1698710400000,34478.45,34599.98,34202.77,34209.82,681.996725
1698724800000,34209.82,34348,34084.03,34144.44,785.040273
1698739200000,34144.44,34535.17,34029.55,34488,1158.6793
1698753600000,34488,34513.18,34121.73,34271.28,1882.25269
1698768000000,34271.28,34596,34224,34541.1,1374.136381
1698782400000,34541.1,34724,34429.73,34641.07,1239.07514
1698796800000,34641.07,34665.23,34400.25,34422.16,539.484343
1698811200000,34422.16,34502,34314.49,34451.19,402.522231
1698825600000,34451.19,34493.33,34342.08,34422.9,585.221758
1698840000000,34422.9,35197,34070.82,34291.07,4942.56872
1698854400000,34291.07,34745.16,34282.91,34560.03,2292.536401
1698868800000,34560.03,35618.19,34536.34,35420.03,4051.336762
1698883200000,35420.03,35987.19,35368.33,35570.35,3158.728258
1698897600000,35570.35,35601.33,35064.29,35278.34,2423.903627
1698912000000,35278.34,35480,35092,35379.5,1539.043702
1698926400000,35379.5,35460,34535.68,34638.01,3889.017467
1698940800000,34638.01,35021.53,34288.57,35000.1,2559.330006
1698955200000,35000.1,35101.28,34703.33,34940.76,1866.139467
1698969600000,34940.76,34942.34,34363.53,34682.4,2122.975835
1698984000000,34682.4,34695.82,34297.49,34464.55,2049.778494
1698998400000,34464.55,34613.8,34118.49,34252.35,3006.859736
1699012800000,34252.35,34849.1,34148.94,34761.33,2652.970961
1699027200000,34761.33,34825,34326.66,34533.02,2176.932243
1699041600000,34533.02,34748.69,34486.34,34714.4,830.356011
1699056000000,34714.4,34782.07,34636.35,34707,385.711654
1699070400000,34707,35030,34587.72,34766.36,1401.777176
1699084800000,34766.36,34877.85,34683.06,34715.02,532.612543
1699099200000,34715.02,34799.92,34643.64,34708,422.749251
1699113600000,34708,34794.43,34693,34732,236.807538
1699128000000,34732,35256,34710.34,35062.33,1220.241598
1699142400000,35062.33,35308.34,34935.55,35275.04,695.438544
1699156800000,35275.04,35305.08,35043.4,35164.01,671.700856
1699171200000,35164.01,35188.26,35011.29,35085.04,484.681655
1699185600000,35085.04,35166.61,34763.34,34884.35,1119.698435
1699200000000,34884.35,35274.21,34866.81,34990,1034.27098
1699214400000,34990,35388.73,34450,35014.18,2079.916305
1699228800000,35014.18,35114.34,34832.02,34974.34,749.597426
1699243200000,34974.34,35018,34728.35,34901.93,740.725808
1699257600000,34901.93,35273.1,34826.34,35235.9,917.174976
1699272000000,35235.9,35249.81,34900.01,35074.08,1411.018089
1699286400000,35074.08,35104.95,34800.01,35055.78,824.62825
1699300800000,35055.78,35141.41,34894,35045.92,613.94084
1699315200000,35045.92,35053.64,34800.36,34916,711.909849
1699329600000,34916,34971.9,34826.39,34937.86,385.819549
1699344000000,34937.86,34971.99,34550,34627.61,1332.68317
1699358400000,34627.61,34840.89,34514.58,34724,1009.865101
1699372800000,34724,35560.97,34550.79,35456.44,3113.119465
1699387200000,35456.44,35886,35200,35400,2503.600485
1699401600000,35400,35418,35235.2,35269.99,559.137988
1699416000000,35269.99,35360,35160,35226.11,588.729535
1699430400000,35226.11,35434,35184.15,35331.86,722.521989
1699444800000,35331.86,35464.87,35100,35224,1202.072592
1699459200000,35224,35772,35182.82,35624.75,1883.082335
1699473600000,35624.75,36115,35383.6,35622.02,3759.828789
1699488000000,35622.02,36635.92,35539.96,36434.96,3249.559663
1699502400000,36434.96,36861.69,36414.01,36534,2031.361182
1699516800000,36534,36998,36528.01,36808,1828.02669
1699531200000,36808,38040.84,36764.3,37085.93,7057.313152
1699545600000,37085.93,37207.99,35587.61,36378.74,6449.265139
1699560000000,36378.74,36779.25,36141.03,36708,1889.196204
1699574400000,36708,36913.9,36447.34,36735.79,930.369038
1699588800000,36735.79,36810.65,36434,36441.53,1046.543326
1699603200000,36441.53,37131.37,36322.54,37073.37,1712.756722
1699617600000,37073.37,37255.99,36822.55,37085.1,2429.31872
1699632000000,37085.1,37455.38,37084.4,37237.39,1770.828947
1699646400000,37237.39,37533.32,37070.64,37299.37,1117.234989
1699660800000,37299.37,37397.21,36900,37040.01,879.075421
1699675200000,37040.01,37127.68,36925.01,37006.54,451.02998
1699689600000,37006.54,37054.33,36911.01,36988.57,516.223653
1699704000000,36988.57,37262.9,36955.21,37050,744.598519
1699718400000,37050,37173.99,37026.99,37148.01,410.135086
1699732800000,37148.01,37152.56,36631.39,37130.01,864.198379
1699747200000,37130.01,37178.51,36726.24,36985.34,621.346053
1699761600000,36985.34,37172.49,36914.09,37128,427.13143
1699776000000,37128,37133.34,37030.25,37058,437.036923
1699790400000,37058,37218,36932.31,37154,559.296077
1699804800000,37154,37208.62,37052,37104,501.455776
1699819200000,37104,37202,36928.44,37064,485.976471
1699833600000,37064,37419,36852.27,36913.71,1285.563787
1699848000000,36913.71,37045,36759.27,36960.33,727.277192
1699862400000,36960.33,37039.97,36688.7,36812.01,659.85906
1699876800000,36812.01,36946.4,36532,36844.38,1593.812685
1699891200000,36844.38,37024.95,36604.37,36844.39,1022.387079
1699905600000,36844.39,36875.16,36331.86,36463.4,1704.51568
1699920000000,36463.4,36485.99,36196,36448.01,1110.605694
1699934400000,36448.01,36713.9,36382.23,36686.03,748.774853
1699948800000,36686.03,36745,36241.1,36264.23,1241.226029
1699963200000,36264.23,36691.2,35800,36145.89,2816.198585
1699977600000,36145.89,36416,34601,35293,4768.195378
1699992000000,35293,35670.66,35214.04,35547.36,1445.227251
1700006400000,35547.36,35659.91,35361.32,35383.05,1447.882844
1700020800000,35383.05,35660,35376.03,35578.01,885.232243
1700035200000,35578.01,36283.78,35578.01,36240.64,1957.19758
1700049600000,36240.64,36422.19,36006.84,36406,1800.564228
1700064000000,36406,37790.57,36250.93,37500.71,6328.258278
1700078400000,37500.71,37960.09,37310.01,37859.99,2536.396688
1700092800000,37859.99,37930.16,37340.01,37453.18,1603.90408
1700107200000,37453.18,37623.12,37325,37438.83,982.67677
1700121600000,37438.83,37541.36,37128,37248.43,1485.412593
1700136000000,37248.43,37319.01,36257.68,36404.43,3445.668501
1700150400000,36404.43,36639.99,35489.97,35918.43,3082.297819
1700164800000,35918.43,36270,35669.23,36164.76,2048.450903
1700179200000,36164.76,36676.4,36100.9,36486,1480.117136
1700193600000,36486,36524,36110,36241.99,1237.031285
1700208000000,36241.99,36461.6,36122.29,36376,1282.418363
1700222400000,36376,36615.35,35846.6,36045.39,2288.136019
1700236800000,36045.39,36856.96,35904.8,36323.98,3154.36503
1700251200000,36323.98,36725.57,36308.05,36608.91,1012.786076
1700265600000,36608.91,36613.95,36361.35,36376.02,512.574596
1700280000000,36376.02,36428,36183.61,36414.08,569.75715
1700294400000,36414.08,36535.99,36380,36403.99,508.061933
1700308800000,36403.99,36682.1,36354.01,36662.69,745.209067
1700323200000,36662.69,36850,36600,36680,853.795315
1700337600000,36680,36707.44,36445.56,36571.95,588.921777
1700352000000,36571.95,36576,36396,36522.97,419.847217
1700366400000,36522.97,36667.1,36492,36610,572.244091
1700380800000,36610,36706.6,36374.98,36455.92,529.326921
1700395200000,36455.92,36567.84,36384.13,36565.9,563.529526
1700409600000,36565.9,36985.56,36512.9,36945.76,1139.635461
1700424000000,36945.76,37509.36,36802.14,37364,1819.164285
1700438400000,37364,37381.15,37048,37116.36,963.924436
1700452800000,37116.36,37256.35,37041.96,37244.01,648.522829
1700467200000,37244.01,37415.76,37062,37148.74,1227.806014
1700481600000,37148.74,37500,36622.48,37463.3,2376.58097
1700496000000,37463.3,37779.82,36792.12,37569.7,3888.469955
1700510400000,37569.7,37607.78,37270.16,37450.67,1460.202957
1700524800000,37450.67,37657.85,37312,37464.96,952.231706
1700539200000,37464.96,37481.81,37237.5,37281.65,504.186305
1700553600000,37281.65,37417.92,37147.95,37174.53,600.262117
1700568000000,37174.53,37227.76,36249.62,36973.57,4837.324048
1700582400000,36973.57,37509.99,36550,36982,3894.791205
1700596800000,36982,37165,35725.46,35747.03,4069.574214
1700611200000,35747.03,36386,35617,36382.37,1577.075564
1700625600000,36382.37,36560,36325.71,36442.18,919.308699
1700640000000,36442.18,36784,36394,36465.08,1110.105934
1700654400000,36465.08,36649.69,36236.96,36485.85,1753.047975
1700668800000,36485.85,37434,36372.19,37291.01,3710.610803
1700683200000,37291.01,37864.94,37216,37409.39,2824.739201
1700697600000,37409.39,37535.86,37255,37300,741.489585
1700712000000,37300,37415.99,37269.53,37371.03,425.567252
1700726400000,37371.03,37645.61,37128.49,37368.76,1343.108092
1700740800000,37368.76,37525,36865.19,36947.62,1696.258395
1700755200000,36947.62,37350,36914.42,37280.1,937.060996
1700769600000,37280.1,37386.39,37210,37295.61,566.389861
1700784000000,37295.61,37480.62,37253.62,37318,648.437421
1700798400000,37318,37563.6,37298.27,37521.62,465.395061
1700812800000,37521.62,38122.84,37426.13,37744.01,3659.420791
1700827200000,37744.01,38413,37602.19,38218.19,4244.524776
1700841600000,38218.19,38346.94,37567.75,37766.23,3188.48073
1700856000000,37766.23,37950,37583.31,37713.79,1202.448526
1700870400000,37713.79,37843.26,37678.01,37798.19,452.97606
1700884800000,37798.19,37828.19,37720.76,37801.45,304.426489
1700899200000,37801.45,37828.94,37585,37652.53,693.272443
1700913600000,37652.53,37733.14,37620.2,37704.33,289.4701
1700928000000,37704.33,37858.71,37702.54,37822.01,435.504316
1700942400000,37822.01,37887.49,37717.93,37784.01,368.482172
1700956800000,37784.01,37788,37666.8,37734.27,157.697728
1700971200000,37734.27,37794.7,37703.01,37787.19,199.394914
1700985600000,37787.19,37814.65,37671.82,37680.2,246.086577
1701000000000,37680.2,37680.2,37290,37439.09,1819.26999
1701014400000,37439.09,37504.62,37129.67,37378,1179.240984
1701028800000,37378,37745.97,37322,37442,1508.006067
1701043200000,37442,37560.28,37189.94,37310,790.74111
1701057600000,37310,37419.69,37044,37284.66,616.55237
1701072000000,37284.66,37459.34,36885.81,37038,1456.860084
1701086400000,37038,37101.57,36720.73,36754.6,1936.322282
1701100800000,36754.6,37139.75,36704.02,36877.99,1538.693334
1701115200000,36877.99,37283.31,36795.18,37243.8,887.1082
1701129600000,37243.8,37347.05,37105.95,37128.07,494.427648
1701144000000,37128.07,37149.99,36876.11,37107.81,773.206297
1701158400000,37107.81,37256.82,36928.96,37249.92,974.29223
1701172800000,37249.92,37572.04,37144.49,37516.53,1566.099558
1701187200000,37516.53,38384.19,37516.53,38117.15,4381.861065
1701201600000,38117.15,38282.81,37668.81,37817.48,2362.102622
1701216000000,37817.48,38091.49,37676.16,37943.76,1596.49563
1701230400000,37943.76,38231.69,37871.25,38100,852.696397
1701244800000,38100,38470.71,37889.91,38104.01,2136.0707
1701259200000,38104.01,38281,37568.1,37830.81,1650.325228
1701273600000,37830.81,37933.26,37644.83,37874.82,933.779576
1701288000000,37874.82,37886,37570.82,37853.47,738.449789
1701302400000,37853.47,38047.42,37690.02,38047.42,607.221789
1701316800000,38047.42,38142.75,37766.38,37791.82,672.614881
1701331200000,37791.82,37902.94,37580.61,37883.31,967.620444
1701345600000,37883.31,37965.31,37464.95,37620,2021.485682
1701360000000,37620,37807.99,37535.45,37751.13,729.394167
1701374400000,37751.13,37808.31,37605.13,37725.18,495.593405
1701388800000,37725.18,38082.01,37615.35,38043.99,998.2432
1701403200000,38043.99,38346,38024,38246.5,1386.571069
1701417600000,38246.5,38826.92,38216.02,38580.72,2494.960578
1701432000000,38580.72,38627.8,38216.66,38413.61,1641.461139
1701446400000,38413.61,38985.54,38396,38761.59,2594.364751
1701460800000,38761.59,38904.51,38651.16,38685,867.021704
1701475200000,38685,38793.33,38644.34,38780.38,408.198785
1701489600000,38780.38,38825,38703.02,38703.03,431.470758
1701504000000,38703.03,38790,38652.04,38736.03,388.243717
1701518400000,38736.03,38860.84,38715,38809.98,451.240372
1701532800000,38809.98,39778.07,38713.43,39420.01,2925.898227
1701547200000,39420.01,39715.63,39285.01,39450.32,1661.511376
1701561600000,39450.32,39552.6,39278,39378.59,602.059227
1701576000000,39378.59,39488.18,39318.65,39478.01,460.878676
1701590400000,39478.01,39537.72,39399.02,39479.92,364.854805
1701604800000,39479.92,39803.24,39378.04,39758,1265.492688
1701619200000,39758,39836.36,39439.65,39562.82,940.560553
1701633600000,39562.82,40287.09,39552.47,39969.61,1975.369147
1701648000000,39969.61,40877.95,39969.61,40704.01,3032.054272
1701662400000,40704.01,41747,40681.76,41436.44,3133.646751
1701676800000,41436.44,42150.57,41331.85,41593.58,4147.567641
1701691200000,41593.58,41904.88,41130,41268,2758.520585
1701705600000,41268,42060,41176,41985.6,2021.255773
1701720000000,41985.6,42418.42,41715.32,41985.41,2413.600602
1701734400000,41985.41,41985.41,41621,41826.41,1409.603836
1701748800000,41826.41,41915.22,41388,41523.59,1478.434206
1701763200000,41523.59,41755.65,41422.65,41728,1018.625194
1701777600000,41728,42500,41692.46,42266.42,2827.590013
1701792000000,42266.42,44104.39,42134.01,43813.14,9371.097488
1701806400000,43813.14,44496.99,43417.61,44073.67,4464.808304
1701820800000,44073.67,44144,43569.58,43734.09,1893.209126
1701835200000,43734.09,43850.27,43443.43,43686.28,1634.333417
1701849600000,43686.28,44290,43361.31,43837.99,2770.51452
1701864000000,43837.99,44277,43726.48,43780.71,2985.610215
1701878400000,43780.71,44137.42,43731.84,43988.01,1740.868924
1701892800000,43988.01,44072,43601.65,43761.75,1452.506366
1701907200000,43761.75,43999.51,43709.99,43927.44,724.269255
1701921600000,43927.44,44048.35,43840.72,43884.66,677.682554
1701936000000,43884.66,43899.4,42832.49,43190,4456.432917
1701950400000,43190,43926.3,42953.45,43662.7,2700.353513
1701964800000,43662.7,43756.7,43070.82,43203.8,2435.093226
1701979200000,43203.8,43452.08,43089.46,43272.71,2138.501081
1701993600000,43272.71,43526.83,43264.72,43366.07,1230.263856
1702008000000,43366.07,43551.91,43096.03,43166.71,1588.841398
1702022400000,43166.71,43733.13,43083.55,43652.12,1228.354034
1702036800000,43652.12,44033.25,43483.27,43760.73,1971.520802
1702051200000,43760.73,43990.26,43639.01,43953.79,1258.308871
1702065600000,43953.79,44717.63,43953.79,44170.71,2198.090815
1702080000000,44170.71,44283.99,44035.64,44142.71,698.382919
1702094400000,44142.71,44357.39,44105.08,44180,665.450081
1702108800000,44180,44190.65,43725.44,43816,1226.132867
1702123200000,43816,44136.58,43740,44049.96,1018.156617
1702137600000,44049.96,44091.75,43880.61,43923.02,571.885765
1702152000000,43923.02,44085.03,43509.32,43711.98,1065.366731
1702166400000,43711.98,43863.02,43667.99,43841.79,448.628824
1702180800000,43841.79,44000.08,43824,43964.98,394.620519
1702195200000,43964.98,44031.69,43603.45,43735.97,806.298929
1702209600000,43735.97,43974.14,43725.98,43904.52,655.711873
1702224000000,43904.52,43934.24,43740,43797.49,446.246911
1702238400000,43797.49,44047.3,43560.76,43790.53,800.656577
1702252800000,43790.53,43805.29,40323.5,42306.42,8203.073926
1702267200000,42306.42,42325.97,41619.67,42123.28,2832.403051
1702281600000,42123.28,42486.63,41979.65,42345.28,1635.030172
1702296000000,42345.28,42393.01,41660.71,41801.6,1880.855491
1702310400000,41801.6,41853.99,40226.56,40778,6255.175333
1702324800000,40778,41349.43,40546.92,41252.56,2372.184415
1702339200000,41252.56,41941.75,41178.95,41738.56,1841.344197
1702353600000,41738.56,42066.34,41376.25,41916.73,1583.53777
1702368000000,41916.73,42116.58,41555.56,41587.21,1344.082838
1702382400000,41587.21,42057.31,41155.88,41351.01,2581.075441
1702396800000,41351.01,41452.35,40678.89,41139.62,3055.863032
1702411200000,41139.62,41552.92,41040,41489.47,1221.681025
1702425600000,41489.47,41501.46,40563.6,40825.99,2658.293769
1702440000000,40825.99,41242.54,40628.02,41115.99,1142.152289
1702454400000,41115.99,41280.64,40962.01,41007.01,812.191871
1702468800000,41007.01,41954.47,40985.87,41937.08,2043.296401
1702483200000,41937.08,42890.05,41722.79,42735.01,2938.308186
1702497600000,42735.01,43500,42572.65,42867.51,3306.312275
1702512000000,42867.51,42940.14,42668.8,42714.01,741.630913
1702526400000,42714.01,43111.41,42684.01,42903.01,806.284232
1702540800000,42903.01,43309.99,42688.25,43265.9,1555.987497
1702555200000,43265.9,43364.25,41317.58,42448.01,4724.126963
1702569600000,42448.01,43432.94,42448,43100,2511.895212
1702584000000,43100,43181.31,42857.5,43020.44,748.454039
1702598400000,43020.44,43082.04,42466.87,42794.99,1238.159162
1702612800000,42794.99,42868.43,42515.4,42702.98,969.75882
1702627200000,42702.98,43022.09,42637.35,42777.99,880.934
1702641600000,42777.99,42786,41658.26,41902,2383.703918
1702656000000,41902,42189.07,41697.61,42096.88,1282.300904
1702670400000,42096.88,42264.03,41902,41941.98,918.507684
1702684800000,41941.98,42405.63,41611,42331.56,1009.313362
1702699200000,42331.56,42351.65,42140,42220.07,387.268794
1702713600000,42220.07,42336,42100,42327.97,314.319901
1702728000000,42327.97,42612.91,42247.51,42604.24,749.572264
1702742400000,42604.24,42715,42332.46,42354.02,761.951878
1702756800000,42354.02,42411.73,42138.37,42276,593.334787
1702771200000,42276,42299.99,41858.85,41925.45,720.97057
1702785600000,41925.45,42059.16,41774.56,41886.29,696.483688
1702800000000,41886.29,42016.83,41662.92,41958.69,755.650414
1702814400000,41958.69,42004.91,41544.05,41806.97,1149.87307
1702828800000,41806.97,42423.6,41687.42,42104.01,2618.29218
1702843200000,42104.01,42193.08,41243.14,41378.83,1746.427924
1702857600000,41378.83,41461.91,40804.91,41089.98,2236.34208
1702872000000,41089.98,41310.28,41000.16,41131.05,995.915572
1702886400000,41131.05,41255.99,40545.43,41106.95,3370.315376
1702900800000,41106.95,41747,40890.7,41259.76,2272.881662
1702915200000,41259.76,41736.69,41153.8,41700.09,1470.485209
1702929600000,41700.09,42757.04,41575.91,42658.51,4014.16873
1702944000000,42658.51,43493.79,42567.24,43079.01,3551.879114
1702958400000,43079.01,43132.53,42816.06,43039.99,1076.495021
1702972800000,43039.99,43267.99,42941.78,42978,1192.278118
1702987200000,42978,43042.91,42232,42486.32,2528.844524
1703001600000,42486.32,42653.68,41806.91,42342.37,2562.612646
1703016000000,42342.37,42528.55,42128.73,42275.62,985.128171
1703030400000,42275.62,42494.62,42204.01,42424,619.723441
1703044800000,42424,43022.2,42376.92,42930,1375.626651
1703059200000,42930,43000,42680.67,42865.91,937.553767
1703073600000,42865.91,44295.93,42758.77,44029.91,4341.164228
1703088000000,44029.91,44290.05,43485,43736.5,2418.663405
1703102400000,43736.5,43815.13,43229.77,43666.91,1917.303809
1703116800000,43666.91,43731.51,43293.75,43648.91,990.891242
1703131200000,43648.91,43875.34,43456.92,43760.2,833.699356
1703145600000,43760.2,44107.48,43582.46,43930.91,1263.650797
1703160000000,43930.91,44241.16,43361.38,43819.51,2183.678653
1703174400000,43819.51,43915.09,43370.01,43590.25,1735.055079
1703188800000,43590.25,44119.91,43556.01,43862.01,954.916625
1703203200000,43862.01,44259.8,43735.91,44006.29,1252.617154
1703217600000,44006.29,44403,43542.03,43588.46,2879.690867
1703232000000,43588.46,43832.5,43467.66,43754.01,1148.751736
1703246400000,43754.01,43808.32,43410,43670.78,967.019372
1703260800000,43670.78,43996.91,43480,43645.19,875.453684
1703275200000,43645.19,44046.43,43622.68,43969.91,493.040301
1703289600000,43969.91,43990.71,43453.91,43525.92,769.78926
1703304000000,43525.92,43647.08,43257.1,43565.6,631.085914
1703318400000,43565.6,43669.14,43488.2,43541.64,385.354906
1703332800000,43541.64,43858.77,43541.63,43751.54,406.559572
1703347200000,43751.54,43850.44,43690.93,43703.11,300.657077
1703361600000,43703.11,43833.65,43639.91,43704.06,250.248811
1703376000000,43704.06,43917.36,43612.73,43835.5,394.144121
1703390400000,43835.5,43945.91,43428.77,43646.04,593.525263
1703404800000,43646.04,43696,43403.99,43632,383.531237
1703419200000,43632,43864.11,43558.91,43679.76,448.771521
1703433600000,43679.76,43715.42,43552.04,43619.4,374.917185
1703448000000,43619.4,43621.91,42557,42997.91,2388.639933
1703462400000,42997.91,43155.52,42697.03,43151.53,529.932676
1703476800000,43151.53,43330.22,43097.95,43209.99,474.272987
1703491200000,43209.99,43296,43049.94,43174,352.547681
1703505600000,43174,43811.15,43093.79,43618.01,1498.424164
1703520000000,43618.01,43711.91,43346.18,43470.01,867.932808
1703534400000,43470.01,43719.99,43320.21,43572,688.834781
1703548800000,43572,43591.9,43361.38,43447.99,425.219769
1703563200000,43447.99,43471.91,42513.85,42772.91,2381.021512
1703577600000,42772.91,42796.91,42136.91,42681.88,1619.466094
1703592000000,42681.88,42819.67,42252.21,42389.72,928.376638
1703606400000,42389.72,42432,41601.34,42106.91,3244.957244
1703620800000,42106.91,42588,42055.36,42512.18,592.345125
1703635200000,42512.18,42545.43,42113.96,42234,657.627849
1703649600000,42234,42545.17,42208.06,42458,678.267728
1703664000000,42458,43221,42404.39,43015,1857.978879
1703678400000,43015,43157.98,42703.87,42978,2079.266921
1703692800000,42978,43220,42866.62,43153.59,1050.151935
1703707200000,43153.59,43667.5,43120.06,43433.25,1579.585671
1703721600000,43433.25,43791.99,43307.1,43408,1239.69135
1703736000000,43408,43624.94,42803.58,43043.46,1485.531325
1703750400000,43043.46,43197.56,42866,43062,785.713688
1703764800000,43062,43123.23,42404.1,42447.99,2551.301657
1703779200000,42447.99,42729.99,42266.63,42608.02,1354.522911
1703793600000,42608.02,42744,42339.82,42565.01,783.742062
1703808000000,42565.01,42799.18,42102.55,42694.74,1817.149427
1703822400000,42694.74,42765,42224.56,42277.91,858.291664
1703836800000,42277.91,42930.99,42274.91,42861.99,1031.974434
1703851200000,42861.99,43113.22,42127.51,42274.9,1847.556427
1703865600000,42274.9,42352.94,41654.49,42118.91,3254.871676
1703880000000,42118.91,42246.13,41275.51,42064,2048.614351
1703894400000,42064,42208.91,41818.16,41974.01,596.264344
1703908800000,41974.01,42150,41925.37,41946,621.431521
1703923200000,41946,41985,41526,41899.43,1022.264561
1703937600000,41899.43,42424.73,41887.92,42373.01,1233.444995
1703952000000,42373.01,42613.65,42250,42360.55,1237.272476
1703966400000,42360.55,42401.98,42083.33,42145.17,626.975065
1703980800000,42145.17,42433.01,41968.04,42175.91,856.39494
1703995200000,42175.91,42672.28,42152.01,42535.99,693.525985
1704009600000,42535.99,42890.99,42361.51,42519.55,804.660485
1704024000000,42519.55,42649,42355.75,42457.51,642.634897
1704038400000,42457.51,42717.65,42435.13,42618,479.868043
1704052800000,42618,42681.99,42072.01,42284,912.820103
1704067200000,42284,42777.73,42218.44,42339.3,739.596674
1704081600000,42339.3,42500.45,42183.84,42495.99,493.245308
1704096000000,42495.99,42763.11,42458.29,42686.01,499.942436
1704110400000,42686.01,42845.99,42586.3,42784,611.338675
1704124800000,42784,43545,42665.33,43520.29,1225.390283
1704139200000,43520.29,44195.8,43371.49,44175,2012.880212
1704153600000,44175,45518.45,44147.29,45415.47,5208.650702
1704168000000,45415.47,45688.1,45132.01,45456.01,2071.968017
1704182400000,45456.01,45886.7,45195,45428,1954.647666
1704196800000,45428,45799.67,44831.69,45185.28,2430.974227
1704211200000,45185.28,45397.47,44783.3,45044.29,2204.45383
1704225600000,45044.29,45292.46,44598.28,44950.95,1926.651271
1704240000000,44950.95,45412.5,44865.01,45260.5,864.241164
1704254400000,45260.5,45388.03,44943.24,45012.01,873.3718
1704268800000,45012.01,45507.99,43448.21,43705.17,4819.591209
1704283200000,43705.17,43720.17,40222.1,42993.98,14461.071987
1704297600000,42993.98,43584.99,41873.81,42592.01,5199.600131
1704312000000,42592.01,42965.06,42518,42842,1251.559938
1704326400000,42842,43227.08,42622.37,43105.01,1126.935164
1704340800000,43105.01,43277,42758.57,42760.02,1291.66866
1704355200000,42760.02,43238,42665.48,43177.24,1144.478856
1704369600000,43177.24,44331.95,43096,44050,2358.442512
1704384000000,44050,44436,43779.73,43956.21,1997.416565
1704398400000,43956.21,44791.89,43890.17,44151.2,3307.222731
1704412800000,44151.2,44284,42267.44,43465,4911.194104
1704427200000,43465,43923.05,43145.61,43779.19,1168.014565
1704441600000,43779.19,44313.67,43479.53,43769.99,1692.011527
1704456000000,43769.99,44112.53,43100,43498.82,2407.726086
1704470400000,43498.82,43811.48,43059.03,43600,1778.193463
1704484800000,43600,44369.19,43586.96,44147.05,2210.267049
1704499200000,44147.05,44208.95,43818.33,43932.01,751.362299
1704513600000,43932.01,43974,43397.02,43650.01,1006.018526
1704528000000,43650.01,43765.98,43555.01,43670,552.19445
1704542400000,43670,43919.28,43534.01,43864.74,556.095144
1704556800000,43864.74,44150.33,43825.93,43907.01,758.991138
1704571200000,43907.01,43979.84,43650,43970,828.463856
1704585600000,43970,44254.28,43838.01,43936.01,615.631913
1704600000000,43936.01,44096.64,43849,44079.98,354.97144
1704614400000,44079.98,44166.59,43885.9,44064,394.654964
1704628800000,44064,44478.24,43944.53,44048.74,1085.481563
1704643200000,44048.74,44259.33,43686.4,44242.76,957.455946
1704657600000,44242.76,44269.07,43599,43930,1064.110374
1704672000000,43930,43985.44,43180,43518,1719.716649
1704686400000,43518,44350,43435,43970.02,2200.187018
1704700800000,43970.02,44692,43644.11,44628.99,1266.586181
1704715200000,44628.99,45379.62,44330.09,44965.33,3695.385651
1704729600000,44965.33,47249.4,44800,46975.94,4884.234217
1704744000000,46975.94,47203.33,46654,46949.87,1371.328376
1704758400000,46949.87,47147.96,46229.9,46930,1817.879007
1704772800000,46930,46938,46597,46830.99,637.701316
1704787200000,46830.99,46875,46400,46616,839.319498
1704801600000,46616,47052.72,45422.52,46864.39,4401.685988
1704816000000,46864.39,46974.56,46503,46880.01,1084.745792
1704830400000,46880.01,48000,44631.9,46110.77,9644.488118
1704844800000,46110.77,46232.19,45610,46119.2,1505.49352
1704859200000,46119.2,46180.75,45722.85,45758.16,924.183187
1704873600000,45758.16,45859.19,44950,45513.12,1744.688868
1704888000000,45513.12,45652.36,44291.67,45560.01,5151.280155
1704902400000,45560.01,46717.2,45187.51,46488.52,4246.565158
1704916800000,46488.52,47689.52,44835.76,46650.28,13026.099151
1704931200000,46650.28,46747.99,46202.11,46504.01,1890.289457
1704945600000,46504.01,46508,45622.2,46101.99,1404.864721
1704960000000,46101.99,47154.01,46052.82,47058.42,1549.579378
1704974400000,47058.42,48975,46466.78,46772.01,8525.050931
1704988800000,46772.01,47021.62,45563.54,46692.01,5239.266324
1705003200000,46692.01,46975.06,46086.02,46342,1880.257969
1705017600000,46342,46513.68,45896.51,45996.1,1950.364743
1705032000000,45996.1,46377.08,45727.26,46010,1360.201487
1705046400000,46010,46265.97,45519,45954,1725.391588
1705060800000,45954,46113.44,44312,44442.65,3658.458863
1705075200000,44442.65,44675.99,43205,43476.12,5826.747503
1705089600000,43476.12,43988.8,41389.14,42784,6996.443524
1705104000000,42784,42990,42438.2,42612,1695.437642
1705118400000,42612,43253.67,42552.52,43104.78,1243.871063
1705132800000,43104.78,43250.66,42512,42626.53,1782.364054
1705147200000,42626.53,43254.7,42509.2,43154.26,1890.491618
1705161600000,43154.26,43184,42721.24,42786.83,1503.972252
1705176000000,42786.83,43041.27,42704.44,42842.34,658.49687
1705190400000,42842.34,42885.28,42648.01,42685,587.043158
1705204800000,42685,43058.55,42560,43009.75,615.979707
1705219200000,43009.75,43076.16,42765.92,42827.06,543.550811
1705233600000,42827.06,42999.8,42706.02,42904.01,803.673422
1705248000000,42904.01,43006.11,42625.72,42658,926.782277
1705262400000,42658,42746.03,41721.94,41732,3882.181829
1705276800000,41732,42642.79,41715.75,42567.06,1596.108792
1705291200000,42567.06,42822.13,42504,42712,1193.388016
1705305600000,42712,42773.67,42532.11,42695.2,1015.920559
1705320000000,42695.2,42950,42165.29,42278.63,2506.065807
1705334400000,42278.63,43380,42251.01,42990.77,2473.852395
1705348800000,42990.77,43110.13,42344,42516.28,1297.502931
1705363200000,42516.28,42941.39,42470.1,42926,939.75278
1705377600000,42926,42944,42609.41,42786.87,803.523908
1705392000000,42786.87,43150,42723.28,42903.28,1243.731352
1705406400000,42903.28,43314.7,42041.28,43252,4471.310294
1705420800000,43252,43430.03,42836.74,43163.08,2483.288087
1705435200000,43163.08,43575.03,43056.39,43140,1684.558768
1705449600000,43140,43194.18,42848.62,42848.62,1002.425409
1705464000000,42848.62,42922.69,42621.12,42656.02,1263.025321
1705478400000,42656.02,42851.6,42563.45,42681.02,1017.55257
1705492800000,42681.02,42928,42371.64,42483.02,2980.515036
1705507200000,42483.02,42747.67,42206.64,42610.72,1541.848929
1705521600000,42610.72,42865.58,42442.93,42774,1232.005135
1705536000000,42774,42786.65,42511.85,42594.9,625.112718
1705550400000,42594.9,42924.06,42585.24,42914.66,933.417387
1705564800000,42914.66,42925.74,42391.81,42542.88,1183.571164
1705579200000,42542.88,42808.1,42359.66,42618.91,1406.491603
1705593600000,42618.91,42618.91,40812.82,41023.39,6129.779524
1705608000000,41023.39,41367.35,40682.94,41323.16,2719.840199
1705622400000,41323.16,41368.34,40752.87,41054.86,1723.199126
1705636800000,41054.86,41575.21,41040.77,41279.01,1068.190749
1705651200000,41279.01,41508.87,41149,41475.36,1114.35829
1705665600000,41475.36,41495,40720.01,40891.5,2429.46159
1705680000000,40891.5,41979.08,40279.07,41816.45,5315.025756
1705694400000,41816.45,42192.64,41496.46,41659.89,1805.753797
1705708800000,41659.89,41701,41455.76,41630.67,612.959834
1705723200000,41630.67,41775,41563.3,41649.08,437.000906
1705737600000,41649.08,41666.47,41460,41578.99,786.532596
1705752000000,41578.99,41697.54,41482.78,41570.68,688.823176
1705766400000,41570.68,41680,41526.61,41633.72,395.842822
1705780800000,41633.72,41877.08,41616.82,41694.9,507.785795
1705795200000,41694.9,41729.5,41631.27,41678.36,422.907037
1705809600000,41678.36,41695.75,41560.75,41643.08,278.433861
1705824000000,41643.08,41824.06,41643.08,41718.59,524.962527
1705838400000,41718.59,41878,41587.27,41634.49,1342.325642
1705852800000,41634.49,41727.12,41502.01,41719.34,511.655655
1705867200000,41719.34,41814.99,41500.82,41583.54,382.641536
1705881600000,41583.54,41685.95,41061.68,41199.63,1293.441806
1705896000000,41199.63,41320.95,40686.42,41047.26,1906.587061
1705910400000,41047.26,41048.15,40356.12,40815.32,3141.156385
1705924800000,40815.32,41239.45,40349,40771.54,3083.906156
1705939200000,40771.54,40871.99,39416.66,39823.82,6692.418796
1705953600000,39823.82,40351.34,39467.36,39566,2675.716505
1705968000000,39566,40116,39510.01,40006.62,1366.464839
1705982400000,40006.62,40185.38,39661.72,39780.7,1182.080805
1705996800000,39780.7,39859.88,38650,38842.66,5214.82864
1706011200000,38842.66,39469,38552.63,39204.4,3148.564878
1706025600000,39204.4,39646.28,38927.92,39147.4,3008.400507
1706040000000,39147.4,39909.04,39031.76,39902.59,2052.249292
1706054400000,39902.59,40249.29,39575,39616.3,1287.316615
1706068800000,39616.3,40181,39564.41,39987.89,1167.150203
1706083200000,39987.89,40564.64,39861.31,40208.8,1409.170552
1706097600000,40208.8,40299.79,39759.7,40052.78,2192.398498
1706112000000,40052.78,40208.25,39613.65,39804.98,1630.510859
1706126400000,39804.98,40180.83,39487.85,40084.52,1151.756385
1706140800000,40084.52,40177.63,39918.91,40011.91,539.385507
1706155200000,40011.91,40134.53,39792.09,40130.54,764.943142
1706169600000,40130.54,40304.85,39960.13,40176.48,899.078448
1706184000000,40176.48,40287.06,39627.94,39804.96,1254.074324
1706198400000,39804.96,40044.87,39547.57,39985.93,1640.845334
1706212800000,39985.93,39996.99,39633.86,39959.93,977.730055
1706227200000,39959.93,40241.14,39826.69,40066.84,652.952558
1706241600000,40066.84,40214.69,39901,39973.84,438.533044
1706256000000,39973.84,41347.63,39962.22,41280.65,3564.951903
1706270400000,41280.65,41585,40912.97,41419.47,2706.1685
1706284800000,41419.47,42199.26,41402.01,42066.31,2686.937943
1706299200000,42066.31,42250,41806.36,41821.38,1291.533636
1706313600000,41821.38,41934.21,41711.8,41823.29,454.102862
1706328000000,41823.29,41892.58,41605.46,41713.68,505.666162
1706342400000,41713.68,41798.58,41392.01,41761.39,653.147351
1706356800000,41761.39,41894,41712.76,41816.1,264.083745
1706371200000,41816.1,41979.9,41741.87,41907.81,395.197422
1706385600000,41907.81,42192,41907.81,42123.01,434.027228
1706400000000,42123.01,42239,41932.78,42228.78,638.647289
1706414400000,42228.78,42840.44,42228.78,42388.61,1658.488107
1706428800000,42388.61,42696.96,42327.12,42473.06,906.485494
1706443200000,42473.06,42538.35,42153.8,42257.55,865.551659
1706457600000,42257.55,42347.93,41721,41785.72,971.419717
1706472000000,41785.72,42070,41614.74,42031.21,810.203027
1706486400000,42031.21,42501,41875,42327.28,823.042198
1706500800000,42327.28,42343.03,41988.75,42050.48,548.204508
1706515200000,42050.48,42382.54,41959.23,42245.8,871.801356
1706529600000,42245.8,42652.8,41796.89,42647.99,1520.289325
1706544000000,42647.99,43309.36,42523.04,42997.99,2439.889056
1706558400000,42997.99,43321.9,42987.72,43303.37,764.807659
1706572800000,43303.37,43787.58,43137.94,43518,1509.915133
1706587200000,43518,43573.71,43255.47,43364.86,482.726292
1706601600000,43364.86,43561.32,43211.52,43534.79,692.903713
1706616000000,43534.79,43870.66,43122.11,43376,2114.67777
1706630400000,43376,43599.24,43221.63,43551.09,1109.800708
1706644800000,43551.09,43759,42684,42944.82,1356.820083
1706659200000,42944.82,43107.79,42656.26,42930.43,953.121085
1706673600000,42930.43,43091.39,42868.02,43051.01,440.677631
1706688000000,43051.01,43098.22,42359.23,42646.56,1106.956129
1706702400000,42646.56,43472,42525.45,43356.5,1648.056253
1706716800000,43356.5,43744.95,43034.49,43332.06,1615.715688
1706731200000,43332.06,43357.99,42287.38,42583.02,1720.460166
1706745600000,42583.02,42682.38,41876.96,42012.96,1098.822302
1706760000000,42012.96,42302.88,41896.71,42195.64,818.576192
1706774400000,42195.64,42330.01,42040.66,42080.28,768.976539
1706788800000,42080.28,42942.42,41944.96,42511.19,2098.857099
1706803200000,42511.19,43295.93,42340.69,43216.98,2527.527678
1706817600000,43216.98,43276.13,42878.83,43083.28,1037.438747
1706832000000,43083.28,43430.2,43028.01,43036.64,754.823294
1706846400000,43036.64,43265.95,42945.28,43093.12,744.543534
1706860800000,43093.12,43202.72,42941.08,43151.99,818.523801
1706875200000,43151.99,43249.99,42551.61,43237.91,2521.618999
1706889600000,43237.91,43487.48,42779.42,43062.93,1688.343043
1706904000000,43062.93,43231.87,42898.01,43199.99,663.07477
1706918400000,43199.99,43384.78,43141.38,43171.2,443.107726
1706932800000,43171.2,43224.99,43041.06,43054.75,206.565025
1706947200000,43054.75,43124.29,42975.38,42998.73,301.842496
1706961600000,42998.73,43192.83,42880.89,43118.98,443.022464
1706976000000,43118.98,43277.87,43016.22,43059.46,556.536722
1706990400000,43059.46,43103,42953.22,43016.9,242.990908
1707004800000,43016.9,43066.57,42895.13,43026.96,216.995211
1707019200000,43026.96,43029.32,42731.85,42840.01,351.351229
1707033600000,42840.01,43124.1,42740.01,43060.99,415.137633
1707048000000,43060.99,43116.63,42844.86,42940.67,438.740106
1707062400000,42940.67,42972.6,42575.43,42636.65,651.730005
1707076800000,42636.65,42985.94,42209.45,42585.72,917.681338
1707091200000,42585.72,42725.33,42253.99,42715.38,723.584485
1707105600000,42715.38,43170.81,42635.94,43072.83,860.965977
1707120000000,43072.83,43270,42953.45,43199.02,942.226196
1707134400000,43199.02,43568.85,42600.01,42643.03,1829.874421
1707148800000,42643.03,42869.29,42494.59,42765.98,1238.15801
1707163200000,42765.98,42800.72,42327.62,42710.9,1094.509689
1707177600000,42710.9,42960.32,42573.97,42851.88,634.598106
1707192000000,42851.88,42930.72,42660.39,42887.41,404.077541
1707206400000,42887.41,43115,42668.31,42823.82,1547.765866
1707220800000,42823.82,43275.56,42654.44,43246.01,2127.234811
1707235200000,43246.01,43388.03,43016.77,43276.61,1403.98419
1707249600000,43276.61,43319.35,43033.32,43099.92,745.700089
1707264000000,43099.92,43197.17,42790,42806.01,743.393009
1707278400000,42806.01,43052.65,42800,42919.05,497.467029
1707292800000,42919.05,43203.22,42839.79,42934.08,782.794556
1707307200000,42934.08,43322.99,42890.26,43069.97,1692.7864
1707321600000,43069.97,43720,43012,43611.99,2893.24569
1707336000000,43611.99,44393.36,43611.99,44350.19,3387.701039
1707350400000,44350.19,44783.68,44328,44539.98,2543.898362
1707364800000,44539.98,44630,44431.5,44517.42,764.957526
1707379200000,44517.42,44894.7,44512,44704.01,1598.868001
1707393600000,44704.01,45476.18,44608,45435.95,3734.38197
1707408000000,45435.95,45499.96,44891.62,45281.35,2947.194466
1707422400000,45281.35,45615,45222.91,45289.99,1992.309728
1707436800000,45289.99,46382.15,45245.42,46062.27,3844.981411
1707451200000,46062.27,46437,45855.01,46209.31,2743.781147
1707465600000,46209.31,47306.25,46207.53,47177.92,6227.720736
1707480000000,47177.92,47716.16,46681.44,47160.77,11392.211349
1707494400000,47160.77,48213,47130,47507.06,6648.722328
1707508800000,47507.06,47693.89,47026.67,47134.25,2114.091676
1707523200000,47134.25,47500,47021.14,47378.84,1267.400665
1707537600000,47378.84,47432.62,47142.82,47152.41,456.312663
1707552000000,47152.41,47274.01,46845.02,47184.99,1262.174755
1707566400000,47184.99,47387,47105.87,47347.2,823.919397
1707580800000,47347.2,47668.17,47153.69,47528,1292.699233
1707595200000,47528,48183.92,47458.36,47748.19,1898.653298
1707609600000,47748.19,48560,47565.64,48516.43,1552.236743
1707624000000,48516.43,48593.45,48065.01,48185.98,1439.419371
1707638400000,48185.98,48441.09,47923,48410.48,1178.152354
1707652800000,48410.48,48463.47,47930.97,48148.27,1280.589161
1707667200000,48148.27,48395.67,47950,48283.99,1218.648781
1707681600000,48283.99,48374.14,47971.51,48304.25,1212.024458
1707696000000,48304.25,48834.17,48003.85,48148.4,1973.36792
1707710400000,48148.4,48380,47750,48206,1231.383954
1707724800000,48206,48311.99,47710.71,47904,1696.749633
1707739200000,47904,49961.63,47842,49925.91,5430.768828
1707753600000,49925.91,50355.99,49397,49529.21,5855.767001
1707768000000,49529.21,50272.99,49529.21,49922.01,2116.932184
1707782400000,49922.01,50375.26,49742.68,49794.68,1786.017246
1707796800000,49794.68,50120.8,49794.01,49994.19,1092.795132
1707811200000,49994.19,50249.97,49644.29,49986,1981.252207
1707825600000,49986,49994,48382.11,48727.49,6259.573228
1707840000000,48727.49,49266.37,48302,49034.94,3396.495375
1707854400000,49034.94,49777.74,49003.36,49701.86,2367.667017
1707868800000,49701.86,49718.92,49301.76,49512.06,1655.139022
1707883200000,49512.06,49873.97,49222.54,49833.99,1466.74472
1707897600000,49833.99,51740.92,49730,51555,7503.392422
1707912000000,51555,52050,51294.65,51589.01,5642.646933
1707926400000,51589.01,51746.99,51197.06,51676,3149.120461
1707940800000,51676,51892.68,51462,51794.47,1678.167531
1707955200000,51794.47,52500,51714.26,52346.03,3817.464155
1707969600000,52346.03,52370,51635.62,51782,1804.882597
1707984000000,51782,52500,51647.7,52325.55,2031.258781
1707998400000,52325.55,52813.99,51701.09,51942.39,4882.127846
1708012800000,51942.39,52394.79,51728.75,51999.46,3710.799059
1708027200000,51999.46,52005.77,51300.01,51878.01,2912.299595
1708041600000,51878.01,52333.72,51804,52279.99,1782.388177
1708056000000,52279.99,52349.99,51719.62,51740.99,1629.226293
1708070400000,51740.99,52428.72,51556.27,52214.93,1924.456691
1708084800000,52214.93,52569.52,51566.18,51883.76,4088.685536
1708099200000,51883.76,52250,51652.59,51754.45,2002.088294
1708113600000,51754.45,52220,51685.31,52124,1063.905851
1708128000000,52124,52164.64,51846.45,51969.99,661.859197
1708142400000,51969.99,52057.3,51791.25,51910.65,493.225381
1708156800000,51910.65,51910.65,51500,51694.25,1192.713447
1708171200000,51694.25,51736.98,50619.39,50985.21,3971.687922
1708185600000,50985.21,51445.99,50736.61,51397.59,1257.225022
1708200000000,51397.59,52049.16,51301.81,51647.99,1640.422791
1708214400000,51647.99,51803.33,51157.01,51479.42,1066.239328
1708228800000,51479.42,51746.69,51402,51669.75,724.049166
1708243200000,51669.75,52071.86,51642,51826.58,1038.016129
1708257600000,51826.58,51948,51536.64,51780.01,901.702198
1708272000000,51780.01,51980,51651.02,51757.97,789.675557
1708286400000,51757.97,52387.56,51588.23,52137,1468.006813
1708300800000,52137,52439.99,51896,52066.09,1145.170341
1708315200000,52066.09,52489.52,51990.9,52395.72,1034.672253
1708329600000,52395.72,52455.99,52066,52340.14,1234.381788
1708344000000,52340.14,52456.42,52026.82,52131.31,1574.426001
1708358400000,52131.31,52230,51686.95,51821.36,1950.536155
1708372800000,51821.36,52114.25,51701.1,51777.05,1032.921082
1708387200000,51777.05,51831.08,51302.29,51579.53,2010.232105
1708401600000,51579.53,52049.69,51512.43,51842,1266.690488
1708416000000,51842,52390,51555.88,52293,2477.880841
1708430400000,52293,53002.58,51354.06,51678,6169.323622
1708444800000,51678,52136.23,50750.01,52102.97,3215.971844
1708459200000,52102.97,52521.5,51895.11,52261.25,1630.100723
1708473600000,52261.25,52366.23,51988.34,52004.51,794.10838
1708488000000,52004.51,52111.99,51470.25,51569.99,1178.11407
1708502400000,51569.99,51789.64,50805.66,50967.92,2984.325252
1708516800000,50967.92,51448,50535.62,51148.77,4177.723017
1708531200000,51148.77,51428,50655.53,51067.09,2452.277693
1708545600000,51067.09,51956.66,50851.85,51841.68,2567.021811
1708560000000,51841.68,51872.64,51150.01,51584.92,1312.720417
1708574400000,51584.92,51912.17,51348.11,51825.99,1173.587387
1708588800000,51825.99,52031,51516,51620,1708.418834
1708603200000,51620,51740.8,50936.01,51599.83,2814.470866
1708617600000,51599.83,51746.11,51398.99,51513.99,1432.624594
1708632000000,51513.99,52078.55,51164.94,51291.09,2301.510307
1708646400000,51291.09,51545.94,50975,51103.9,1162.505132
1708660800000,51103.9,51327.2,50880,50919.99,965.08906
1708675200000,50919.99,51257.5,50833.31,51217.5,1238.854793
1708689600000,51217.5,51331.31,50780.84,50911.53,2816.292889
1708704000000,50911.53,51199.6,50634.98,51100.93,1913.487191
1708718400000,51100.93,51165.19,50530.06,50745.44,1089.461821
1708732800000,50745.44,50910.05,50581.33,50848,811.367932
1708747200000,50848,51101.56,50824.6,51072,518.772549
1708761600000,51072,51172.03,50950.63,51125.98,512.316039
1708776000000,51125.98,51178,51032.06,51104,446.301633
1708790400000,51104,51697.3,51098,51553.96,1194.865009
1708804800000,51553.96,51669.61,51435.39,51565.5,721.051335
1708819200000,51565.5,51908.96,51432.99,51622.63,916.136631
1708833600000,51622.63,51807.14,51511.14,51722.62,589.411166
1708848000000,51722.62,51778.7,51533.51,51642.01,567.940916
1708862400000,51642.01,51790.65,51430.26,51520.02,746.435634
1708876800000,51520.02,51743.63,51281.69,51670.24,986.285282
1708891200000,51670.24,51977.22,51640.06,51729.49,1083.139761
1708905600000,51729.49,51804.39,51402.01,51564.1,866.565192
1708920000000,51564.1,51603.77,51288.62,51292.01,746.052403
1708934400000,51292.01,51376,50898.37,51088.97,1930.589586
1708948800000,51088.97,52847.83,50954.29,52836.71,4350.081256
1708963200000,52836.71,54516.98,52750.01,54484.72,8247.189548
1708977600000,54484.72,54909.99,54253.98,54478,3595.136245
1708992000000,54478,57406.91,54445.52,55680,7924.477123
1709006400000,55680,56451.57,55582.36,56058.01,3571.793587
1709020800000,56058.01,56823.85,56028.01,56526.14,2705.711134
1709035200000,56526.14,57427.86,56449.03,56751.54,6525.833147
1709049600000,56751.54,57611.93,56207.89,57333.59,3520.299805
1709064000000,57333.59,57359.98,56580,57038.45,2084.914092
1709078400000,57038.45,57104.2,56696.3,56919.99,1075.30616
1709092800000,56919.99,58399.82,56891.9,58255.49,2659.774147
1709107200000,58255.49,59494.3,58161.33,58946,7184.167333
1709121600000,58946,61381.87,58888.23,60966.57,9774.985783
1709136000000,60966.57,64171.64,58500.62,60948.2,17270.07973
1709150400000,60948.2,62646.73,59800,62424.12,3603.257766
1709164800000,62424.12,62438.7,61015.49,61559.44,4573.700817
1709179200000,61559.44,63705,61335.75,62708.35,7269.699152
1709193600000,62708.35,63348.07,62078.41,62936.12,5486.836807
1709208000000,62936.12,63551.45,62061.31,62769.69,5753.041747
1709222400000,62769.69,62874.83,60382.16,61606.24,8855.121776
1709236800000,61606.24,62296,60577.26,61132,5845.312019
1709251200000,61132,61749.78,60686.76,61097.21,2683.41051
1709265600000,61097.21,61777.76,61058,61436.4,2048.993166
1709280000000,61436.4,62251.75,61307.59,61863.21,1822.762478
1709294400000,61863.21,62700.6,61100,61257.59,4312.939544
1709308800000,61257.59,62488.99,61226.37,62211.57,2797.281975
1709323200000,62211.57,63113.59,62211.57,62380.26,3166.894218
1709337600000,62380.26,62439.47,61936,62309,2351.17476
1709352000000,62309,62311.79,61755.35,62008.01,2142.15184
1709366400000,62008.01,62125,61634.84,61821.97,1493.218814
1709380800000,61821.97,62166.45,61526.31,61778.01,1537.886266
1709395200000,61778.01,62111.04,61629.39,62111.03,855.281988
1709409600000,62111.03,62195.46,61688.01,61997.15,977.084242
1709424000000,61997.15,62008.38,61637.91,61930,968.651528
1709438400000,61930,62094.73,61307.46,61596.29,2003.531211
1709452800000,61596.29,61896.9,61399.39,61843.56,1952.931875
1709467200000,61843.56,62636.99,61822,62170.29,3398.236947
1709481600000,62170.29,62994.84,62100.01,62728.72,2321.308804
1709496000000,62728.72,63245.79,62570,63112.77,1831.539176
1709510400000,63112.77,64282.99,62205.94,63457.22,8657.436144
1709524800000,63457.22,64300,63218.59,64057.36,2272.018287
1709539200000,64057.36,65576.59,64015.37,65222.08,7051.073357
1709553600000,65222.08,66593.68,64565.19,66437.23,5966.81206
1709568000000,66437.23,67521.17,66050,67400.12,4858.207048
1709582400000,67400.12,68500,66765.93,68245.29,5439.427679
1709596800000,68245.29,68692.16,67528.98,68114.61,5524.08089
1709611200000,68114.61,68390.05,65011.8,66147.9,7719.794142
1709625600000,66147.9,67154.7,65525,66654.47,4026.839671
1709640000000,66654.47,69138,66362.82,66772.76,10263.158511
1709654400000,66772.76,66992.28,59085.56,61435.16,14834.984094
1709668800000,61435.16,64359.84,61205.71,63723.09,7572.080624
1709683200000,63723.09,64144.96,62785.64,63270.52,5758.653634
1709697600000,63270.52,66768.96,63264.24,66681.24,8787.047897
1709712000000,66681.24,67663.16,66035.65,67296.8,5605.656554
1709726400000,67296.8,67589.49,64543.74,66478.88,10798.030475
1709740800000,66478.88,67478.77,66223.52,66743.36,4780.7251
1709755200000,66743.36,67364.8,65700.03,66066.49,2236.004419
1709769600000,66066.49,66468,65540.47,65850.84,2595.126411
1709784000000,65850.84,66464.55,65654.72,66384.8,2294.74964
1709798400000,66384.8,67270.69,66342,66903.2,2746.312137
1709812800000,66903.2,67902.28,66540,67254.54,4637.940337
1709827200000,67254.54,67999,67018.23,67497.25,3042.027451
1709841600000,67497.25,67917.27,66809.76,66818.02,2206.81755
1709856000000,66818.02,67262.41,66741.45,67150.48,1082.085758
1709870400000,67150.48,67652.48,66780.16,67229.14,988.780324
1709884800000,67229.14,67756.9,67028,67743.98,1098.41971
1709899200000,67743.98,70000,67084.17,67614.5,5741.742166
1709913600000,67614.5,68869.12,66064.19,68869.12,5954.090064
1709928000000,68869.12,69371.06,67774.5,68108.02,2633.080728
1709942400000,68108.02,68275,67852.91,68232.7,958.202837
1709956800000,68232.7,68532.67,68121.72,68279.7,617.76659
1709971200000,68279.7,68459.24,67942.83,68299.99,748.342138
1709985600000,68299.99,68512.5,68099,68288,757.981316
1710000000000,68288,68324.89,67992.29,68193.99,524.949595
1710014400000,68193.99,68440.76,68193.99,68316,460.399952
1710028800000,68316,69254.05,68204.04,69127.46,1460.073178
1710043200000,69127.46,69669,69020.03,69356.81,1212.289104
1710057600000,69356.81,69885,69157.08,69568.27,1658.379449
1710072000000,69568.27,69848.26,68637.1,69196.31,2065.978946
1710086400000,69196.31,69765.61,69119.64,69400.44,811.105328
1710100800000,69400.44,69453.89,68071.08,68944.01,1316.498833
1710115200000,68944.01,68951.85,66917.82,68583.77,3534.126453
1710129600000,68583.77,71328.44,68439.14,71034.86,5122.417715
1710144000000,71034.86,72232.08,71034.56,71480.02,4487.737608
1710158400000,71480.02,72662.5,71332.35,72000.86,3918.567888
1710172800000,72000.86,72797,71758.74,71971.29,2744.580627
1710187200000,71971.29,72743,71832.71,72076,1668.278042
1710201600000,72076,72455.55,71400,71635.11,2255.665631
1710216000000,71635.11,72356.16,71324,72128.01,1998.479468
1710230400000,72128.01,72376.98,71382.33,72028.11,1917.62659
1710244800000,72028.11,73130.5,70740.17,71707.96,5554.867647
1710259200000,71707.96,71839.99,68626.9,71346.47,7805.234331
1710273600000,71346.47,71537.96,70585.31,71447.64,2274.675731
1710288000000,71447.64,72215.91,71317.22,72059.1,1317.673642
1710302400000,72059.1,73223.21,71917.35,72888,2103.73528
1710316800000,72888,73656,72856.02,73068.01,1859.127856
1710331200000,73068.01,73183,71623.25,72631.2,4183.759831
1710345600000,72631.2,73374.45,72351.84,73351.97,1820.648787
1710360000000,73351.97,73419.38,72817.5,73079.4,986.127641
1710374400000,73079.4,73293.92,72484.02,73271.6,1023.280982
1710388800000,73271.6,73800,72672.03,73234.41,1763.438321
1710403200000,73234.41,73536.28,72632.29,72886.22,1117.88394
1710417600000,72886.22,73048.17,70561.04,70850.53,4671.981489
1710432000000,70850.53,71481.92,68578.85,69424.83,6333.403272
1710446400000,69424.83,71718.3,69316.33,71399.1,2313.593452
1710460800000,71399.1,72424.72,66700,68219.54,6520.798713
1710475200000,68219.54,68859.44,66896.89,68444.96,5788.637481
1710489600000,68444.96,68610.84,65600,67757.01,8051.398118
1710504000000,67757.01,68749.46,67412,68164.97,4569.724226
1710518400000,68164.97,70672.39,67505.55,68974.38,5114.962438
1710532800000,68974.38,69760.95,67391.07,69503,3246.986706
1710547200000,69503,70051.25,68920,69205.84,2909.240745
1710561600000,69205.84,69457.34,68590.9,69428.91,2352.18283
1710576000000,69428.91,69430.03,67719.28,68260.43,2284.018536
1710590400000,68260.43,68505.93,67521.28,68386.79,2718.321979
1710604800000,68386.79,68415.48,66634.55,66898.17,4404.143438
1710619200000,66898.17,67537.38,64752.6,65304.54,4946.125275
1710633600000,65304.54,66583.13,65134.51,66540.01,4098.751259
1710648000000,66540.01,66567.98,64530.02,65627.98,3420.28473
1710662400000,65627.98,67526.2,65285.68,66957.47,2830.442407
1710676800000,66957.47,68120.39,66423.16,67963.54,2532.574648
1710691200000,67963.54,68696.8,67758.38,68523.84,1853.405678
1710705600000,68523.84,68910,67960.01,68395.39,2009.986675
1710720000000,68395.39,68425.5,66797.12,67978.56,3528.080633
1710734400000,67978.56,68983.17,67705.01,68219.1,2905.774816
1710748800000,68219.1,68486.01,67293,68241.74,3102.371559
1710763200000,68241.74,68626.07,66621.82,67476.17,4300.321444
1710777600000,67476.17,68085.08,66530,66929.42,3432.695795
1710792000000,66929.42,67999.88,66929.42,67616,1851.957162
1710806400000,67616,68128,64873.42,65885.16,6198.562926
1710820800000,65885.16,65991.16,63582,64701.85,4812.238772
1710835200000,64701.85,64705.49,62509.01,63088.49,5125.773574
1710849600000,63088.49,64150,62403.57,64053.72,3986.190728
1710864000000,64053.72,65759.9,63968.65,64399.5,3722.427498
1710878400000,64399.5,64512.05,61544.78,61936.89,3355.744002
1710892800000,61936.89,63457.75,61633.95,61835.83,4223.453377
1710907200000,61835.83,63208.36,60760.82,62961.51,4385.468579
1710921600000,62961.51,63961.04,62640.21,63390.99,2764.8384
1710936000000,63390.99,64415.7,63066.46,63601.69,3906.92528
1710950400000,63601.69,66018.94,62033.01,65781.9,6049.634634
1710964800000,65781.9,68110.27,65650.09,67837.63,4924.056953
1710979200000,67837.63,68244.89,66332.85,66644.84,6118.098958
1710993600000,66644.84,67324.69,66070.68,66976.91,2221.563396
1711008000000,66976.91,67658.37,66641.27,67034.01,2618.580699
1711022400000,67034.01,67692.76,66070.01,66566.58,3280.171209
1711036800000,66566.58,67010.09,64860.56,65231.95,3379.382942
1711051200000,65231.95,65954.53,64519.94,65503.52,3088.946301
1711065600000,65503.52,66166.65,65147.67,65978.45,4027.939233
1711080000000,65978.45,66650,65746.12,66183.18,1226.780517
1711094400000,66183.18,66374.99,64065.01,64237.27,2007.730632
1711108800000,64237.27,64686.34,62600,63879.05,4380.062678
1711123200000,63879.05,64130.4,62717.1,63859.1,3050.10045
1711137600000,63859.1,63979.79,62270.04,63806.57,2448.629325
1711152000000,63806.57,64371.85,63000,63555.4,1293.024039
1711166400000,63555.4,64864.42,63506.01,64570.34,902.777664
1711180800000,64570.34,64839,64183.19,64635.8,1054.269124
1711195200000,64635.8,65416.65,64275.36,65102.77,1505.435429
1711209600000,65102.77,66012.39,64763.11,64864.07,1576.428755
1711224000000,64864.07,65194.77,63867.69,63990.83,829.097274
1711238400000,63990.83,64727.27,63949.81,63969.31,755.360663
1711252800000,63969.31,64593.78,63800.01,64583.99,964.695346
1711267200000,64583.99,65346.23,64469.92,65323.3,1380.205171
1711281600000,65323.3,65927.07,65162.3,65660.47,1379.585748
1711296000000,65660.47,66016.18,64600,65842.82,2277.168954
1711310400000,65842.82,67639.99,65731.65,67212.25,2872.976018
1711324800000,67212.25,67358.39,66375.89,67356.08,2044.286021
1711339200000,67356.08,67737.65,66705.37,66800,2949.078511
1711353600000,66800,67325.31,66730.51,66819.91,4204.779962
1711368000000,66819.91,70025.66,66807,69783.47,6371.72886
1711382400000,69783.47,71000,69419.54,70954.06,2539.830119
1711396800000,70954.06,71153.75,69531.76,69859.1,2343.807619
1711411200000,69859.1,70611.11,69716.42,70420.68,2338.956176
1711425600000,70420.68,71560,70278.83,70492.71,3976.412541
1711440000000,70492.71,71290.26,70305.2,70697.98,4452.564145
1711454400000,70697.98,71142.84,69276.3,70244.69,4161.143963
1711468800000,70244.69,70519.7,69407.42,69472.15,2108.429697
1711483200000,69472.15,70318.67,69390.67,69997.04,1146.593378
1711497600000,69997.04,70759.86,69830.52,70389.08,1252.981001
1711512000000,70389.08,70583.03,69639.98,69733.19,1200.901458
1711526400000,69733.19,70366.99,69408.01,70223.32,1459.182543
1711540800000,70223.32,71795.69,68507.01,68852.02,5957.956562
1711555200000,68852.02,69423.04,68342.72,68642.87,2657.241446
1711569600000,68642.87,69634.52,68607.33,69470.79,1445.026717
1711584000000,69470.79,70000,68901.22,69295.11,1289.068263
1711598400000,69295.11,70480,69275.17,70401.52,1317.775585
1711612800000,70401.52,70981,70289.01,70643.52,1525.91793
1711627200000,70643.52,71533.12,70339.27,71297.48,2751.881814
1711641600000,71297.48,71330.91,70401.32,70806.6,1473.881545
1711656000000,70806.6,71080.88,70540.82,70793.65,858.530145
1711670400000,70793.65,70930.72,70293.41,70447.92,995.725478
1711684800000,70447.92,70549.37,69743.34,69780.28,1045.678113
1711699200000,69780.28,70329.81,69557.01,70135.91,1187.955974
1711713600000,70135.91,70646.23,69000,69183.06,2019.225536
1711728000000,69183.06,69681.79,69070.42,69667.1,1295.544523
1711742400000,69667.1,69919.99,69272.74,69855.27,794.642583
1711756800000,69855.27,70175.8,69702.12,69778.32,585.861152
1711771200000,69778.32,70325,69743,69847.42,557.338011
1711785600000,69847.42,70193.84,69808.38,70183.64,478.201845
1711800000000,70183.64,70270.49,69914.51,70001.72,427.914784
1711814400000,70001.72,70297.38,69656.39,69880.47,655.75116
1711828800000,69880.47,69914.58,69535.05,69588.47,511.981642
1711843200000,69588.47,70162.1,69555.01,69914.91,561.155301
1711857600000,69914.91,70468.73,69870,70304.46,672.13134
1711872000000,70304.46,70479.99,70132,70371.05,407.232518
1711886400000,70371.05,70739.45,70274.01,70383.39,582.988623
1711900800000,70383.39,71248.39,70313.9,71025.32,1064.509329
1711915200000,71025.32,71388.44,70620,71294.77,929.132368
1711929600000,71294.77,71304.81,70529.16,70584.2,1029.914195
1711944000000,70584.2,70658.13,68860.38,69595.32,2417.685643
1711958400000,69595.32,69799.23,69148.51,69466.14,1265.796776
1711972800000,69466.14,70090.82,68159.01,68237.44,3239.316584
1711987200000,68237.44,69823.52,68050,69646.91,2166.505941
1712001600000,69646.91,69932.56,69323.31,69650.61,1153.171052
1712016000000,69650.61,69684.7,65770.81,66707.99,4262.494465
1712030400000,66707.99,67122.42,66111.02,66462.04,2445.989913
1712044800000,66462.04,66696.54,65060,65618.43,4522.56867
1712059200000,65618.43,66256.27,64577.93,64885.53,4083.564516
1712073600000,64885.53,66199.99,64580.02,65910.6,2654.911909
1712088000000,65910.6,66120.65,65196.36,65469.99,1484.902686
1712102400000,65469.99,66299.56,64434.42,66218.44,2251.789592
1712116800000,66218.44,66483.99,65920.01,66141.55,1435.668797
1712131200000,66141.55,66642.98,65531.25,66050.7,2232.454663
1712145600000,66050.7,66913.44,65621.97,65836.32,3073.196025
1712160000000,65836.32,66603.44,65458.01,65777.11,2140.575709
1712174400000,65777.11,66295.94,65475,65963.09,1290.540446
1712188800000,65963.09,66360,65463.91,65617.48,1349.901414
1712203200000,65617.48,66287.76,65061.3,66089.49,1519.059136
1712217600000,66089.49,66480,66015.76,66347.09,1029.024528
1712232000000,66347.09,67939.07,66319.9,67644.2,2536.543283
1712246400000,67644.2,69324.99,67518.13,68497.94,3044.616719
1712260800000,68497.94,68567.8,67282.53,68494.29,2726.320238
1712275200000,68494.29,68756.34,67428.58,67869.68,2021.646066
1712289600000,67869.68,68040,66364.75,66929.5,2282.322991
1712304000000,66929.5,67688.01,66375.19,66480,2007.942367
1712318400000,66480,68583.32,65955,68176.37,3324.682558
1712332800000,68176.37,68377.36,67306.65,67403.07,2135.930542
1712347200000,67403.07,67974.99,67336.93,67825.07,1163.586292
1712361600000,67825.07,68065.17,67454.28,67795.33,936.955626
1712376000000,67795.33,68235.22,67609.16,68000.6,745.970689
1712390400000,68000.6,68129.3,67620.01,67671.75,683.817111
1712404800000,67671.75,68310.25,67534.07,68101.3,776.756783
1712419200000,68101.3,68497.25,67940.55,68264.41,930.613564
1712433600000,68264.41,69683.09,68152.25,68894.75,1213.847582
1712448000000,68894.75,69781.59,68812.49,69403.21,1261.39438
1712462400000,69403.21,69497.99,69051.07,69359.99,712.523936
1712476800000,69359.99,69569.99,69201,69356.26,715.107993
1712491200000,69356.26,69889.99,69202.75,69552.48,1562.887503
1712505600000,69552.48,70334.3,68867.74,69066.58,2025.022355
1712520000000,69066.58,69497.83,68893.48,69352.38,874.329076
1712534400000,69352.38,69855.2,69040,69459.83,1207.652207
1712548800000,69459.83,70843.99,69267.1,70704.54,1756.857357
1712563200000,70704.54,72650,70625.57,72396.23,3656.082876
1712577600000,72396.23,72784.7,71235,71772.68,3049.698558
1712592000000,71772.68,72123.94,71291.66,71766.96,1873.612237
1712606400000,71766.96,72022.35,71491.83,71630.31,893.080796
1712620800000,71630.31,71766.96,70850,71290.45,1321.736984
1712635200000,71290.45,71348.43,70150.91,70394.44,1734.386638
1712649600000,70394.44,70904.99,69562.01,70799.07,2164.522607
1712664000000,70799.07,70981.3,68528.08,69269.21,3672.691379
1712678400000,69269.21,69321.12,68180.01,68997.06,2095.121627
1712692800000,68997.06,69434.33,68877.96,69140.58,911.821941
1712707200000,69140.58,69590.15,68455.09,69142.04,1601.812629
1712721600000,69142.04,69523.86,68998.17,69337.49,1016.61821
1712736000000,69337.49,69344.98,68620.7,69042.52,1460.45421
1712750400000,69042.52,69216.27,67500,68659.64,3805.719188
1712764800000,68659.64,70090.87,68560,70084.22,2739.408714
1712779200000,70084.22,71189.61,69570.32,70629.34,1898.102515
1712793600000,70629.34,71063.77,70271.2,70847.89,1336.540743
1712808000000,70847.89,71308.61,70365,70739.11,1413.278299
1712822400000,70739.11,71263.57,69852.84,69980.7,1809.674566
1712836800000,69980.7,71088.99,69555,70003.1,3204.76346
1712851200000,70003.1,70549.37,69571.25,70465.48,2047.060416
1712865600000,70465.48,70765,69785.09,70006.3,1286.331362
1712880000000,70006.3,71000,69986.61,70970.83,1449.304326
1712894400000,70970.83,71249.99,70571.59,70767,1311.461089
1712908800000,70767,70975.53,70489.26,70900.01,1084.157371
1712923200000,70900.01,70975.06,69231.8,69345.01,2532.607229
1712937600000,69345.01,69597.05,65000,66825.58,7180.343914
1712952000000,66825.58,67445.81,66661.59,67112.38,1889.407903
1712966400000,67112.38,67169.43,65730.24,67156.81,2375.356083
1712980800000,67156.81,67944.98,67010.2,67443.08,1803.114683
1712995200000,67443.08,67837.63,67084.14,67357.77,1283.595863
1713009600000,67357.77,67944.97,67161.99,67679.4,1946.269127
1713024000000,67679.4,67771.49,63537.7,64731.77,6854.077534
1713038400000,64731.77,65614.82,60000.01,63928.07,12317.613257
1713052800000,63928.07,64300,62119.08,63423.76,4257.940138
1713067200000,63423.76,64896.77,63377.2,64476.23,3280.265781
1713081600000,64476.23,64909.43,63876.63,64177.13,2732.799584
1713096000000,64177.13,64858,63456,64189.88,3122.899029
1713110400000,64189.88,64754.57,62556.82,64172.79,4215.989096
1713124800000,64172.79,65859.56,63317.53,65663.91,3213.715146
1713139200000,65663.91,65887.37,64934.16,65145.49,2929.444006
1713153600000,65145.49,66577.74,64680,66250.54,3941.476232
1713168000000,66250.54,66866.04,65808.5,65850,3433.64524
1713182400000,65850,66398.84,63798.55,64565.26,5242.750297
1713196800000,64565.26,64875,62256.13,63290.99,6418.331066
1713211200000,63290.99,63626.08,62635,63430.69,3086.884219
1713225600000,63430.69,63909.16,62741.45,62964,3005.447359
1713240000000,62964,63809,61668.72,63519.01,3693.227395
1713254400000,63519.01,63672.37,61575.76,63096.02,4992.763721
1713268800000,63096.02,63437.12,61733.99,61774.21,5011.96887
1713283200000,61774.21,63295.5,61700,62717.74,4356.548857
1713297600000,62717.74,64419.77,62550,63795.53,2580.432251
1713312000000,63795.53,64311.09,63571.25,63842.21,2154.071565
1713326400000,63842.21,64518.5,63222.6,63289.14,3087.701395
1713340800000,63289.14,63586.74,62533.28,62595.36,3009.000884
1713355200000,62595.36,62978.7,59865.32,60301.13,7918.604707
1713369600000,60301.13,61965,59652.26,61027.59,5328.726705
1713384000000,61027.59,61766.47,60773.19,61278.19,2357.250905
1713398400000,61278.19,62236.67,60936.4,61988.71,2967.293946
1713412800000,61988.71,62084.47,60793.57,61181.7,3591.16695
1713427200000,61181.7,63078.08,60843.52,62591.57,3781.420675
1713441600000,62591.57,64136.23,61582.75,63502.6,5869.745167
1713456000000,63502.6,63884.6,62317.38,63489.96,4320.578914
1713470400000,63489.96,63833.24,63170.18,63471,2144.689036
1713484800000,63471,63471,59580,61782.79,6203.421725
1713499200000,61782.79,65199.72,61768.73,64542.74,6983.16103
1713513600000,64542.74,65428.68,64139.39,64877.01,4172.233968
1713528000000,64877.01,65453.07,63818.51,64440,4253.273282
1713542400000,64440,64831.82,63500.03,64331,3874.622984
1713556800000,64331,64500,62927.43,63812.9,2444.460526
1713571200000,63812.9,64249.9,63083.01,63967.99,1967.989996
1713585600000,63967.99,64277.68,63812.37,63973.01,1030.820643
1713600000000,63973.01,63994,63269.23,63713.96,1463.109615
1713614400000,63713.96,64989.9,63563,64810,1249.590992
1713628800000,64810,65429.99,64454.55,64857.99,1938.971639
1713643200000,64857.99,65031.7,64549.87,64939,788.976687
1713657600000,64939,65704.84,64602.44,65169.01,1274.734224
1713672000000,65169.01,65249.98,64840.06,65147,903.433577
1713686400000,65147,65453.01,64770,65234.49,996.83274
1713700800000,65234.49,65374.99,64779.8,65042.6,1010.408094
1713715200000,65042.6,65094.55,64231.29,64537.99,1511.14534
1713729600000,64537.99,65172.16,64351,64943.17,1349.873191
1713744000000,64943.17,66100,64504,65710.31,2676.367834
1713758400000,65710.31,66491.22,65514.41,65977.5,2868.238223
1713772800000,65977.5,66215,65699.82,65881.61,2017.795596
1713787200000,65881.61,66485.41,65623.73,65996.14,2624.015003
1713801600000,65996.14,66833.5,65906.33,66527,2254.408905
1713816000000,66527,67240.79,66330.01,66811.56,1871.310227
1713830400000,66811.56,67181.6,66402.64,66431.99,1755.719625
1713844800000,66431.99,66643.52,66007.39,66103.55,3037.698547
1713859200000,66103.55,66325,65845.65,66051.11,1494.989212
1713873600000,66051.11,67139.98,65790.31,66430.31,2840.569794
1713888000000,66430.31,66915,66348.75,66494.71,1857.440196
1713902400000,66494.71,66498.27,65976.44,66417.53,1394.620663
1713916800000,66417.53,66914.22,66391.54,66627.07,2325.515469
1713931200000,66627.07,67088.8,66548.71,66621.41,2798.012006
1713945600000,66621.41,66756.54,66209.78,66581.73,1738.74669
1713960000000,66581.73,66750,64507.24,64614.79,4069.085509
1713974400000,64614.79,65148.49,63763.1,63981.96,3145.179179
1713988800000,63981.96,64454.75,63602,64286.9,2094.942133
1714003200000,64286.9,64748.2,63850.97,64290.01,1768.910687
1714017600000,64290.01,64403.7,63824.21,64023.68,2273.987467
1714032000000,64023.68,64195.2,63330.09,63851.21,3226.821481
1714046400000,63851.21,64300.24,62777.36,64137.56,3705.082791
1714060800000,64137.56,64982.13,63957.41,64753.87,3895.579261
1714075200000,64753.87,65303,64432.51,64495.92,2590.88477
1714089600000,64495.92,64673.46,63860.15,64386.65,2949.609398
1714104000000,64386.65,64618.27,64000.01,64276.72,3098.446362
1714118400000,64276.72,64579.99,64050,64245.44,3277.649718
1714132800000,64245.44,64822.78,63331.1,63509.76,4090.785497
1714147200000,63509.76,64171.87,63313.7,63744.56,2363.427238
1714161600000,63744.56,64114.3,63682.01,63777.35,1361.896856
1714176000000,63777.35,63929.01,62395.8,63085.01,2519.545912
1714190400000,63085.01,63193.58,62784.17,62976.49,1547.594628
1714204800000,62976.49,63071.45,62672.67,62863.79,1467.963335
1714219200000,62863.79,63426.22,62800.83,62964.32,1738.478021
1714233600000,62964.32,63645.58,62727.07,63353.38,3243.543591
1714248000000,63353.38,63563.81,63142.85,63455.86,993.932266
1714262400000,63455.86,64374.92,63453.45,64020,1910.395209
1714276800000,64020,64071.97,63798.08,63923.03,1387.307008
1714291200000,63923.03,63996.26,63357.51,63488.21,2283.94165
1714305600000,63488.21,63875,63417.93,63542.38,1721.533321
1714320000000,63542.38,63989,63482.43,63725.65,1595.456264
1714334400000,63725.65,63750.88,62759,63121.38,2127.037642
1714348800000,63121.38,63375,62127.1,62286.42,2926.989452
1714363200000,62286.42,62646.2,61910,62407.87,3133.724401
1714377600000,62407.87,62694.11,62169.95,62260.69,2320.213525
1714392000000,62260.69,63121.96,61774.09,63048.73,3701.824506
1714406400000,63048.73,63234.06,62540.08,62987.12,2505.372598
1714420800000,62987.12,64218.75,62820.41,63867.84,1864.903718
1714435200000,63867.84,64735.32,63104.51,63646.55,2458.615544
1714449600000,63646.55,63716.33,63062.69,63147.65,1626.339916
1714464000000,63147.65,63242.29,61016.92,61211.09,4692.350614
1714478400000,61211.09,61567.73,60535.48,60793.06,4450.548519
1714492800000,60793.06,60914.19,59180.12,59292.11,3818.381826
1714507200000,59292.11,61080.07,59272.48,60681.36,3094.371584
1714521600000,60681.36,60856.77,59574.05,60241.81,2330.788437
1714536000000,60241.81,60359.5,57075.02,57505,4982.360435
1714550400000,57505,57920.69,56542.32,57894.99,4557.730256
1714564800000,57894.99,58285.7,56679.75,56885.63,3652.785676
1714579200000,56885.63,59474.99,56627.93,56965.21,5603.619322
1714593600000,56965.21,58570.66,56760.01,58341.1,2784.093089
1714608000000,58341.1,58596.15,56937.51,57439.9,2406.659793
1714622400000,57439.9,57947.27,57201.86,57671.38,1914.565654
1714636800000,57671.38,58687.45,57567.51,58555.51,2728.873887
1714651200000,58555.51,59465.76,58219.72,59258.3,4504.994175
1714665600000,59258.3,59577.37,58936.17,59353.49,2470.987132
1714680000000,59353.49,59633.32,58635,59063.6,2164.72246
1714694400000,59063.6,60049.75,58807.61,59719,2516.293438
1714708800000,59719,59846.08,59050.61,59185.94,1699.673994
1714723200000,59185.94,59581.03,58852.85,59300.34,2065.424362
1714737600000,59300.34,62125,58991.8,61683.67,5879.489394
1714752000000,61683.67,62193.99,61530.23,62057.54,2580.286287
1714766400000,62057.54,63343.66,61968.77,62877.97,2933.216388
1714780800000,62877.97,63630,62542.46,62719.28,1780.952761
1714795200000,62719.28,63461.09,62674.56,62963.32,1600.494001
1714809600000,62963.32,64539.04,62930.98,63884.99,2387.166124
1714824000000,63884.99,64181.68,63448.63,63607.6,1878.805788
1714838400000,63607.6,64019.95,63319.22,63911.82,1416.275366
1714852800000,63911.82,64211.11,63516.98,63894.37,1134.073179
1714867200000,63894.37,64199.29,62880,63242.67,2175.177136
1714881600000,63242.67,63967.13,63119.56,63735.94,1215.437065
1714896000000,63735.94,63940,63541.39,63866.63,1499.924135
1714910400000,63866.63,64661.14,63620.01,64431.2,2109.742236
1714924800000,64431.2,64562.49,63810.01,63879.82,1629.757216
1714939200000,63879.82,64236,63551.01,64020.72,1001.978844
1714953600000,64020.72,64484.34,63700,63871.52,1281.238631
1714968000000,63871.52,64599.58,63772.03,64537.63,1610.525074
1714982400000,64537.63,65513.99,63814.16,64223.04,3744.22176
1714996800000,64223.04,64363.86,62914.91,63627.3,3335.103824
1715011200000,63627.3,63748.66,62685,63229.5,2812.142479
1715025600000,63229.5,63628.34,63042.26,63166.31,1227.483094
1715040000000,63166.31,63983.57,62832.12,63234.25,2106.814433
1715054400000,63234.25,63869.46,63026.77,63679.19,1847.046675
1715068800000,63679.19,64419.12,63357.05,63497.49,2449.330428
1715083200000,63497.49,64326.77,63046.49,63742.27,2678.503787
1715097600000,63742.27,63899.8,62806.3,63064.99,1990.67312
1715112000000,63064.99,63210,62251.4,62326.12,1975.440936
1715126400000,62326.12,62983.89,62096.75,62895.8,1893.720546
1715140800000,62895.8,63029.99,62071.98,62214.13,1867.530404
1715155200000,62214.13,62524.28,62040.01,62245.79,1961.733245
1715169600000,62245.79,62841.64,61780.77,62283.48,3040.872789
1715184000000,62283.48,62774.11,61938.04,62181.64,2088.979444
1715198400000,62181.64,62247.94,60881,61198.46,2334.70375
1715212800000,61198.46,61811.77,61143.9,61670.65,1096.809674
1715227200000,61670.65,61787.8,61125.08,61256.54,1226.581147
1715241600000,61256.54,61455,60611.03,61059.09,2177.884358
1715256000000,61059.09,62286.64,60881.71,62158.29,3060.549283
1715270400000,62158.29,62689.59,61744.77,62449.65,2433.180217
1715284800000,62449.65,63436.46,62336.01,63072.51,1856.626351
1715299200000,63072.51,63095.9,62650,62910.27,1539.146122
1715313600000,62910.27,63382.2,62666,63071.87,1918.12264
1715328000000,63071.87,63321.2,62775.26,63297.47,1508.870106
1715342400000,63297.47,63465,60691.18,60923.93,4798.908282
1715356800000,60923.93,61304.33,60180,60705.98,4273.563591
1715371200000,60705.98,61010.8,60454.4,60803.75,1453.02463
1715385600000,60803.75,61099,60651.79,60734.06,810.814126
1715400000000,60734.06,61084.41,60705.63,61018.81,654.996339
1715414400000,61018.81,61065,60480.01,60683.11,1363.856082
1715428800000,60683.11,61520,60633.51,61182.65,1621.383049
1715443200000,61182.65,61414.58,61011.86,61139.96,1179.597649
1715457600000,61139.96,61156.96,60758.23,60834.11,847.940764
1715472000000,60834.11,61110,60788.53,60930.35,706.704481
1715486400000,60930.35,61123,60603.69,60830.03,707.343159
1715500800000,60830.03,61376.14,60784.27,61143.03,1084.677685
1715515200000,61143.03,61570.7,61069.62,61417.34,1187.117008
1715529600000,61417.34,61891.49,61157.22,61412.34,1643.096145
1715544000000,61412.34,61549.3,60900.01,61478.29,1210.275657
1715558400000,61478.29,61805.51,60750,61159.91,3083.995575
1715572800000,61159.91,62447.39,60792.13,62328.66,2708.92036
1715587200000,62328.66,63300,62326.45,62732.68,3731.76068
1715601600000,62732.68,63223.96,62419.77,63014.3,3529.969635
1715616000000,63014.3,63468.56,62562.77,63172.7,3041.626186
1715630400000,63172.7,63202.23,62708.66,62932.71,1151.590682
1715644800000,62932.71,63113.25,62389.61,62473.67,2598.379782
1715659200000,62473.67,62768.28,61400.18,62029.76,2721.240599
1715673600000,62029.76,62042.15,61520.7,61801.11,1638.436008
1715688000000,61801.11,62318.1,61101,61786.16,3906.099176
1715702400000,61786.16,61822.11,61142.72,61589.37,2697.273317
1715716800000,61589.37,61783.06,61464.99,61574.29,1039.842942
1715731200000,61574.29,62034.28,61337.16,61954.91,1401.635272
1715745600000,61954.91,62281.09,61817.13,62193.1,1471.444552
1715760000000,62193.1,62990.26,61923.04,62475.18,2925.55044
1715774400000,62475.18,65064.39,62414.15,64706.65,6095.762791
1715788800000,64706.65,66425.33,64706.65,65997.47,4177.411232
1715803200000,65997.47,66458.49,65733.93,66211.22,2315.890597
1715817600000,66211.22,66685.2,65769.2,65971.1,2006.078812
1715832000000,65971.1,66287.9,65651.56,66147.11,1593.681772
1715846400000,66147.11,66585,66000,66496.29,2098.407777
1715860800000,66496.29,66769.85,65343.36,65825.5,5236.953139
1715875200000,65825.5,65832.99,64600,65185.23,3782.906633
1715889600000,65185.23,65506.67,65045.1,65242.59,1272.020377
1715904000000,65242.59,65887.76,65102.17,65590.45,1598.346336
1715918400000,65590.45,66510.45,65370,66383.43,1971.975904
1715932800000,66383.43,66570,66066.31,66218.91,1875.288082
1715947200000,66218.91,67458.04,65809.4,67195.37,3929.360894
1715961600000,67195.37,67292.01,66201.53,67042.64,3357.523045
1715976000000,67042.64,67057.02,66670.57,67007.99,936.031521
1715990400000,67007.99,67082.99,66727.75,66946.01,1378.410029
1716004800000,66946.01,67234.86,66721.11,66880.55,1033.148723
1716019200000,66880.55,67379.43,66833.01,67190.59,1453.3364
1716033600000,67190.59,67229.93,66567.4,66807.46,2063.510438
1716048000000,66807.46,67001.2,66707.3,66908.26,900.218911
1716062400000,66908.26,67048.82,66777.27,66909.33,565.818813
1716076800000,66909.33,67298.13,66836.62,67159.07,811.228017
1716091200000,67159.07,67333.69,66922.84,67322.43,1024.381433
1716105600000,67322.43,67730.88,66941.34,67324.1,2034.414282
1716120000000,67324.1,67327.3,66666,66887.05,1925.018215
1716134400000,66887.05,66992.35,65869.44,66032.21,2026.750333
1716148800000,66032.21,66466.38,65991.08,66267.58,1081.132821
1716163200000,66267.58,66772.7,66058.89,66673.73,1838.489007
1716177600000,66673.73,67297.19,66277.78,66821.03,2322.231095
1716192000000,66821.03,67356.33,66751.64,66999.99,2082.879129
1716206400000,66999.99,67520,66744.63,67428.69,3170.984886
1716220800000,67428.69,70070.7,67371.18,69989.82,6697.900716
1716235200000,69989.82,71556.13,68855,71432.8,4444.527207
1716249600000,71432.8,71981.11,70678.13,71285.51,2935.819034
1716264000000,71285.51,71399.73,70820.08,70882.35,2290.34339
1716278400000,70882.35,71453.97,70843.19,71123.96,2120.390564
1716292800000,71123.96,71450,69666,69830.97,4352.355493
1716307200000,69830.97,70275,69153.24,69295.63,3304.100911
1716321600000,69295.63,70382.73,69245.89,70153,1543.601737
1716336000000,70153,70383.6,69810.73,69955.57,2104.344111
1716350400000,69955.57,70082.49,69200.41,69715.78,3329.532688
1716364800000,69715.78,70275.7,69634.5,69733.18,1659.281288
1716379200000,69733.18,70640.94,69431.6,70455.8,3968.715165
1716393600000,70455.8,70677.47,69233.14,69639.92,2920.6256
1716408000000,69639.92,69978.91,68896.2,69163.1,2007.903321
1716422400000,69163.1,69630.62,69163.1,69451.1,1501.458269
1716436800000,69451.1,69863.9,69341.34,69734.29,3268.7977
1716451200000,69734.29,70067.72,69520.81,69972.99,2790.54948
1716465600000,69972.99,70096.43,67601,68075.85,4251.354443
1716480000000,68075.85,68178.22,66760,67200,3083.971917
1716494400000,67200,68373.93,66299.22,67971.36,4126.804839
1716508800000,67971.36,68023.16,67618.98,67886.99,1694.21271
1716523200000,67886.99,67928,66830.64,67164.7,2676.940987
1716537600000,67164.7,67529.99,66611.44,67349.11,1791.731462
1716552000000,67349.11,68434.35,66903.83,68340.7,2771.289303
1716566400000,68340.7,69257.66,67921.92,69112.78,2575.320146
1716580800000,69112.78,69221.39,68491.43,68563.06,1090.990382
1716595200000,68563.06,68915.87,68502,68753.42,922.113142
1716609600000,68753.42,68839.99,68612.75,68754.01,689.112223
1716624000000,68754.01,69625,68745.53,69080,1307.056137
1716638400000,69080,69292.46,68841.89,68936.99,1245.125985
1716652800000,68936.99,69275,68846.81,69150.41,656.711851
1716667200000,69150.41,69369.98,69040.77,69292.07,490.460022
1716681600000,69292.07,69318.98,68806.35,69075.89,925.294682
1716696000000,69075.89,69440,68925,69340.11,720.912163
1716710400000,69340.11,69558.4,68968.63,69136.47,1031.673275
1716724800000,69136.47,69400.51,68663.91,68849.57,1313.99282
1716739200000,68849.57,68971.45,68690.89,68906.94,1299.58879
1716753600000,68906.94,68912.72,68160,68510,1193.902528
1716768000000,68510,69305.76,68474.84,68877.17,4134.082194
1716782400000,68877.17,68911.76,68320,68652.94,2367.949735
1716796800000,68652.94,68936.84,68257.01,68438.07,3527.72178
1716811200000,68438.07,70536,68379.57,70369.79,3503.577771
1716825600000,70369.79,70696.14,69060.74,69267.83,1891.598162
1716840000000,69267.83,69896.1,69174.54,69431.61,1017.033878
1716854400000,69431.61,69593.09,67754.9,68057.9,2598.717239
1716868800000,68057.9,68147.09,67470,67684.89,2613.378672
1716883200000,67684.89,68893.32,67580.01,68396.89,2537.226988
1716897600000,68396.89,68566.56,67530,68381.23,3621.798753
1716912000000,68381.23,68622.06,67264.6,68431.12,3061.271558
1716926400000,68431.12,68667.41,68124.6,68406.58,1091.870552
1716940800000,68406.58,68936.58,68249.94,68827.84,2109.309502
1716955200000,68827.84,68936.84,67936,67954.31,1953.33002
1716969600000,67954.31,68043,67590.01,67774.15,3129.940906
1716984000000,67774.15,68275.09,67276.21,67380.04,3972.658044
1716998400000,67380.04,67749.99,67133.91,67279.26,2708.085976
1717012800000,67279.26,67859.1,67150.01,67648.85,2053.302022
1717027200000,67648.85,68218.63,67465.24,68123.47,2735.770003
1717041600000,68123.47,68426.04,67515.5,67585.25,3176.353952
1717056000000,67585.25,68116.16,67128.74,67814.77,3246.39612
1717070400000,67814.77,68835.77,67741.51,68535.41,3985.993587
1717084800000,68535.41,69520.23,68384.56,68672.12,3435.638257
1717099200000,68672.12,68679,68042.08,68356.69,1494.87795
1717113600000,68356.69,68742.42,68270.31,68536.49,806.490714
1717128000000,68536.49,68660.49,68070,68169.5,844.01258
1717142400000,68169.5,68464.07,67870,68356.18,1050.439423
1717156800000,68356.18,69053.77,67200,67212.93,3268.59092
1717171200000,67212.93,68009.59,66649,67680.84,2314.959757
1717185600000,67680.84,67806.66,67197.7,67541.3,926.344791
1717200000000,67541.3,67757.74,67435,67714.6,629.943814
1717214400000,67714.6,67812.76,67561.72,67627.27,506.470034
1717228800000,67627.27,67757.83,67603.27,67657.3,463.634163
1717243200000,67657.3,67878.36,67637.6,67687.6,594.02587
1717257600000,67687.6,67845.38,67552.22,67749.68,606.324998
1717272000000,67749.68,67894.64,67703.04,67763.27,424.803396
1717286400000,67763.27,67911.78,67641.01,67790.8,580.417385
1717300800000,67790.8,67870.65,67715.4,67724.71,405.308223
1717315200000,67724.71,68330,67372,68243.1,1034.007183
1717329600000,68243.1,68472.24,67789,68144.25,1781.956936
1717344000000,68144.25,68207.5,67290.07,67740.33,1632.213892
1717358400000,67740.33,67989.83,67575.9,67765.5,706.194831
1717372800000,67765.5,68790.28,67605,68391.69,1803.665541
1717387200000,68391.69,69212,68286.21,68891.62,2558.325188
1717401600000,68891.62,69332.03,68849.73,69090.4,2013.482431
1717416000000,69090.4,70298,68529.9,69621.47,4475.108599
1717430400000,69621.47,69720.47,68797.77,69213,2286.803356
1717444800000,69213,69502.07,68731.31,68808.04,1201.812792
1717459200000,68808.04,69369.21,68650.58,69163.88,1303.765319
1717473600000,69163.88,69279.99,68753.67,69022.82,1464.345158
1717488000000,69022.82,69198.58,68567.79,68956.92,2225.224261
1717502400000,68956.92,70512.15,68841.18,70450.57,4337.017199
1717516800000,70450.57,71081.56,70080.84,70427.22,3838.092082
1717531200000,70427.22,70738.69,70169.6,70535.9,1393.258044
1717545600000,70535.9,71299.23,70426.7,70941.75,1999.356424
1717560000000,70941.75,71375,70829.03,71207.59,1752.016746
1717574400000,71207.59,71244.56,70700,70967.87,1479.880215
1717588800000,70967.87,71747.43,70379.81,71584.34,3264.812518
1717603200000,71584.34,71772.99,70731.45,71286.67,2985.928111
1717617600000,71286.67,71365.91,70714.06,71113.08,1434.727044
1717632000000,71113.08,71248.99,70894.48,71053.04,1078.123311
1717646400000,71053.04,71114.14,70801.01,71027.25,1589.111103
1717660800000,71027.25,71191.89,70858.58,71169.67,1415.942169
1717675200000,71169.67,71662.99,70992.73,71308.7,3718.084024
1717689600000,71308.7,71393.32,70405.18,70485.99,2970.079204
1717704000000,70485.99,70972.98,70101.96,70799.8,1385.146928
1717718400000,70799.8,71020.32,70655.18,70994.88,936.127759
1717732800000,70994.88,71445.79,70992.18,71106.49,1653.429721
1717747200000,71106.49,71718.53,71040,71709.8,1578.154282
1717761600000,71709.8,72000,70618.49,71102.31,4933.35394
1717776000000,71102.31,71210.8,68369.24,69260.7,6008.998511
1717790400000,69260.7,69547.27,68982.22,69354.07,1422.290726
1717804800000,69354.07,69542.97,69276.08,69429.33,953.639124
1717819200000,69429.33,69587.35,69235.62,69587.19,748.804746
1717833600000,69587.19,69588.48,69315.91,69365.86,841.770596
1717848000000,69365.86,69498,69167.54,69424.09,1445.773796
1717862400000,69424.09,69494.3,69300,69453.14,1181.103458
1717876800000,69453.14,69477.29,69284.36,69301.94,603.5042
1717891200000,69301.94,69345,69133.84,69267.29,653.175737
1717905600000,69267.29,69434,69236.72,69301.95,459.768208
1717920000000,69301.95,69406.24,69282.54,69372.29,375.699392
1717934400000,69372.29,69777.04,69256.39,69507.63,1601.07381
1717948800000,69507.63,69853.68,69492.12,69712.51,1137.99192
1717963200000,69712.51,69838.44,69584.03,69643.54,739.779684
1717977600000,69643.54,69803.5,69426.16,69618.69,818.888621
1717992000000,69618.69,69683.1,69245.97,69297.74,1353.40469
1718006400000,69297.74,69546.24,69166.85,69469.36,1493.312234
1718020800000,69469.36,70232.13,69215.43,70061.49,3125.532022
1718035200000,70061.49,70137.06,69383.62,69503.14,2696.695139
1718049600000,69503.14,69694.48,69340.45,69528.41,1448.189408
1718064000000,69528.41,69581.02,67840,68447.91,4160.301735
1718078400000,68447.91,68447.91,67315.76,67568.77,3855.985462
1718092800000,67568.77,67666.72,66715,66895.07,4834.325703
1718107200000,66895.07,67288.54,66019.01,66235.35,5014.136355
1718121600000,66235.35,67587.21,66155.48,67409.19,4351.39223
1718136000000,67409.19,67587.95,67160.02,67313.8,1470.756031
1718150400000,67313.8,67604.5,66894.79,67407.83,2334.244531
1718164800000,67407.83,67617,67191.91,67451.1,1821.300089
1718179200000,67451.1,68059.92,67349.17,67782.3,1952.320476
1718193600000,67782.3,70025.73,67736.46,69731.1,5365.678069
1718208000000,69731.1,69877.34,67250.37,67538.55,6844.832141
1718222400000,67538.55,68665.19,67435,68264.02,1945.762954
1718236800000,68264.02,68395.38,66972.3,67464.8,2701.066544
1718251200000,67464.8,67741.23,67308.71,67730.91,1905.313291
1718265600000,67730.91,67977.66,67178.03,67751.3,2367.694033
1718280000000,67751.3,68472.61,66347.75,66460.47,7035.53195
1718294400000,66460.47,67076.03,66259.68,66604.6,3396.438055
1718308800000,66604.6,66989.78,66523.16,66775.46,1142.585786
1718323200000,66775.46,67030.72,66480.2,66751.8,2271.407301
1718337600000,66751.8,67224.24,66716.7,66914.14,1689.933568
1718352000000,66914.14,67267.51,66765.36,67036.78,2260.155728
1718366400000,67036.78,67368.34,66335,66388.53,3722.961257
1718380800000,66388.53,66527.47,65057.23,65512.98,5343.329015
1718395200000,65512.98,66627.7,65470.85,66047.32,2452.942722
1718409600000,66047.32,66293.02,65980,66271.82,1036.650323
1718424000000,66271.82,66417.22,66058.54,66077.35,1194.73926
1718438400000,66077.35,66349.06,66077.35,66313.3,663.464353
1718452800000,66313.3,66479.99,66160,66321.14,1373.202311
1718467200000,66321.14,66367.42,66069.73,66153.51,1282.417762
1718481600000,66153.51,66291.09,65843.41,66222.31,972.397118
1718496000000,66222.31,66270.97,66071.9,66142.69,752.25953
1718510400000,66142.69,66351.52,66037.23,66265.14,708.611654
1718524800000,66265.14,66771.79,66179.6,66482.85,1514.558504
1718539200000,66482.85,66800,66470.31,66699.77,1861.764702
1718553600000,66699.77,66741.84,66513.02,66556.7,1305.614406
1718568000000,66556.7,66980.19,66458.76,66673.72,1524.734945
1718582400000,66673.72,66914.73,66141.22,66225.79,2570.676584
1718596800000,66225.79,66572.35,65937.98,66177.55,2283.149709
1718611200000,66177.55,66320.48,65552.5,65809.5,3754.101846
1718625600000,65809.5,65830,65120.3,65364.06,4577.083307
1718640000000,65364.06,67305.58,65140.32,66690.41,4472.29235
1718654400000,66690.41,66772.24,66158.32,66485.46,2554.966946
1718668800000,66485.46,66589.1,64542.76,65502.04,5879.60941
1718683200000,65502.04,65857.14,65338.76,65676.94,3444.497998
1718697600000,65676.94,65756.81,65103.52,65365.51,2957.473419
1718712000000,65365.51,65436.32,64271,64699.27,6624.396989
1718726400000,64699.27,64909.48,64044.12,64413.79,4612.021105
1718740800000,64413.79,65310.37,64175.48,65178.29,3082.761954
1718755200000,65178.29,65613.13,64806.5,65413.36,3315.059422
1718769600000,65413.36,65733.44,65164.95,65332.25,2361.097825
1718784000000,65332.25,65540.28,65002.48,65207.1,2387.637838
1718798400000,65207.1,65311.48,64741.26,64921.57,2762.948266
1718812800000,64921.57,65288.11,64784.61,64879.32,1923.219925
1718827200000,64879.32,65098.19,64670,64964.02,1425.221642
1718841600000,64964.02,65420.82,64825.5,65193.5,2294.894179
1718856000000,65193.5,65980.15,65081.8,65863.06,2219.91854
1718870400000,65863.06,66487,65565.64,66174.32,2695.36131
1718884800000,66174.32,66306.87,64650.01,64821.57,5667.984156
1718899200000,64821.57,65219.24,64550,65058.61,3908.932534
1718913600000,65058.61,65193.91,64855.9,64876.83,943.80405
1718928000000,64876.83,65079.75,64347,64498.45,2316.419985
1718942400000,64498.45,64746.7,64181.16,64194.32,2338.633095
1718956800000,64194.32,64376.2,63477.75,63762.71,4637.067239
1718971200000,63762.71,64365.97,63368.63,63731.09,4779.343081
1718985600000,63731.09,64272.69,63461.9,64223.9,3672.84398
1719000000000,64223.9,64467.01,63833.32,64142.67,1254.926191
1719014400000,64142.67,64333.7,63937.5,64320.53,1132.556758
1719028800000,64320.53,64532.36,64241.17,64508.81,1295.490002
1719043200000,64508.81,64530.26,64208.39,64268.04,1074.946312
1719057600000,64268.04,64402.75,64246.05,64305.73,638.705172
1719072000000,64305.73,64365.03,64217.1,64291.41,514.945537
1719086400000,64291.41,64332.69,64239.91,64259.11,369.207641
1719100800000,64259.11,64519.68,64259.11,64414.85,873.281358
1719115200000,64414.85,64441.92,64339.09,64416.78,352.071488
1719129600000,64416.78,64436.48,64258.47,64342.24,551.209892
1719144000000,64342.24,64430.74,64060.42,64105.64,1102.329953
1719158400000,64105.64,64194.47,63923.07,64153.23,1559.507475
1719172800000,64153.23,64160.55,63163.63,63209.63,2428.607065
1719187200000,63209.63,63370.16,62675.1,62851.65,4084.396529
1719201600000,62851.65,62949.99,62149.99,62459.77,4420.58047
1719216000000,62459.77,62986.5,60511,61279.95,7308.274047
1719230400000,61279.95,61707.18,60670.12,60844.73,5573.558669
1719244800000,60844.73,61050,59045.82,59313.11,8004.181639
1719259200000,59313.11,60449.5,58382.94,60297.29,4961.138295
1719273600000,60297.29,61604.65,60256.49,61307.09,4283.060544
1719288000000,61307.09,61425.34,60613.85,60673.93,2312.652751
1719302400000,60673.93,61598.4,60651.57,61190.3,3124.164613
1719316800000,61190.3,62149.98,60960.82,61820.41,4640.150057
1719331200000,61820.41,62427.41,61139.96,61966.31,4084.453235
1719345600000,61966.31,62168.04,61662.22,61804.29,1178.620074
1719360000000,61804.29,62493.01,61638.71,61932.62,1839.625922
1719374400000,61932.62,61994.62,61516.7,61722.88,1901.425906
1719388800000,61722.88,61759.89,61155,61436.7,2694.296982
1719403200000,61436.7,61976.79,61166.36,61466.93,4200.02244
1719417600000,61466.93,61553.81,60704.75,60991.72,3445.328961
1719432000000,60991.72,61150.25,60708.61,60857.49,1579.771952
1719446400000,60857.49,61292.74,60755.07,61039.94,1941.377694
1719460800000,61039.94,61191.9,60607.7,60795.32,2842.404637
1719475200000,60795.32,61463.69,60727.04,61188.2,2566.617175
1719489600000,61188.2,62398.87,61147.3,61586.69,4484.26946
1719504000000,61586.69,62032.1,61408.38,61458.31,3007.6401
1719518400000,61458.31,61715.1,61346.81,61695.87,1900.428241
1719532800000,61695.87,62233.23,61468.26,61825.35,3121.127863
1719547200000,61825.35,61835.91,61225.46,61335.98,2428.613414
1719561600000,61335.98,61796.26,61198.5,61696.37,3159.045272
1719576000000,61696.37,61881.95,60740.84,61053.76,5620.270129
1719590400000,61053.76,61116.32,60075.27,60132.04,4876.817748
1719604800000,60132.04,60460.53,60038.29,60433.19,1465.622049
1719619200000,60433.19,61002.53,60400,60750.86,2292.386528
1719633600000,60750.86,61139.24,60690.53,61045.19,989.702275
1719648000000,61045.19,61239.61,60887.35,61102.31,1178.335253
1719662400000,61102.31,61186.96,60950,61110.72,1657.534794
1719676800000,61110.72,61131.42,60914.25,61050.01,981.095459
1719691200000,61050.01,61096.19,60813.5,60979.9,833.075211
1719705600000,60979.9,61084.12,60757.7,60895.08,1226.306665
1719720000000,60895.08,61790.08,60707.31,61534.58,1498.495871
1719734400000,61534.58,61718.04,61386.87,61555.2,1271.879812
1719748800000,61555.2,61855.31,61330.63,61718.44,1486.510055
1719763200000,61718.44,62111.11,61580.07,62025.74,1427.938176
1719777600000,62025.74,63068.91,61836.59,62772.83,2247.910079
1719792000000,62772.83,63825.78,62575.36,63436.69,3178.843767
1719806400000,63436.69,63480,63215.15,63281.28,1684.72988
1719820800000,63281.28,63317.5,62594.75,62668.75,2779.492742
1719835200000,62668.75,63164.85,62527.77,63134.18,4035.618567
1719849600000,63134.18,63863.88,62956.96,63217.02,4285.272556
1719864000000,63217.02,63431.06,62808.14,62893.02,1182.259307
1719878400000,62893.02,63295.86,62774.3,63134.07,1351.189579
1719892800000,63134.07,63251.1,62573.67,62624.66,1530.770218
1719907200000,62624.66,62862.7,62421.89,62826.89,2078.669024
1719921600000,62826.89,63170.69,61833.36,61947.19,3823.389908
1719936000000,61947.19,62375,61810.5,61943.48,2550.798561
1719950400000,61943.48,62184.23,61870.21,62131.02,1218.61854
1719964800000,62131.02,62286.36,60604.06,60992.87,3311.688076
1719979200000,60992.87,61193.78,60807.5,60863.2,1908.377961
1719993600000,60863.2,60985.28,59598.94,60380,4735.241139
1720008000000,60380,60746.64,59750.79,60182.29,4746.990353
1720022400000,60182.29,60665.49,59654.02,59662.29,3317.968292
1720036800000,59662.29,60373.44,59387.59,60211.1,1905.434634
1720051200000,60211.1,60503.22,57831.74,59107.94,4722.448883
1720065600000,59107.94,59157.83,58091.94,58224.14,3594.570989
1720080000000,58224.14,58504.22,56967.84,57765.9,5194.020702
1720094400000,57765.9,58350,56752.13,58144.13,5311.705219
1720108800000,58144.13,58672.04,57751.92,58279.92,3410.966527
1720123200000,58279.92,58822.45,56867.09,57056.28,3056.693131
1720137600000,57056.28,57555,54960.67,55232.18,5642.278288
1720152000000,55232.18,55361.17,53345.94,54406.49,5205.4059
1720166400000,54406.49,55660.25,53880.2,55487.96,3709.810926
1720180800000,55487.96,56683.5,54835.95,56675.4,4101.333754
1720195200000,56675.4,57055.6,55814.37,56465.79,3035.498521
1720209600000,56465.79,56872.48,56312.5,56631.52,1394.243947
1720224000000,56631.52,56999.95,56167.68,56411.1,1520.220414
1720238400000,56411.1,56684.77,56018.21,56597.82,1446.295627
1720252800000,56597.82,56888.8,56437.37,56742.41,1088.711752
1720267200000,56742.41,57450,56507.29,57321.17,2195.316728
1720281600000,57321.17,58117.2,57185.63,57859.22,2164.702323
1720296000000,57859.22,58485.47,57818.74,58239.99,1525.138212
1720310400000,58239.99,58445.8,57835.08,57961.67,1853.003766
1720324800000,57961.67,58012.84,57078.86,57381.16,1829.119959
1720339200000,57381.16,57922.17,57353.24,57450.51,1810.024144
1720353600000,57450.51,57624.99,56568.01,56829.57,1993.377179
1720368000000,56829.57,57398.25,56744.99,57150.92,1195.554905
1720382400000,57150.92,57321.89,55718.61,55864.83,2046.895912
1720396800000,55864.83,56030.01,54277.81,55156.09,2666.367922
1720411200000,55156.09,55908.35,54951.09,55859.08,1919.151681
1720425600000,55859.08,58220,55735.13,57152.78,3877.166477
1720440000000,57152.78,57631.84,54907.33,55752.79,4928.582504
1720454400000,55752.79,56575.73,55416.23,56478.02,2208.044941
1720468800000,56478.02,56983.23,56193.5,56711.66,1768.376529
1720483200000,56711.66,57365.22,56291.83,57166.74,2207.725799
1720497600000,57166.74,57764.66,57005.41,57119.27,1865.418809
1720512000000,57119.27,57908.33,57016.41,57428.84,2231.536542
1720526400000,57428.84,58156.96,56898.26,57471.05,3056.497196
1720540800000,57471.05,58312,57380,57860.34,2125.740046
1720555200000,57860.34,58263.09,57702.74,58048.52,1636.441291
1720569600000,58048.52,58208.43,57333.14,58179.51,2106.513109
1720584000000,58179.51,59482,58176.34,58968.88,4031.052836
1720598400000,58968.88,59037.68,58314.41,58495.65,2286.867263
1720612800000,58495.65,58578.57,57487.19,57699.09,3990.080231
1720627200000,57699.09,58020.85,57350.02,57392.08,2385.160534
1720641600000,57392.08,57881.49,57149.27,57733.33,1844.156368
1720656000000,57733.33,58395.04,57049.96,57565.71,2407.022443
1720670400000,57565.71,58317.29,57492.7,58196.79,2053.935931
1720684800000,58196.79,58897.8,58043,58765.61,2554.770799
1720699200000,58765.61,59559.73,57259.41,57406.92,5489.25743
1720713600000,57406.92,57996.33,57178.6,57382.26,1838.953322
1720728000000,57382.26,57638.74,57146.6,57343.88,1649.764979
1720742400000,57343.88,57584.2,56538.8,56915.36,2313.121279
1720756800000,56915.36,57406.07,56713.42,57100.42,1762.904489
1720771200000,57100.42,57332.87,56761.68,57207.03,2559.813589
1720785600000,57207.03,58280.32,57092.94,58214.91,3784.329709
1720800000000,58214.91,58536.45,57487.53,57575.13,2872.918792
1720814400000,57575.13,57913.78,57147.94,57891.49,1330.622276
1720828800000,57891.49,57985.18,57753.1,57815.57,1010.496661
1720843200000,57815.57,58214.88,57750,58162.49,1565.771368
1720857600000,58162.49,58851.47,57904.38,58540.99,2245.955922
1720872000000,58540.99,58907.17,58437.68,58835.5,1964.311385
1720886400000,58835.5,58976.97,58560.01,58620.76,1354.494101
1720900800000,58620.76,59858,58269.18,59204.58,2324.004008
1720915200000,59204.58,59850,59193.96,59464.99,2363.331685
1720929600000,59464.99,60314.72,59424.06,60059.5,2642.119833
1720944000000,60059.5,60406.37,59900.01,60104.51,1956.906332
1720958400000,60104.51,60236.94,59464.2,60082.77,2156.75094
1720972800000,60082.77,60186.35,59890.62,59909.58,1033.341235
1720987200000,59909.58,61433.24,59876.05,60791.33,2572.847293
1721001600000,60791.33,62800,60649.91,62653.48,3112.375121
1721016000000,62653.48,63097.59,62426.21,62840.55,3033.677899
1721030400000,62840.55,63284.75,62291.84,62459.92,2929.522927
1721044800000,62459.92,63331.9,62448,63026.4,3882.316561
1721059200000,63026.4,63813.89,62851,63343.19,4791.421005
1721073600000,63343.19,64912.45,63233.46,64721.37,3218.495764
1721088000000,64721.37,64971.67,64438.27,64753.67,2318.257003
1721102400000,64753.67,65000.32,62727.12,62920.44,4411.816681
1721116800000,62920.44,63867.25,62382.93,63756.68,3388.275233
1721131200000,63756.68,64973.33,63067,64865.66,4440.037046
1721145600000,64865.66,65224.45,64119.96,65158.5,3818.482743
1721160000000,65158.5,65399.96,64144.51,65047,2375.792377
1721174400000,65047,66129.54,64933.58,65696.41,2837.466453
1721188800000,65696.41,66006.51,65199.44,65250,2208.311178
1721203200000,65250,65510.4,64559.71,64728.65,2856.263217
1721217600000,64728.65,65409.08,64514.42,64720.22,3825.17456
1721232000000,64720.22,64768.48,63846.77,64588.9,2898.535634
1721246400000,64588.9,64684.83,64048.6,64085.63,1578.224739
1721260800000,64085.63,65115.42,63903.45,64869.72,2182.137317
1721275200000,64869.72,65080.68,64395.86,64672.11,2085.284915
1721289600000,64672.11,64957.94,64442.1,64754.89,2078.792829
1721304000000,64754.89,65119.53,63353.23,63533.62,3825.292875
1721318400000,63533.62,63962.56,63233.74,63565.88,2937.09195
1721332800000,63565.88,64128.09,63438.13,63994.11,1460.480252
1721347200000,63994.11,64396.52,63295.59,64333.96,2408.625234
1721361600000,64333.96,64493.37,63608.83,63709.42,1950.610689
1721376000000,63709.42,64191.86,63389.43,64125.98,2780.982835
1721390400000,64125.98,65900,64040,65843.98,4423.802842
1721404800000,65843.98,67397.34,65832.04,67150.22,5622.309637
1721419200000,67150.22,67355.53,66608.79,66660.74,2005.657065
1721433600000,66660.74,66827.26,66227.8,66604.3,1627.085869
1721448000000,66604.3,66775.37,66435.1,66562.96,949.166607
1721462400000,66562.96,66739.44,66457.57,66486.28,1021.509767
1721476800000,66486.28,66844.35,66285.45,66828.91,1352.408108
1721491200000,66828.91,67617.4,66675.42,67228.69,2822.615898
1721505600000,67228.69,67436.6,66785.27,67132.56,1792.292484
1721520000000,67132.56,67421.19,66957.32,67181.34,1187.965353
1721534400000,67181.34,67232.9,66588.64,66706,1364.155093
1721548800000,66706,67073.83,66674.13,66881.86,1067.099657
1721563200000,66881.86,67509.91,66580.01,67167.89,2286.997013
1721577600000,67167.89,67747.62,65777,67423.87,4563.925188
1721592000000,67423.87,68381,67275.78,68170.01,2937.862718
1721606400000,68170.01,68486.01,67748.03,67881.26,2383.282281
1721620800000,67881.26,68008.95,67127.56,67235.43,2016.13269
1721635200000,67235.43,67605.73,66955.44,67512.9,1807.721014
1721649600000,67512.9,67974.59,66498.24,67073.86,3875.94318
1721664000000,67073.86,68262.54,66810.3,68227.86,3595.426439
1721678400000,68227.86,68257.42,67187.49,67530.82,2864.710541
1721692800000,67530.82,67757.15,67211.48,67468.66,2188.663454
1721707200000,67468.66,67526.78,66255.8,66587.79,2925.711131
1721721600000,66587.79,67169.94,66439.38,66671.09,2979.030441
1721736000000,66671.09,67346.7,65948,66577.11,4831.86834
1721750400000,66577.11,66768.37,65429.98,65526.59,4380.647935
1721764800000,65526.59,66058.24,65468.72,65939.31,2359.758947
1721779200000,65939.31,66159.14,65476.25,66047.12,2548.551358
1721793600000,66047.12,66083.84,65614.8,66079.27,1724.052791
1721808000000,66079.27,66620.07,66001.22,66378.59,1921.449432
1721822400000,66378.59,67112.98,66091.75,66176.93,3652.822878
1721836800000,66176.93,66713.3,65563.39,65658.45,4023.439857
1721851200000,65658.45,66080.64,65072.02,65377.2,2400.713324
1721865600000,65377.2,65631.1,63859.17,64096.23,4726.956638
1721880000000,64096.23,64395.44,63781.21,64135.44,2227.652125
1721894400000,64135.44,64482.65,63862.56,64094.3,2918.823797
1721908800000,64094.3,65017.86,63443.43,64797.25,4380.592181
1721923200000,64797.25,65188.39,64378.6,64683.1,3740.860853
1721937600000,64683.1,66190.32,64408.35,65805.11,2837.714406
1721952000000,65805.11,67482.87,65722.43,67044.5,3596.248597
1721966400000,67044.5,67190,66869.46,66906.62,2002.906553
1721980800000,66906.62,67507.84,66896.74,67326.71,1875.045872
1721995200000,67326.71,68007.79,66883.17,67560.04,4130.764233
1722009600000,67560.04,68157.62,67303.91,67987.39,3279.755805
1722024000000,67987.39,68219.02,67413.66,67909.78,2078.988935
1722038400000,67909.78,68081.47,67633.34,67797.56,1394.386775
1722052800000,67797.56,68303.92,67781.88,68047.23,1164.262075
1722067200000,68047.23,68267.28,67905,68218.63,1291.428501
1722081600000,68218.63,69415.15,68199.96,68860.01,3290.370847
1722096000000,68860.01,68999.99,67700,68255.09,3369.302752
1722110400000,68255.09,69209.26,66635.03,67899.4,7135.43571
1722124800000,67899.4,68295,67259.71,67946.43,2220.148395
1722139200000,67946.43,68041.52,67052.69,67551.96,2131.551005
1722153600000,67551.96,68072.74,67214.16,67840.82,1979.738806
1722168000000,67840.82,68124.49,67585.42,67659.22,2174.732324
1722182400000,67659.22,68339.05,67621.97,68125.92,1992.896379
1722196800000,68125.92,68279.99,67817.81,68242.63,1203.099016
1722211200000,68242.63,69814.74,68164.39,69355.44,3493.929789
1722225600000,69355.44,69893.73,69262.13,69536.91,2564.261249
1722240000000,69536.91,69860,69372.61,69582.22,2182.081766
1722254400000,69582.22,70067.09,67657.77,68096.61,5395.464032
1722268800000,68096.61,68120.66,66421.36,67310.77,5356.467787
1722283200000,67310.77,67556.7,66600.64,66781.35,1905.825462
1722297600000,66781.35,66889.51,65855,66608.6,4141.424756
1722312000000,66608.6,66993.73,66312.74,66941.58,2198.249362
1722326400000,66941.58,66988.37,66401.61,66566.58,2010.933727
1722340800000,66566.58,66941.73,65550,66226.47,3786.358765
1722355200000,66226.47,66563.25,65553.32,65929.32,3243.303844
1722369600000,65929.32,66375.97,65299.25,66191.9,2045.550216
1722384000000,66191.9,66427.95,65879.28,66054.45,1466.33963
1722398400000,66054.45,66554.99,65486.87,66226.02,2126.611658
1722412800000,66226.02,66378.18,65944.3,66089.43,2022.981608
1722427200000,66089.43,66844.54,65973.24,66386.44,4076.892194
1722441600000,66386.44,66844.35,64912.04,65256.3,4385.458963
1722456000000,65256.3,65427.86,64524.9,64631.66,2893.082891
1722470400000,64631.66,64844.85,63749.96,63931.81,4404.580214
1722484800000,63931.81,64491.39,63574.31,64319.9,3713.629278
1722499200000,64319.9,64711.32,64303.88,64673.9,2716.923783
1722513600000,64673.9,64957.29,62664.44,62907.2,5825.202797
1722528000000,62907.2,63505.43,62276.07,63423.99,5823.438251
1722542400000,63423.99,65664.17,63332.25,65359.52,4165.297878
1722556800000,65359.52,65604.69,63662.03,64607.6,3511.490186
1722571200000,64607.6,64663.49,63789.36,64149.14,3640.400992
1722585600000,64149.14,64972.94,64036.71,64660.7,3424.661358
1722600000000,64660.7,65536.96,62418.65,63413.73,8239.299455
1722614400000,63413.73,63614.58,62507.64,62638.19,6117.96949
1722628800000,62638.19,63190.05,61220.51,61492.7,6061.21112
1722643200000,61492.7,61971.36,60496.41,61890.63,4933.208598
1722657600000,61890.63,61973.22,61385.48,61663.22,3077.172598
1722672000000,61663.22,62012.33,61454.03,61914.32,3603.866719
1722686400000,61914.32,62195.44,60830.07,60881.16,4161.587361
1722700800000,60881.16,61292.04,59921.36,60244.79,5370.831314
1722715200000,60244.79,60874.92,59845,60706.71,2901.957323
1722729600000,60706.71,61117.99,60319.97,60737.05,2942.346683
1722744000000,60737.05,60933.5,60250,60367.17,2795.847624
1722758400000,60367.17,61011,60108.18,60903.58,2606.122959
1722772800000,60903.58,61098.26,58954.19,59084.81,4370.218796
1722787200000,59084.81,59499.99,57141,59259.31,6709.240574
1722801600000,59259.31,59593.34,58001.53,58165.87,3206.010809
1722816000000,58165.87,58308.01,52224.74,53870.52,19314.000834
1722830400000,53870.52,54562.91,48974,52668.5,20500.375018
1722844800000,52668.5,53228.78,50625.14,51336.63,10920.702371
1722859200000,51336.63,54980.69,49544.77,54315.99,19992.758029
1722873600000,54315.99,55581.8,52546.93,53474.72,8268.312057
1722888000000,53474.72,55206.95,53454.73,54024.47,4374.836977
1722902400000,54024.47,56283.55,53946.16,55665.48,5130.497696
1722916800000,55665.48,56158.74,55235.31,56001.14,4541.338289
1722931200000,56001.14,56115.62,54565.63,55207.3,4929.761901
1722945600000,55207.3,56620.43,54376.72,56419.81,7232.76373
1722960000000,56419.81,57078.28,56238.15,56764.77,4182.952027
1722974400000,56764.77,56942.08,55788.23,56019.93,3851.109621
1722988800000,56019.93,57292.1,55557.79,56865.53,4559.649161
1723003200000,56865.53,57262.39,56542.01,56929.3,4122.442912
1723017600000,56929.3,57753,56865.62,56971.42,3443.895289
1723032000000,56971.42,57492.11,55693.27,56101.64,4492.932863
1723046400000,56101.64,56310.36,54662.58,54764.57,3752.399894
1723060800000,54764.57,55576.25,54548.7,55143.12,3816.266463
1723075200000,55143.12,57648.29,54736.64,57062.39,4057.80274
1723089600000,57062.39,57437.48,56675.34,57200.93,3089.889936
1723104000000,57200.93,57684.15,56972.42,57323.94,3698.008456
1723118400000,57323.94,59519.06,56683.42,59431.02,6851.78654
1723132800000,59431.02,59878,59230.12,59405.28,3884.143103
1723147200000,59405.28,62745.45,59281.21,61686.97,4492.888314
1723161600000,61686.97,61757.07,60764.67,61353.85,4035.577996
1723176000000,61353.85,61392.2,60572.71,60870.61,3661.172441
1723190400000,60870.61,61217.29,60162.18,60659.09,3873.990495
1723204800000,60659.09,61127.78,59520.53,59805.58,4731.473352
1723219200000,59805.58,60755.96,59722.77,60682.76,3187.714539
1723233600000,60682.76,60998.46,59920.34,60845.02,3387.621762
1723248000000,60845.02,61484.99,60273.8,60444.5,3884.12823
1723262400000,60444.5,60865.23,60240.58,60845.64,3893.594841
1723276800000,60845.64,61118.45,60618.54,60929.19,3441.504083
1723291200000,60929.19,60955.83,60410.54,60517.45,3050.072779
1723305600000,60517.45,61231.81,60403.77,61017.3,4645.166672
1723320000000,61017.3,61172.53,60756.67,60923.71,4076.14808
1723334400000,60923.71,61398.18,60892.31,61090.85,4815.569343
1723348800000,61090.85,61274.6,60876.19,61256.16,4713.036246
1723363200000,61256.16,61878.81,60413.71,60669.34,5306.567618
1723377600000,60669.34,60755.82,59917.45,60127.76,4412.031716
1723392000000,60127.76,60356.37,59541,59627.37,4152.563647
1723406400000,59627.37,59677.77,58293.1,58726.67,4802.934195
1723420800000,58726.67,59092.93,58111.27,58513.69,4510.13324
1723435200000,58513.69,59002.8,57655.11,58674.48,5709.73655
1723449600000,58674.48,59980,58113.26,59845.17,4793.836814
1723464000000,59845.17,60710.73,57778.14,60208.94,5998.122877
1723478400000,60208.94,60420.91,58433.6,59047.65,3618.907238
1723492800000,59047.65,59753.48,58551.04,59349.13,3208.67685
1723507200000,59349.13,59925.99,58875.37,59048.84,4036.803393
1723521600000,59048.84,59483.06,58837.05,59244.11,4746.773839
1723536000000,59244.11,59331.43,58400.4,58833.47,5419.007599
1723550400000,58833.47,59780.44,58700.66,59478.34,5723.320747
1723564800000,59478.34,61580.75,59441.3,60819.07,6161.646563
1723579200000,60819.07,61144.24,60385.5,60582.31,3774.972171
1723593600000,60582.31,61307.01,60422.31,60951.94,5138.69065
1723608000000,60951.94,61162.28,60633.25,60918.28,5041.872568
1723622400000,60918.28,61456.36,60635.83,61294.39,5421.026109
1723636800000,61294.39,61850,58812.96,59436.45,7669.324917
1723651200000,59436.45,59483.66,58598.37,58890.71,5847.059028
1723665600000,58890.71,59204.52,58433.32,58685.49,3829.565566
1723680000000,58685.49,59078.28,58005.01,58450.24,4682.197423
1723694400000,58450.24,58645.26,57716.02,58063.94,4225.933871
1723708800000,58063.94,58881.39,57964.47,58747.33,5932.1684
1723723200000,58747.33,59779.3,58522.38,59688.19,6250.870107
1723737600000,59688.19,59856.38,56677.13,57045.91,6791.790397
1723752000000,57045.91,57887.64,56089.73,57539.07,4479.6155
1723766400000,57539.07,58521.51,57096.07,57894.28,4406.913667
1723780800000,57894.28,58645.49,57805.86,58464.91,5468.179555
1723795200000,58464.91,58684.57,58214.5,58403.26,5705.351056
1723809600000,58403.26,58905,57511.32,58066.28,4871.82959
1723824000000,58066.28,59826.56,57992.58,59682.15,3659.180404
1723838400000,59682.15,59711.37,58726.91,58879.89,3230.285817
1723852800000,58879.89,59384.82,58795.12,59159.88,4167.207552
1723867200000,59159.88,59272.42,59051.77,59249.74,3114.935888
1723881600000,59249.74,59479.31,59058.86,59134.51,4014.506596
1723896000000,59134.51,59662.82,59100.15,59393.94,4161.373719
1723910400000,59393.94,59716.92,59288.2,59472.8,4638.48923
1723924800000,59472.8,59503.67,59136.19,59498.11,2636.603643
1723939200000,59498.11,60267.39,59300.37,59341.47,4841.488051
1723953600000,59341.47,59696.96,59255.91,59573.9,3297.795406
1723968000000,59573.9,60199.99,59431.27,60024.28,3719.918299
1723982400000,60024.28,60282.67,59675,59863.76,3055.255689
1723996800000,59863.76,59952.1,59367.67,59707.75,2933.645182
1724011200000,59707.75,59872.86,58419.36,58434.57,4103.834018
1724025600000,58434.57,58772.46,58200,58734.35,5181.417663
1724040000000,58734.35,58757.77,58369.7,58506.61,4448.893125
1724054400000,58506.61,58673.57,57793.59,58394.56,5169.89087
1724068800000,58394.56,58974.27,58060.53,58535.52,4978.560811
1724083200000,58535.52,59300,58366.17,58963.07,3653.337469
1724097600000,58963.07,59613.17,58905.84,59439.59,2756.760554
1724112000000,59439.59,60910.23,59361.31,60624.11,4240.691527
1724126400000,60624.11,61425,60579.06,60935.38,3717.748402
1724140800000,60935.38,60981.94,60408.74,60521.63,3446.043065
1724155200000,60521.63,60980.02,58701,58825.14,6499.39185
1724169600000,58825.14,59599.99,58510,59517.22,3712.418703
1724184000000,59517.22,59730.3,58868.68,59007.92,3878.1822
1724198400000,59007.92,59525.57,58776.44,59322.03,3687.22987
1724212800000,59322.03,59749.11,59193.62,59711.64,3580.975698
1724227200000,59711.64,59941.28,59090.48,59361.92,4088.440708
1724241600000,59361.92,60214.76,58844.52,59516.01,5498.540608
1724256000000,59516.01,61636.15,59372.06,61575.8,5286.943441
1724270400000,61575.8,61829.56,60905.24,61152.67,3689.046356
1724284800000,61152.67,61220.21,59700,60555.21,4001.431048
1724299200000,60555.21,61110.06,60454.77,60981.66,3658.467109
1724313600000,60981.66,61417.81,60805.37,61329.36,4472.89759
1724328000000,61329.36,61402.22,60094.77,60407.59,4468.36405
1724342400000,60407.59,60595.56,60129.58,60310.79,3409.467881
1724356800000,60310.79,60717.49,60288.61,60388.68,3347.266349
1724371200000,60388.68,60971.62,60338.34,60599.91,3339.007011
1724385600000,60599.91,61372.42,60586.99,61075.6,2881.985415
1724400000000,61075.6,61340.33,60686.88,60738.28,2968.690591
1724414400000,60738.28,62327.1,60738.28,61534.88,5767.466008
1724428800000,61534.88,63824.99,61340.52,63612.61,6007.327483
1724443200000,63612.61,65000,63478.63,64046.3,5189.058638
1724457600000,64046.3,64195.54,63630.97,63834.71,3971.514637
1724472000000,63834.71,64345.62,63821.27,64316.55,3398.809242
1724486400000,64316.55,64500,63883.29,63911.68,3136.237392
1724500800000,63911.68,64255.12,63872.14,63978.45,3179.369895
1724515200000,63978.45,64451.3,63914.61,64208.45,2943.248063
1724529600000,64208.45,64335.6,63543.28,64153.5,2917.765946
1724544000000,64153.5,64659.76,63994.78,64109.36,4505.543558
1724558400000,64109.36,64210.16,63780,63863.8,3020.506569
1724572800000,63863.8,64023.65,63780.42,63887.26,2366.349194
1724587200000,63887.26,64295.3,63814.68,64137.72,2370.047693
1724601600000,64137.72,64254.71,64000,64182.88,2479.167024
1724616000000,64182.88,65032.12,64130.44,64218.1,3370.338776
1724630400000,64218.1,64479.22,63778.13,64117.63,3786.342618
1724644800000,64117.63,64208.12,63570,63627.23,3444.884666
1724659200000,63627.23,64042.99,63239.13,63849.34,4593.919525
1724673600000,63849.34,63971.78,63061.64,63528.85,5938.060358
1724688000000,63528.85,63887.59,63190.07,63342.53,5150.550728
1724702400000,63342.53,63567.22,62796.41,62834.75,3680.824377
1724716800000,62834.75,63213.07,62656.25,62975.39,4365.317234
1724731200000,62975.39,63208.8,62732,62910.97,3795.474631
1724745600000,62910.97,63007.27,62229.9,62422.33,4880.151256
1724760000000,62422.33,62499.05,61475.88,61716.11,6893.836236
1724774400000,61716.11,62201.41,61512.26,62097.84,4992.967565
1724788800000,62097.84,62106.51,57955.58,59411.08,8879.591005
1724803200000,59411.08,59659.06,58907.4,59625.56,5095.789438
1724817600000,59625.56,59672,58506.74,58594.62,4117.676853
1724832000000,58594.62,60257.77,58533.33,59936.08,3492.835796
1724846400000,59936.08,60166.15,58400,58992.77,4235.927217
1724860800000,58992.77,59827.61,57801.54,58903.75,4275.321905
1724875200000,58903.75,59616.66,58625.23,59044.69,2779.393536
1724889600000,59044.69,59333.78,58868.87,59153.84,3096.289855
1724904000000,59153.84,59768.51,59067.04,59579.59,2889.374649
1724918400000,59579.59,60483.39,59370.75,60065.37,3471.602197
1724932800000,60065.37,61175.07,59984.45,60780.98,3631.637843
1724947200000,60780.98,60970.81,58907.84,59265.36,3784.588562
1724961600000,59265.36,59640.13,58703.08,59348.57,1954.070231
1724976000000,59348.57,59484.74,58905.73,59038.79,3405.120752
1724990400000,59038.79,59592.48,58682.81,59274.2,2809.929027
1725004800000,59274.2,59677.77,59273.61,59398.29,2918.34785
1725019200000,59398.29,59944.16,57938,58093.53,5386.491756
1725033600000,58093.53,59387.05,57700,58694.68,3836.229236
1725048000000,58694.68,59304.31,58693.73,59130.23,1099.898026
1725062400000,59130.23,59463,59066.78,59235.85,879.236498
1725076800000,59235.85,59353.2,59069.7,59096.03,717.26576
1725091200000,59096.03,59176.85,58830.08,59120.8,1097.382784
1725105600000,59120.8,59249.42,58890.82,59018.93,1472.787647
1725120000000,59018.93,59140,58736.42,58859.42,1788.79401
1725134400000,58859.42,59139.34,58789,58972.48,1221.530912
1725148800000,58972.48,59080.67,58272.43,58532.57,2608.964772
1725163200000,58532.57,58606.32,57766.92,58486.2,3233.502281
1725177600000,58486.2,58513.1,57840.01,58239.11,2254.129865
1725192000000,58239.11,58370.23,57162.76,58219.4,3765.578483
1725206400000,58219.4,58791.69,57872.03,58513.88,2483.969389
1725220800000,58513.88,58663.87,57200,57293.29,2614.616543
1725235200000,57293.29,57772.22,57124.21,57744.97,3550.946761
1725249600000,57744.97,57988.87,57354.43,57550.6,2369.599012
1725264000000,57550.6,58666,57515.86,58424.07,4778.804004
1725278400000,58424.07,58818.17,58101.78,58539.11,4249.430816
1725292800000,58539.11,58671.36,58295.57,58446.99,4350.525296
1725307200000,58446.99,59432.74,58380.57,59142.75,3798.953831
1725321600000,59142.75,59825,59027.31,59118.44,3388.266202
1725336000000,59118.44,59262.39,58866.72,59106.05,2514.092319
1725350400000,59106.05,59199.97,58711.87,59068.28,2528.651943
1725364800000,59068.28,59358.85,57568.13,57720.56,4728.944123
1725379200000,57720.56,58255.51,57585.71,58048.3,3811.748076
1725393600000,58048.3,58241.44,57401.01,57481.78,3930.731509
1725408000000,57481.78,57945.05,55566.05,56662.87,7445.869554
1725422400000,56662.87,56889.33,56169.91,56748.85,4823.685736
1725436800000,56748.85,56902.57,56448.34,56567.11,4009.02433
1725451200000,56567.11,58161.4,56173.91,58126.99,7082.752323
1725465600000,58126.99,58526.02,57631.85,58050.63,4237.411373
1725480000000,58050.63,58396.69,57840.13,57972.69,2844.550361
1725494400000,57972.69,58333.08,56912.01,57130.84,4565.238041
1725508800000,57130.84,57292.15,56537.77,57153.66,4503.52077
1725523200000,57153.66,57233.44,56621.84,56692.95,5024.744797
1725537600000,56692.95,57342.3,55803.54,55971.98,7071.027384
1725552000000,55971.98,56714.87,55768.68,56054.6,4214.026083
1725566400000,56054.6,56258.33,55632.01,56177.67,2985.374493
1725580800000,56177.67,56863.29,55984,56583.7,4325.51325
1725595200000,56583.7,56750,55264.86,55797.29,4254.161121
1725609600000,55797.29,56268.76,55631.56,56003.03,4234.489161
1725624000000,56003.03,57018.51,53806.75,54041.46,8972.452103
1725638400000,54041.46,54439.09,53263.8,53538.03,6470.341739
1725652800000,53538.03,53971.99,52535.5,53961.62,5042.046956
1725667200000,53961.62,54095.31,53750.02,53823.14,3910.297136
1725681600000,53823.14,54402.96,53810.73,54284,3811.842713
1725696000000,54284,54500,54176.22,54333.42,3389.677467
1725710400000,54333.42,54834.99,54333.42,54780.01,4802.347424
1725724800000,54780.01,54851.34,53997.3,54402.07,3968.151336
1725739200000,54402.07,54440.44,53809.51,54164.51,2896.818345
1725753600000,54164.51,54510.54,53966.01,54397.45,2060.76905
1725768000000,54397.45,54578.6,54259.12,54443.59,1995.873533
1725782400000,54443.59,54728.53,54352.27,54560.27,2043.54804
1725796800000,54560.27,54571.99,53649.59,53693.57,3362.818833
1725811200000,53693.57,54537.9,53628.06,54338.54,2260.83741
1725825600000,54338.54,55324.49,54187.02,54877.92,3107.034072
1725840000000,54877.92,55376.91,54689.78,55123.98,3238.08742
1725854400000,55123.98,55155.39,54591.47,54975.47,2957.595455
1725868800000,54975.47,55563.96,54957,55267.04,3281.705701
1725883200000,55267.04,55809.1,54795.76,55391.77,3794.704192
1725897600000,55391.77,57192.15,55350.09,57095.87,4418.839278
1725912000000,57095.87,58130.24,56811.85,57039.58,3795.383026
1725926400000,57039.58,57072.28,56521,56525.01,4289.36189
1725940800000,56525.01,57307.16,56383.76,57216,3843.821868
1725955200000,57216,57380.72,56887.11,57223.84,3808.31702
1725969600000,57223.84,57494.25,56520.01,56587.29,6415.991515
1725984000000,56587.29,58052.21,56552.36,57956.33,4470.438101
1725998400000,57956.33,57984.34,57451.32,57643.48,2654.278193
1726012800000,57643.48,57757.51,56671.4,56813.85,4050.610421
1726027200000,56813.85,56813.85,56093.06,56713.98,4829.155793
1726041600000,56713.98,56884.61,56331.95,56800.59,5093.902989
1726056000000,56800.59,57171.94,55555,56700.22,6194.247987
1726070400000,56700.22,57991,56649.5,57584.78,4160.1522
1726084800000,57584.78,57682.39,57208.66,57334.15,2539.836654
1726099200000,57334.15,58485.39,57318.13,58231.77,3636.241567
1726113600000,58231.77,58433.24,57838.51,58142,3558.264754
1726128000000,58142,58357.98,57888.44,58059.89,3568.17836
1726142400000,58059.89,58582.8,57339.38,57509.34,6084.093851
1726156800000,57509.34,58464.28,57490.68,58401.15,4530.728808
1726171200000,58401.15,58408.33,57760,58134.02,3155.373083
1726185600000,58134.02,58256.14,57830.33,57854.71,4583.432808
1726200000000,57854.71,58140.35,57737.38,58110.31,3620.210954
1726214400000,58110.31,58356.55,57811.11,57874.02,3651.155688
1726228800000,57874.02,59732.87,57627.44,59663.89,7095.602422
1726243200000,59663.89,60000,59309.9,59734.75,4673.316252
1726257600000,59734.75,60628.71,59616.86,60486.46,3724.622981
1726272000000,60486.46,60605.59,60283.33,60320.02,1884.215507
1726286400000,60320.02,60348.81,59890.67,60141.37,1790.679154
1726300800000,60141.37,60162.39,59593.38,59700.02,1861.953562
1726315200000,59700.02,60019.02,59626.71,59871.75,1882.429481
1726329600000,59871.75,59987.86,59381.96,59809.3,2043.259065
1726344000000,59809.3,60130.14,59766.01,59993.99,1417.34414
1726358400000,59993.99,60273.79,59981.98,60162.63,1043.465044
1726372800000,60162.63,60222.98,60071.08,60196.69,679.417807
1726387200000,60196.69,60206.92,59871.35,60001.61,1292.843896
1726401600000,60001.61,60402.87,59870.16,60337.63,2575.940179
1726416000000,60337.63,60355.99,59708.49,59875.05,3697.306572
1726430400000,59875.05,59941.13,58686.66,59125.26,3322.051594
1726444800000,59125.26,59212.21,58114.15,58571.2,3776.38398
1726459200000,58571.2,58971.36,58307.51,58909.47,2512.785395
1726473600000,58909.47,59182.26,58500.01,58653.6,2735.115592
1726488000000,58653.6,58793.76,57561,57888.46,4070.558977
1726502400000,57888.46,58274.65,57471.2,57948.8,4200.714488
1726516800000,57948.8,58412.87,57600.01,58211.04,2500.655
1726531200000,58211.04,58352.02,57612.68,58065.58,3654.299308
1726545600000,58065.58,58781.86,58025.98,58700.27,3051.461339
1726560000000,58700.27,59301.11,58634.01,59085.97,4782.383236
1726574400000,59085.97,61345.51,58867.13,61139.5,7740.740438
1726588800000,61139.5,61265.19,59594.85,59973.37,5024.04132
1726603200000,59973.37,60428.02,59740.45,60311.99,2755.530433
1726617600000,60311.99,60774.83,59873.22,60517.34,4068.811537
1726632000000,60517.34,60694.2,60196.21,60438.8,2975.841921
1726646400000,60438.8,60438.8,59375.11,59854.54,4187.279056
1726660800000,59854.54,60167.3,59310.22,59429.87,4795.745806
1726675200000,59429.87,61356.57,59174.08,60068.38,8802.419048
1726689600000,60068.38,61797.43,59478,61771.74,3713.402094
1726704000000,61771.74,62592.92,61555.63,62120.25,6045.694732
1726718400000,62120.25,62186,61814.97,62101.9,4693.055286
1726732800000,62101.9,62748.54,61880.02,62644.52,4686.301248
1726747200000,62644.52,63513.5,62572.59,63152.4,7180.570599
1726761600000,63152.4,63856.57,62936.9,63255.9,6295.734767
1726776000000,63255.9,63261.56,62651.35,62950.21,2667.961043
1726790400000,62950.21,63760.51,62600,63756.62,3663.972203
1726804800000,63756.62,64144.41,63388.98,63518.29,5341.112659
1726819200000,63518.29,63709.63,63104.55,63443.24,3162.813761
1726833600000,63443.24,63555.15,62571.43,63159.6,4802.705825
1726848000000,63159.6,63286.24,62338.46,62800.83,4575.392481
1726862400000,62800.83,63298.2,62698.91,63201.84,1999.228289
1726876800000,63201.84,63316.2,62807.68,62894,3083.346598
1726891200000,62894,63129.64,62737.08,63077.31,2059.239837
1726905600000,63077.31,63149.98,62960.52,63087.52,1300.586801
1726920000000,63087.52,63311.11,63025.68,63171.31,2346.449031
1726934400000,63171.31,63413.11,63085.32,63205.83,2243.064735
1726948800000,63205.83,63564.66,63053.25,63347.97,2085.145569
1726963200000,63347.97,63452.5,62833.3,63110.89,2802.971574
1726977600000,63110.89,63210.45,62822.95,62937.86,1661.105103
1726992000000,62937.86,63034.99,62549.88,62777.06,2346.233735
1727006400000,62777.06,62937.04,62467.89,62652.36,2589.078488
1727020800000,62652.36,63242.36,62469.41,63168.86,3246.934165
1727035200000,63168.86,64013.36,62368.5,63581.2,3798.39234
1727049600000,63581.2,64767.8,62560,64358.34,5233.653816
1727064000000,64358.34,64460.29,63387.25,63552.59,3999.966354
1727078400000,63552.59,63700.9,63237.93,63430.17,3473.038007
1727092800000,63430.17,63812.64,63062.79,63619.87,4227.829133
1727107200000,63619.87,63848.42,63100,63303.48,4119.942415
1727121600000,63303.48,63503.98,63091.75,63336.66,2358.821683
1727136000000,63336.66,63410,62701.8,63127.78,3937.907109
1727150400000,63127.78,63575.84,62938.9,63564.5,2236.427262
1727164800000,63564.5,63953.62,63386,63482.98,3147.301328
1727179200000,63482.98,63776.14,62720,63159.16,4868.641471
1727193600000,63159.16,64376.77,63085.33,64297.57,4518.188621
1727208000000,64297.57,64715.51,63951.45,64274.89,3010.327095
1727222400000,64274.89,64842.08,64000,64457.96,3684.995896
1727236800000,64457.96,64468.55,63634.83,63841.06,2994.998833
1727251200000,63841.06,63921.24,63406.5,63843.6,3396.278154
1727265600000,63843.6,64008.94,63311.35,63503.03,5327.494631
1727280000000,63503.03,63677.35,63000.21,63191.14,5788.721405
1727294400000,63191.14,63567.37,62942.65,63150.7,2858.239368
1727308800000,63150.7,63552.6,62676.36,63515.41,3782.962372
1727323200000,63515.41,63875.02,63335.31,63865.13,3650.871911
1727337600000,63865.13,64500,63591.58,64396.04,4868.176107
1727352000000,64396.04,65553.86,64153.08,65233.1,8093.408785
1727366400000,65233.1,65848.4,64680.69,64699.13,5968.823395
1727380800000,64699.13,65250.64,64624.87,65172.72,3915.089983
1727395200000,65172.72,65426.53,64817.57,65361.41,5973.033405
1727409600000,65361.41,65558.67,65097.58,65468.22,5261.807433
1727424000000,65468.22,65997.58,65334.25,65439.16,5052.033304
1727438400000,65439.16,66586.26,65321.58,65997.83,7703.972124
1727452800000,65997.83,66371.09,65518.12,65644.57,5285.661816
1727467200000,65644.57,65970.23,65615.55,65779.84,1967.918373
1727481600000,65779.84,66272.57,65716.17,66074.35,2079.423841
1727496000000,66074.35,66096.81,65734.52,65815.87,1475.030884
1727510400000,65815.87,65815.87,65450,65795.71,1754.693722
1727524800000,65795.71,65816.91,65425,65622.56,2061.561626
1727539200000,65622.56,65824.61,65486.68,65725.97,1122.890965
1727553600000,65725.97,65995,65425.34,65850.14,1049.898606
1727568000000,65850.14,65982.97,65644.26,65817.88,1108.771269
1727582400000,65817.88,65817.89,65424.22,65472.65,1071.136092
1727596800000,65472.65,65732.9,65438.23,65700.22,735.421602
1727611200000,65700.22,65861.15,65567.47,65758.83,1278.082098
1727625600000,65758.83,65974.15,65646.85,65950.32,910.360215
1727640000000,65950.32,66090.67,65525.41,65601.78,1779.766889
1727654400000,65601.78,65634.62,64187.43,64560.68,3741.121165
1727668800000,64560.68,64724.52,64320.99,64570.08,1784.022906
1727683200000,64570.08,64586.34,63253.57,63822.02,5261.769501
1727697600000,63822.02,64161.52,63535.44,63563.19,4355.784748
1727712000000,63563.19,63745.41,63053.56,63487.41,5089.583858
1727726400000,63487.41,63862.01,62843.01,63309.05,4155.365543
1727740800000,63309.05,63744.86,62975,63715.97,5801.863707
1727755200000,63715.97,64127.88,63641.27,64049.91,3473.425375
1727769600000,64049.91,64102.2,63717.06,63731.67,2654.900648
1727784000000,63731.67,63812.44,61800,62632.94,7855.29318
1727798400000,62632.94,62787.8,61065.4,61756.77,8896.404616
1727812800000,61756.77,61770.66,60159.92,60812.41,5933.0802
1727827200000,60812.41,61883.21,60735.61,61752.19,4000.029397
1727841600000,61752.19,61943.99,61351.6,61731.75,3351.132761
1727856000000,61731.75,61912.53,60888.58,61162.28,3418.526614
1727870400000,61162.28,61932.25,60518.4,61872.68,4659.084484
1727884800000,61872.68,62400,59974.6,60191.71,4909.113786
1727899200000,60191.71,60994.58,60127.84,60643.07,4095.279767
1727913600000,60643.07,61473.64,60526.93,61465.09,4231.639456
1727928000000,61465.09,61485.54,60808.12,60918.93,4035.894267
1727942400000,60918.93,61072.47,60120.01,60767.05,4373.769137
1727956800000,60767.05,60899.33,59861.28,60639.98,6294.292723
1727971200000,60639.98,61063.35,59912.6,61036.32,4068.02121
1727985600000,61036.32,61107.15,60605.31,60756.13,3725.493908
1728000000000,60756.13,61278.38,60458.93,60952.19,4226.35354
1728014400000,60952.19,61506.45,60933.57,61441,3100.567529
1728028800000,61441,61647.86,61263.12,61450.45,3999.2262
1728043200000,61450.45,62023.1,60788.24,61884.65,5874.526411
1728057600000,61884.65,62478.75,61628.24,62372.03,4673.687355
1728072000000,62372.03,62486.35,61971.12,62090.14,1787.856023
1728086400000,62090.14,62208.22,61680.63,61871.82,1897.755303
1728100800000,61871.82,62275.88,61820.13,62070.78,1429.492267
1728115200000,62070.78,62328.4,62070.78,62186.65,1078.499491
1728129600000,62186.65,62382.03,62100.01,62161.02,1411.042698
1728144000000,62161.02,62184.91,61786.14,61856.84,1883.805439
1728158400000,61856.84,62112.27,61702.14,62059.37,1236.266246
1728172800000,62059.37,62155.41,61878.73,61883.18,1196.363765
1728187200000,61883.18,62021.94,61814.96,61951.6,815.25618
1728201600000,61951.6,62168.39,61923.08,62100.67,882.839062
1728216000000,62100.67,62779.96,62066.19,62720.15,2103.363891
1728230400000,62720.15,62983.78,62539.74,62627.98,2104.351137
1728244800000,62627.98,62923.71,62300,62824.8,1935.743893
1728259200000,62824.8,63973.64,62662.63,63528.42,3590.060013
1728273600000,63528.42,63725.17,63309.98,63537.79,1828.985924
1728288000000,63537.79,63709.29,62655.01,63139.6,3556.667526
1728302400000,63139.6,64470.19,62822.67,63654.57,4857.486178
1728316800000,63654.57,63919.66,62729.78,63378.74,3147.975006
1728331200000,63378.74,63411.05,62115.15,62218.75,2781.020788
1728345600000,62218.75,62818.51,62150.93,62633.88,2807.306444
1728360000000,62633.88,62782.56,61994.35,62312.12,3471.84165
1728374400000,62312.12,62667.48,62185.85,62630.21,3306.835106
1728388800000,62630.21,63202.67,61863.1,62288.17,5175.024143
1728403200000,62288.17,62605.12,61857.13,62250.06,3526.383572
1728417600000,62250.06,62571.69,62016.36,62156.22,2074.398817
1728432000000,62156.22,62500,61994.73,62388.77,4324.268621
1728446400000,62388.77,62550.98,62201.31,62273.38,2630.687543
1728460800000,62273.38,62294.84,62052.64,62203.03,2406.396042
1728475200000,62203.03,62418.9,61628.29,62320.86,4757.144349
1728489600000,62320.86,62356.07,60835.18,61037.47,3782.236894
1728504000000,61037.47,61123.62,60300.68,60633.65,2940.880043
1728518400000,60633.65,60964.15,60366.74,60876.62,2630.743621
1728532800000,60876.62,61161.24,60815.48,60902.1,1782.923885
1728547200000,60902.1,61324.9,60622.13,61258.54,2612.246183
1728561600000,61258.54,61320,60441,60791.67,4224.507756
1728576000000,60791.67,61041.15,58941.85,59729.17,5047.468714
1728590400000,59729.17,60331.09,59586.52,60326.49,2368.426588
1728604800000,60326.49,60782.66,60088.58,60610.16,2419.287648
1728619200000,60610.16,60933.95,60578.34,60674.23,1981.364423
1728633600000,60674.23,61262.9,60630,61175.91,2481.095513
1728648000000,61175.91,62466.24,61132.01,62261.81,4293.556468
1728662400000,62261.81,63435.38,62098.42,63093.84,3993.2997
1728676800000,63093.84,63174.98,62330.41,62534.12,2035.407845
1728691200000,62534.12,63080.96,62487.74,62572.22,2294.100535
1728705600000,62572.22,62801.19,62571.8,62763.02,935.043011
1728720000000,62763.02,63305.66,62658.66,62941.14,1474.687178
1728734400000,62941.14,63487.6,62821.5,63161.49,2418.178265
1728748800000,63161.49,63404.27,62904.95,62996.08,1628.31559
1728763200000,62996.08,63374.65,62993.37,63199.08,985.802362
1728777600000,63199.08,63289.45,62657.5,62712.26,1891.518051
1728792000000,62712.26,62996.54,62701.89,62847.05,1124.082377
1728806400000,62847.05,62967.87,62524.24,62562.06,1840.86696
1728820800000,62562.06,62829.99,62045.39,62222.21,2315.395663
1728835200000,62222.21,62887.15,62169.35,62727.68,2457.513377
1728849600000,62727.68,63131.44,62603.02,62867.12,1812.805568
1728864000000,62867.12,64391.18,62450,64306.01,3641.054778
1728878400000,64306.01,64681.78,63777.26,64613.03,4083.224735
1728892800000,64613.03,65169.07,64338.83,64917.13,3410.38859
1728907200000,64917.13,66299,64663.32,65874.33,4858.611723
1728921600000,65874.33,66076.86,65543.01,65935.39,3000.047072
1728936000000,65935.39,66590.46,65728.06,66089.83,2528.651939
1728950400000,66089.83,66342.33,65331.33,65400.78,3185.475479
1728964800000,65400.78,65855.43,65216.01,65665.2,3150.959504
1728979200000,65665.2,65853.58,65272.07,65398.31,3202.66662
1728993600000,65398.31,67977.01,64789.48,66022.16,8703.361879
1729008000000,66022.16,67391.53,65978.19,66974.79,4314.641211
1729022400000,66974.79,67164.56,66125.23,67071.48,2459.052938
1729036800000,67071.48,67569.11,66749.98,67092.36,2800.317904
1729051200000,67092.36,67354.24,66727.75,66973.87,2780.038677
1729065600000,66973.87,68427,66911.01,67897.92,4165.560521
1729080000000,67897.92,68327.34,67115.2,67753.15,5016.83936
1729094400000,67753.15,68106.63,67479.57,67721.2,2884.955665
1729108800000,67721.2,67939.48,67484.47,67614.17,2382.257731
1729123200000,67614.17,67939.48,67400,67585.21,2270.694857
1729137600000,67585.21,67585.21,67059.92,67297.08,2893.522418
1729152000000,67297.08,67533.04,66798.77,66864.6,2618.94258
1729166400000,66864.6,67677.25,66636,67589.97,4337.574963
1729180800000,67589.97,67600.83,66712.05,66842.26,3233.439414
1729195200000,66842.26,67483.83,66814.52,67420.37,1525.030669
1729209600000,67420.37,68264.36,67188.32,67557.23,2971.918914
1729224000000,67557.23,68389.99,67544.51,67965.45,3262.928353
1729238400000,67965.45,68061.11,67669.58,67703.67,2910.578738
1729252800000,67703.67,68890,67631.71,68745.97,4052.273341
1729267200000,68745.97,69034,68353.26,68602.23,2703.046218
1729281600000,68602.23,68741.79,68203.1,68430.41,1292.162223
1729296000000,68430.41,68697.6,68294.37,68458.86,1442.95355
1729310400000,68458.86,68576.68,68295.19,68351.93,802.486932
1729324800000,68351.93,68479.59,68070.65,68081.67,960.548408
1729339200000,68081.67,68356.98,68073.49,68225.01,1099.874153
1729353600000,68225.01,68241.16,68002.28,68180.01,795.751237
1729368000000,68180.01,68422.32,68166,68380.02,756.850592
1729382400000,68380.02,68447.45,68096.09,68191.49,935.779741
1729396800000,68191.49,68436.6,68169.56,68365.47,548.11092
1729411200000,68365.47,68496.86,68344.96,68414.71,471.742536
1729425600000,68414.71,68780.1,68198.85,68627.09,1851.240453
1729440000000,68627.09,68666.03,68418.38,68505.67,798.439335
1729454400000,68505.67,69416.47,68457.14,69035.9,2579.439618
1729468800000,69035.9,69555,68579.55,68937.28,2657.391353
1729483200000,68937.28,69185.89,68473.02,68510.42,2523.727967
1729497600000,68510.42,68667.12,68131.79,68236.96,3256.332934
1729512000000,68236.96,68329.67,66842.76,67340.02,5771.328129
1729526400000,67340.02,67942.51,66890.34,67768.31,3225.556376
1729540800000,67768.31,67932.25,67352.08,67381.29,1677.892971
1729555200000,67381.29,67696,66553.14,67392.48,2638.260459
1729569600000,67392.48,67794.75,67269.57,67399.98,2148.808719
1729584000000,67399.98,67525.35,66745.52,67295.34,3596.259424
1729598400000,67295.34,67692.27,66643.73,67281.59,4333.212773
1729612800000,67281.59,67635.69,66916.46,67480.32,2833.072358
1729627200000,67480.32,67843.74,67289.88,67427.02,1413.114772
1729641600000,67427.02,67476.12,66888.88,67078.69,2189.088868
1729656000000,67078.69,67308.89,66791.33,66850.24,2292.815795
1729670400000,66850.24,67050.46,66181,66422.95,3328.229067
1729684800000,66422.95,66908.36,65919.6,66218.36,4529.826096
1729699200000,66218.36,66569.17,65250.68,66480.38,5318.158369
1729713600000,66480.38,66817.03,66338.01,66674.36,1825.984523
1729728000000,66674.36,67625.86,66515.12,67206.36,3133.658186
1729742400000,67206.36,67480.65,67074.36,67125,2547.058488
1729756800000,67125,67328.96,66728.04,67294.28,3162.713947
1729771200000,67294.28,67986,67263.5,67692.24,3802.613343
1729785600000,67692.24,68321.23,67342.29,68308.32,2745.364764
1729800000000,68308.32,68849,67972.69,68192.72,2237.177144
1729814400000,68192.72,68275.68,67832.1,68011.16,2493.401545
1729828800000,68011.16,68045.82,67250,67533.92,2591.198563
1729843200000,67533.92,68177.89,67311.41,68107.94,2472.45694
1729857600000,68107.94,68773.63,67439.81,67682.5,5367.682789
1729872000000,67682.5,67865.49,65987.39,66847.9,7286.125105
1729886400000,66847.9,67385.51,65568.3,66695.08,3823.356821
1729900800000,66695.08,67041.65,66440.03,66913.92,3086.615443
1729915200000,66913.92,67237.65,66787.13,67010.04,1756.052841
1729929600000,67010.04,67263.99,66958.23,67130.32,1203.33059
1729944000000,67130.32,67182.28,66728.16,66887.77,3286.535536
1729958400000,66887.77,67192.27,66788.83,67184.09,2507.882141
1729972800000,67184.09,67631.63,67077.47,67099.69,1301.156079
1729987200000,67099.69,67324.16,66933.04,67294.36,1641.21449
1730001600000,67294.36,67322.33,67117.24,67208.67,833.773489
1730016000000,67208.67,67277.56,67040,67126.72,1113.783966
1730030400000,67126.72,67861.08,67121.48,67791.51,3424.809417
1730044800000,67791.51,68000,67536.33,67838.26,3047.618549
1730059200000,67838.26,68334.13,67719.73,68024.08,2998.209073
1730073600000,68024.08,68126.22,67670.85,67720.9,3911.27479
1730088000000,67720.9,68687.24,67603.83,68422.86,2683.925872
1730102400000,68422.86,68840.35,68234.5,68770.56,2314.989923
1730116800000,68770.56,69299.99,68423.06,68484.96,4570.353336
1730131200000,68484.96,69914.05,68450,69628.51,4229.038776
1730145600000,69628.51,70332.98,69425.45,69962.64,2868.317784
1730160000000,69962.64,71613.74,69757.19,70941.76,4110.239272
1730174400000,70941.76,71368.78,70832.16,71019.14,2026.723735
1730188800000,71019.14,71588.2,70972.41,71462.7,1993.464335
1730203200000,71462.7,72439.44,70916.17,72398.15,4578.361903
1730217600000,72398.15,73646.96,72348.94,72534.28,5108.196752
1730232000000,72534.28,73000,71869.88,72742.75,2511.669938
1730246400000,72742.75,72796.37,72004,72240.2,2332.18245
1730260800000,72240.2,72621.32,72094.62,72224.34,2043.729639
1730275200000,72224.34,72614.89,71909.58,71982.38,3564.71382
1730289600000,71982.38,72472.99,71427.84,72053.71,4812.789272
1730304000000,72053.71,72201.31,71645,71822.01,3635.838449
1730318400000,71822.01,72975.07,71641.64,72353.98,2880.370296
1730332800000,72353.98,72614.55,72000.45,72360.86,2301.6746
1730347200000,72360.86,72494.97,72140.29,72417.54,1142.72351
1730361600000,72417.54,72707.4,72147.6,72218.09,1541.917606
1730376000000,72218.09,72276.39,70441.49,70630.19,5247.385464
1730390400000,70630.19,70917.41,70031.7,70100.36,3811.009431
1730404800000,70100.36,70653.83,69681.13,70304.94,1832.244571
1730419200000,70304.94,70490.57,68837.29,69369.45,2578.584183
1730433600000,69369.45,69703.63,69067.95,69275.04,2102.941832
1730448000000,69275.04,70239.48,69239.54,70012.8,2818.615377
1730462400000,70012.8,71638.32,69035.57,69388.99,5998.892329
1730476800000,69388.99,70527.47,68810.45,69263.5,5044.879593
1730491200000,69263.5,69627.61,68853.78,69492.41,1946.635031
1730505600000,69492.41,69915.97,69477.83,69599.99,1158.289934
1730520000000,69599.99,69840.07,69446.17,69809.11,945.597238
1730534400000,69809.11,69855.49,69404.87,69605.57,1225.465112
1730548800000,69605.57,69694.48,69014.83,69394.41,2613.91468
1730563200000,69394.41,69612.24,69221.73,69506.92,1444.633201
1730577600000,69506.92,69570,69147.56,69373.02,725.959873
1730592000000,69373.02,69386.55,67858.6,68377.1,3277.366757
1730606400000,68377.1,68770.98,68301.97,68400,2020.844049
1730620800000,68400,68620,68200.57,68354.58,1759.706759
1730635200000,68354.58,68560.62,67474.03,68088.62,4427.42955
1730649600000,68088.62,68698.44,67683.57,68682.7,2990.529283
1730664000000,68682.7,69349.99,68497.64,68770.4,2714.5329
1730678400000,68770.4,69499.39,68230.34,69047.17,3215.420706
1730692800000,69047.17,69400.72,68612.45,68613.65,2110.872258
1730707200000,68613.65,69044.23,68476.15,68795.22,3399.235479
1730721600000,68795.22,69270.24,68195.51,68648.68,4084.044966
1730736000000,68648.68,68839.7,67250,67857.89,4549.234381
1730750400000,67857.89,68120.03,66830.44,67850.17,4247.072671
1730764800000,67850.17,68263.01,67469.49,68239.33,2844.107868
1730779200000,68239.33,68986.99,68212.76,68900.97,2695.96755
1730793600000,68900.97,69104.5,68614.43,68809.35,3109.990161
1730808000000,68809.35,70318.17,68662.08,69634.88,5727.068387
1730822400000,69634.88,70549.99,68718.75,69000.9,5388.58148
1730836800000,69000.9,69901.78,68829.89,69376.62,2952.679928
1730851200000,69376.62,75348,69285.85,74360.46,11321.279247
1730865600000,74360.46,75412,73071.07,73365.32,8054.982869
1730880000000,73365.32,74491.16,72688,74279.16,5096.870043
1730894400000,74279.16,74774.9,73487.02,74290.73,5747.37458
1730908800000,74290.73,75830,74120.08,75809.54,4922.476691
1730923200000,75809.54,76397.01,75420.76,75578.4,3894.777166
1730937600000,75578.4,76032.96,74981.07,75031.47,5360.160179
1730952000000,75031.47,75053.02,74418.2,74751.95,3432.516387
1730966400000,74751.95,75153.03,74668.11,74752.11,3954.813073
1730980800000,74752.11,76068.72,74515.9,76062.14,5528.1882
1730995200000,76062.14,76722,75552.4,76528.47,5471.41751
1731009600000,76528.47,76838.38,75485,75856.84,3568.680683
1731024000000,75856.84,76366.32,75582.72,75894.31,4116.649631
1731038400000,75894.31,76224,75685.26,76153.17,2631.753695
1731052800000,76153.17,76316.94,75633.63,75938.9,2929.470305
1731067200000,75938.9,76589.44,75618,76426.89,4726.87863
1731081600000,76426.89,77199.22,75821.15,76910.6,5146.070091
1731096000000,76910.6,77095.6,76286.4,76498.67,2669.902684
1731110400000,76498.67,76625.68,76131.63,76326.72,2223.525045
1731124800000,76326.72,76788.34,76086.34,76519.21,2321.827564
1731139200000,76519.21,76723.85,76373.21,76479.16,1671.388186
1731153600000,76479.16,76534.63,76256.25,76304.67,1734.404857
1731168000000,76304.67,76709.11,75699.24,76199.08,2729.840154
1731182400000,76199.08,76911.99,76162.32,76670.84,2114.133556
1731196800000,76670.84,77491,76488.71,77200.73,4738.503478
1731211200000,77200.73,79756.29,77133.86,78813.51,6521.063595
1731225600000,78813.51,80085.31,78811.39,79861.35,4157.440667
1731240000000,79861.35,80116.56,79163.45,79676.02,4105.895329
1731254400000,79676.02,81198.65,79319.44,79741.72,5105.369426
1731268800000,79741.72,81518,78475.15,80355.85,4019.940775
1731283200000,80355.85,81853.56,80210.39,81614.07,5147.33193
1731297600000,81614.07,81735.75,80432.07,81109.29,4299.577963
1731312000000,81109.29,82375.3,81021.73,82137.47,3734.893697
1731326400000,82137.47,84285.68,81439.81,84045.94,7242.248986
1731340800000,84045.94,86750,83790.57,86089.49,7893.805187
1731355200000,86089.49,89666,86032.11,88653.57,8110.995691
1731369600000,88653.57,89487.82,86532.36,88046.36,5926.12912
1731384000000,88046.36,89940.65,87697.37,88986.33,5749.026804
1731398400000,88986.33,89407.44,85353.41,87148.58,11795.863036
1731412800000,87148.58,87860.17,85083.73,86621.44,9202.372504
1731427200000,86621.44,89770.73,85723.12,88695.3,6958.85348
1731441600000,88695.3,89882.18,87360.15,87919.73,4464.422521
1731456000000,87919.73,88554.36,87000,87129.84,5530.019507
1731470400000,87129.84,87686.2,86080.63,87350.25,4583.731128
1731484800000,87350.25,88100,87072.44,87654.32,3647.717005
1731499200000,87654.32,92687.5,87492.15,92514.12,10610.823451
1731513600000,92514.12,93271.57,89926.06,90176.45,8174.456045
1731528000000,90176.45,91206.37,87935.52,90372.9,6182.657181
1731542400000,90372.9,90572.86,89470.51,89935.76,5359.445803
1731556800000,89935.76,90868.11,89103.31,90784.26,3162.122996
1731571200000,90784.26,91658.79,90331.71,91480.22,4299.294409
1731585600000,91480.22,91787.11,87800,87941.11,6805.965092
1731600000000,87941.11,89678.73,87511.09,89458.21,4642.548957
1731614400000,89458.21,89458.21,86645.92,87331.26,4633.504254
1731628800000,87331.26,88481.4,87248.26,88208.94,4795.384675
1731643200000,88208.94,88386,87063.8,87632.26,3438.724857
1731657600000,87632.26,89777.9,87375.74,89736.39,3132.301664
1731672000000,89736.39,90720.89,87754.64,88431.99,5908.524416
1731686400000,88431.99,90846.23,88372.95,90378.05,4533.923175
1731700800000,90378.05,91857.47,90324.62,91018.69,3885.573734
1731715200000,91018.69,91699.99,90829.32,91238.14,2605.169177
1731729600000,91238.14,91755.54,91064.43,91125.57,2172.271065
1731744000000,91125.57,91588.15,90987.01,91168.02,2586.721292
1731758400000,91168.02,91318.18,90064.03,90522.14,4342.090426
1731772800000,90522.14,91394.13,90199.72,91109.89,2382.665535
1731787200000,91109.89,91181.87,90280.4,90577.4,2072.117883
1731801600000,90577.4,90889.99,89358.57,90247.68,4101.988884
1731816000000,90247.68,90893.96,90152.27,90552.39,3319.105873
1731830400000,90552.39,91466.38,90478.21,90689.69,2781.44558
1731844800000,90689.69,91186.92,89933.74,90255.42,3074.139149
1731859200000,90255.42,90640.55,89683.78,90053.81,2855.685449
1731873600000,90053.81,90226.21,88706.25,89852.56,2992.59258
1731888000000,89852.56,90934.26,89622.91,90653.94,4320.610053
1731902400000,90653.94,92254.14,90452,91726.11,4482.223628
1731916800000,91726.11,92210.09,90042.9,90279.18,4286.883375
1731931200000,90279.18,92630.87,89355.57,92324.89,6268.637828
1731945600000,92324.89,92583.26,89672.7,90610.8,5641.671071
1731960000000,90610.8,91980,90230.72,90462.78,3990.708632
1731974400000,90462.78,91541.86,90353.72,91419.88,3314.973857
1731988800000,91419.88,92027.63,91226.8,91622.15,3636.580227
1732003200000,91622.15,91937.07,91156.11,91645.37,4569.340765
1732017600000,91645.37,92784.06,90917.89,92388.44,7503.858146
1732032000000,92388.44,93914.21,92100,93211.15,6820.409998
1732046400000,93211.15,93570.85,91287.02,92302.34,4444.85061
1732060800000,92302.34,92407.9,91452.63,92032.08,5325.570621
1732075200000,92032.08,92839.52,91848.11,92831.63,3627.730856
1732089600000,92831.63,93662.18,92703.49,93449.09,4419.804947
1732104000000,93449.09,94831.26,93300,94731.25,6495.314527
1732118400000,94731.25,94830.84,93117.2,94003.34,6126.560855
1732132800000,94003.34,94605.11,93760.24,94299.65,3865.788153
1732147200000,94299.65,95932.56,94026.09,95799.02,6248.957085
1732161600000,95799.02,97871.1,95796.11,96902.8,6852.697816
1732176000000,96902.8,98371.05,96719,97985.51,4874.667658
1732190400000,97985.51,98249.5,95599.99,96663.66,6927.936287
1732204800000,96663.66,98942.19,96287.37,97809.62,6137.003645
1732219200000,97809.62,98718.23,97474.43,98320.38,3358.115224
1732233600000,98320.38,99290,97800,98828,4415.539446
1732248000000,98828,99434.8,98478.08,99166.57,3973.94187
1732262400000,99166.57,99259.1,98216.78,98864.17,4090.704494
1732276800000,98864.17,98946.98,97139.98,98663.19,6825.065387
1732291200000,98663.19,99593.2,98177.31,99076.36,4766.47462
1732305600000,99076.36,99461.51,98528.32,98886.58,2861.642935
1732320000000,98886.58,98892.66,98275.23,98647.61,3664.437935
1732334400000,98647.61,98799,98251.86,98535.84,2821.350328
1732348800000,98535.84,98615.59,98287.92,98403.51,2200.085416
1732363200000,98403.51,98838.28,98360.93,98363.04,2915.038231
1732377600000,98363.04,98446.33,97301.91,97489.14,4147.903023
1732392000000,97489.14,98030.64,97120,97672.5,2296.25748
1732406400000,97672.5,98564.52,97614.69,98184.67,3049.904647
1732420800000,98184.67,98413.85,97878.08,98407.08,2250.613795
1732435200000,98407.08,98452.82,97220.9,97264.62,3883.016918
1732449600000,97264.62,97617.74,95901.98,95902.01,8656.163454
1732464000000,95902.01,96761.6,95647.38,96314.99,3857.942797
1732478400000,96314.99,98370.69,96182.86,97927.53,3146.939635
1732492800000,97927.53,98062.04,96881.51,97879.98,4893.60841
1732507200000,97879.98,98364.05,97553.4,98039.08,4294.386126
1732521600000,98039.08,98870,97842.89,98168.23,5428.122889
1732536000000,98168.23,98313.57,94585.07,95997.55,8800.96369
1732550400000,95997.55,96499.54,94403.33,94656.64,5965.009509
1732564800000,94656.64,95310.28,92600,92970.66,6512.388784
1732579200000,92970.66,94915.95,92712,94463.64,7387.333361
1732593600000,94463.64,94998.05,93480.57,93773.68,5878.672273
1732608000000,93773.68,93774.58,91439.95,92338.57,8404.39397
1732622400000,92338.57,93559.92,91734.84,92812.17,6829.43016
1732636800000,92812.17,94680.48,91564.68,91674.63,6518.843225
1732651200000,91674.63,92359.35,90777.61,91956.47,4870.880967
1732665600000,91956.47,93049.76,91784.81,92589.17,7067.403124
1732680000000,92589.17,93639.16,92352.72,93585.1,5890.844438
1732694400000,93585.1,93881.37,93100,93367.37,4713.036982
1732708800000,93367.37,95863.08,92846.85,95562.72,6707.021063
1732723200000,95562.72,96633.2,95172.01,96621.21,6016.288693
1732737600000,96621.21,97205.49,95719.36,95840.17,4323.429346
1732752000000,95840.17,96561.44,94810,95473.19,4710.758148
1732766400000,95473.19,95910.7,95064.01,95308.74,3894.288809
1732780800000,95308.74,96000,94633.16,95461.82,6233.061469
1732795200000,95461.82,96212.74,94875,94988.52,6620.841937
1732809600000,94988.52,95444.4,94802.61,95120.93,2743.41275
1732824000000,95120.93,96016.66,94698.75,95643.21,2748.337142
1732838400000,95643.21,96855.6,95358.95,96582.52,5457.084791
1732852800000,96582.52,96617.35,95588.24,95612.72,3670.623535
1732867200000,95612.72,97363.48,95608.68,97235.37,3711.69582
1732881600000,97235.37,98623.43,96760.01,97989.36,5622.458956
1732896000000,97989.36,98424.12,96839.19,97334.29,3755.904478
1732910400000,97334.29,97652.47,96990.01,97442.02,1809.078773
1732924800000,97442.02,97450.7,96322.24,96640.3,2694.234243
1732939200000,96640.3,97238.64,96525.39,96800,2470.134337
1732953600000,96800,96962.43,96080.69,96252.12,1809.520009
1732968000000,96252.12,96736.04,96236.89,96639.03,1064.076191
1732982400000,96639.03,97076.15,96511.54,97007.04,1175.912133
1732996800000,97007.04,97041.64,96305.52,96416.45,898.216901
1733011200000,96416.45,96667.13,95695.61,96338.45,3122.897247
1733025600000,96338.45,96528.81,96186.55,96464.9,1216.516482
1733040000000,96464.9,97200,96417.84,97111.82,2454.086177
1733054400000,97111.82,97408.6,96677.53,97041.87,2797.791539
1733068800000,97041.87,97529.19,96955.93,97168.43,1553.825544
1733083200000,97168.43,97833.27,96769.84,97192.64,2170.812973
1733097600000,97192.64,98136,96336.5,96459.5,4854.973725
1733112000000,96459.5,96935.82,95735.28,95990.49,5154.34435
1733126400000,95990.49,96105.76,94809.27,95122.59,5171.493334
1733140800000,95122.59,97210.95,94761.9,97034.86,5266.790069
1733155200000,97034.86,97362.37,94377.93,95830.29,6402.897587
1733169600000,95830.29,96352.39,95093.93,95819.47,3304.094527
1733184000000,95819.47,96293.92,95390.17,96061.51,3409.232662
1733198400000,96061.51,96247.68,95270.96,95542.84,2455.047235
1733212800000,95542.84,95666.07,94610.01,94988.31,2721.2084
1733227200000,94988.31,96255.8,93571,95677.56,6947.213729
1733241600000,95677.56,96168.78,94258.45,95427.87,4231.431843
1733256000000,95427.87,96141.19,95262.2,95848.38,3013.334852
1733270400000,95848.38,96621.27,95191.92,95755.21,3408.259252
1733284800000,95755.21,96738.03,95695.51,96597.8,2515.480499
1733299200000,96597.8,96976.3,96145.91,96174.38,2811.176895
1733313600000,96174.38,96566.76,95353.87,95758.15,5386.356195
1733328000000,95758.15,97219.79,94569.93,97203.57,5285.672282
1733342400000,97203.57,99000,97117.64,98573.35,5840.478168
1733356800000,98573.35,104285.37,97372,102961.53,12664.135268
1733371200000,102961.53,103562.6,101328.21,102250.47,6476.129071
1733385600000,102250.47,103137.62,102250.47,102575.98,4380.957614
1733400000000,102575.98,103559.99,100939.25,101305.49,7063.484941
1733414400000,101305.49,102018.86,98573.35,99022.66,6973.480963
1733428800000,99022.66,99504.39,90804.06,96908.75,9969.078186
1733443200000,96908.75,98788.96,96256.55,97730.08,6097.365836
1733457600000,97730.08,98307.59,97351.56,98150.28,4716.472523
1733472000000,98150.28,98700,97645.53,98061.46,4879.812798
1733486400000,98061.46,99500.03,97493.31,99312.31,7001.285198
1733500800000,99312.31,101800,98749.9,101441.29,6854.388662
1733515200000,101441.29,101901.83,99030.29,99723.09,3812.994394
1733529600000,99723.09,100435.79,99254.64,99296.58,3428.648756
1733544000000,99296.58,99688.27,98836.78,99405.07,3227.841305
1733558400000,99405.07,99839.78,99260.36,99627.34,2474.578105
1733572800000,99627.34,99802.09,99021.23,99741.01,3287.569181
1733587200000,99741.01,100265.33,99443.2,100073.52,3475.589324
1733601600000,100073.52,100437.44,99540,99843.19,2657.924901
1733616000000,99843.19,100348.73,99634.49,99929.99,2802.804018
1733630400000,99929.99,100033.93,99337.06,99668.1,2035.753036
1733644800000,99668.1,99880.2,98660.6,99749.63,3255.485752
1733659200000,99749.63,100531.75,99359.05,99912.63,4070.37875
1733673600000,99912.63,100194.97,99465.19,100104.87,2727.435201
1733688000000,100104.87,101369.66,99724.69,101112.48,2351.922309
1733702400000,101112.48,101217.47,98419.94,99100.73,4510.299839
1733716800000,99100.73,99739.55,98317.05,99573.95,2869.292916
1733731200000,99573.95,99693.85,98032.69,98081.38,5084.193928
1733745600000,98081.38,100432.65,97503.3,97802.36,6629.534375
1733760000000,97802.36,98386.73,96983.73,97074.36,5412.295773
1733774400000,97074.36,97587.93,94052.54,97282.39,9348.310763
1733788800000,97282.39,98140.95,95543.46,96927.64,8743.546184
1733803200000,96927.64,97499,95889.37,97191.07,6092.994844
1733817600000,97191.07,97924.98,96935.86,97726.01,5280.469841
1733832000000,97726.01,98279.75,95612.15,95646.56,8276.737792
1733846400000,95646.56,96492.95,94231.72,95842.52,10207.228531
1733860800000,95842.52,97197.56,95601.74,96585.84,4236.485913
1733875200000,96585.84,97617.2,95652.72,97388.48,5228.127733
1733889600000,97388.48,97780.35,97168.13,97330.56,3357.523703
1733904000000,97330.56,98478.72,97293.6,98306.08,3711.736976
1733918400000,98306.08,100789.46,98069.18,100364.46,6957.524419
1733932800000,100364.46,101152.5,99602.96,101122.03,6196.071688
1733947200000,101122.03,101894.76,100845.12,101133.19,4128.577674
1733961600000,101133.19,101835.37,100345.34,101046.57,4522.535401
1733976000000,101046.57,101214.16,100392.25,100493.6,3313.135481
1733990400000,100493.6,101120.91,100161.08,100370.79,4034.068022
1734004800000,100370.79,101869.99,100365.21,101797.37,7309.366492
1734019200000,101797.37,102560.63,99307.41,99471.9,7191.680764
1734033600000,99471.9,100477.2,99448.72,100001.68,4032.083315
1734048000000,100001.68,100356.43,99197.9,99715,3714.953492
1734062400000,99715,100232.24,99481.62,100135.61,2803.402947
1734076800000,100135.61,100792.02,99895.94,100352.94,2934.225836
1734091200000,100352.94,101381.97,99683.96,99865.83,5056.568141
1734105600000,99865.83,101923.08,99786.03,101454.47,4963.857729
1734120000000,101454.47,101870.35,101082.05,101431.58,2129.053156
1734134400000,101431.58,102661.3,101145.56,102080.35,5149.741456
1734148800000,102080.35,102161.66,101599.32,101825,2997.94009
1734163200000,101825,101878.77,101327.65,101585.01,2198.651118
1734177600000,101585.01,101752.17,100821.33,101627.11,4116.39004
1734192000000,101627.11,101735.29,100829.76,101327.1,4343.788714
1734206400000,101327.1,101493.59,100608.19,101414.21,2464.073725
1734220800000,101414.21,102200.07,101235.27,101738.23,3014.366335
1734235200000,101738.23,102854.83,101522,101734.11,3103.452846
1734249600000,101734.11,102699.12,101574.9,102659.04,1869.372061
1734264000000,102659.04,103349.95,102471.43,102707.62,3795.265068
1734278400000,102707.62,103499.42,102586.4,103262.42,2333.92277
1734292800000,103262.42,105358.34,102598.84,104486.9,3764.467998
1734307200000,104486.9,106657.87,104224.52,104582.07,3990.151757
1734321600000,104582.07,105418.4,104461.83,104990.22,1883.562415
1734336000000,104990.22,105030.99,103649.17,103769.12,2904.385929
1734350400000,103769.12,106508.94,103342.84,106331.33,6438.944951
1734364800000,106331.33,107799.99,105796.98,106582.1,7335.625283
1734379200000,106582.1,106658.98,105469.92,106061.34,3158.781635
1734393600000,106061.34,107005.19,105652.97,106866.23,3943.091207
1734408000000,106866.23,107138.02,106382.28,106822.37,2858.21423
1734422400000,106822.37,107527.41,106706.25,106808.25,3461.007692
1734436800000,106808.25,108374.89,105704.11,106472.61,7428.465908
1734451200000,106472.61,107657.07,106131.22,106478.91,5827.753259
1734465600000,106478.91,106919.8,105318.24,106121.56,3606.283674
1734480000000,106121.56,106500.78,104580.01,104761.24,5564.921165
1734494400000,104761.24,104761.24,103123,104261.39,6040.32729
1734508800000,104261.39,105033.33,103715.97,105012.8,3741.753489
1734523200000,105012.8,105352,103615.84,104428.35,6978.035194
1734537600000,104428.35,104997.08,102772.43,102794.75,6835.641762
1734552000000,102794.75,102985.44,99964.34,100206.58,8949.947213
1734566400000,100206.58,101293.85,98757.55,101179.01,7493.286614
1734580800000,101179.01,101717.28,100619.6,101648.51,3366.989597
1734595200000,101648.51,102625.89,101367.04,102464.59,3737.416759
1734609600000,102464.59,102810.32,99486.64,100669.31,5868.287824
1734624000000,100669.31,101200,96255.21,97203.86,8610.579657
1734638400000,97203.86,98450.01,95685.64,97461.75,5325.664864
1734652800000,97461.75,97823.24,95977.39,97112.23,5883.984733
1734667200000,97112.23,98250,96376,97825.99,5533.882813
1734681600000,97825.99,97868.54,92600.05,92717.72,7918.305462
1734696000000,92717.72,97569.58,92270.71,96986.77,7255.822322
1734710400000,96986.77,97749.04,96299.92,97113.62,5055.957167
1734724800000,97113.62,97827.45,95421.08,97810.53,4052.323395
1734739200000,97810.53,97815.85,97178.56,97493.04,3540.691156
1734753600000,97493.04,99550,97377.86,99044.24,3987.681953
1734768000000,99044.24,99182.62,97787.95,98264.05,4216.267984
1734782400000,98264.05,98292.89,96400,97514.98,5290.827009
1734796800000,97514.98,97729.87,96808.32,97272.31,4932.953984
1734811200000,97272.31,98063.04,96519.14,97284.56,3258.205545
1734825600000,97284.56,97452.41,96553.67,96986.31,4311.010924
1734840000000,96986.31,97077.71,95892.07,96213.25,3953.094151
1734854400000,96213.25,97345.61,96192.38,97092.62,3180.366574
1734868800000,97092.62,97300,95125.83,95364.76,4810.473733
1734883200000,95364.76,96451.49,94664.23,94847.61,3851.07269
1734897600000,94847.61,95823.26,94243.36,95184.49,3419.089308
1734912000000,95184.49,96032.04,93692.95,96006.49,5089.52382
1734926400000,96006.49,96506.87,94700,95399.17,4825.502212
1734940800000,95399.17,96538.53,95032.01,95932.25,3841.659485
1734955200000,95932.25,96420,93104.8,93253.44,4966.240695
1734969600000,93253.44,94266.82,92581.71,93047.17,5171.101152
1734984000000,93047.17,95509.84,92517.83,94886.47,4465.159185
1734998400000,94886.47,94886.48,93560.17,94357.44,3743.546259
1735012800000,94357.44,94653.53,93806.37,94234.86,2731.711556
1735027200000,94234.86,94646.28,93841.66,94392.57,3321.492551
1735041600000,94392.57,98309.64,94071.89,98299.9,5107.595613
1735056000000,98299.9,99499.99,97557.88,97578.36,5524.218822
1735070400000,97578.36,99095.1,97249.41,98671.43,3509.75913
1735084800000,98671.43,98891.95,97721.97,98038.88,3291.027368
1735099200000,98038.88,98588.72,97843.48,98092.02,2538.298474
1735113600000,98092.02,99355.97,97790.4,97932.75,3830.453831
1735128000000,97932.75,98850,97629.66,98543.3,4801.128684
1735142400000,98543.3,99313.4,98142.37,99037.34,3120.048165
1735156800000,99037.34,99601.85,98375.34,99440.87,3364.376498
1735171200000,99440.87,99980.75,98485.27,98990.77,4015.804512
1735185600000,98990.77,98991.68,97712.01,97728.3,3151.084867
1735200000000,97728.3,97775.67,95194,95708.63,5028.139348
1735214400000,95708.63,96290.26,95231.22,96036.42,4760.650919
1735228800000,96036.42,96629.09,95431.53,96100.47,4677.480028
1735243200000,96100.47,96119.99,95294.92,95783.86,3439.600502
1735257600000,95783.86,96457.66,95399.4,96416.79,3471.661753
1735272000000,96416.79,96617.51,94651.21,95102.45,3835.786665
1735286400000,95102.45,97547.24,95102.45,96950.3,5192.982709
1735300800000,96950.3,97035.61,94000,94582.4,5548.895481
1735315200000,94582.4,95000,93481.23,94748.06,4262.141425
1735329600000,94748.06,94827.92,94127.67,94300.45,2606.971063
1735344000000,94300.45,94717.41,94127.01,94584.53,2687.304978
1735358400000,94584.53,94808.47,94291.93,94371.72,1564.093695
1735372800000,94371.72,94891.25,94301,94752.09,1338.813767
1735387200000,94752.09,95335.44,94364.17,94444.65,2892.706323
1735401600000,94444.65,95252.21,94386.69,95033.35,2775.557426
1735416000000,95033.35,95738.6,94875.15,95298.41,1916.799478
1735430400000,95298.41,95342.7,94805.21,95176.44,2765.715873
1735444800000,95176.44,95284.39,94960,95265.7,1326.140556
1735459200000,95265.7,95317.95,95010.06,95027.14,1142.847646
1735473600000,95027.14,95231.97,94000.01,94513.48,3484.361641
1735488000000,94513.48,94583.31,93354.13,93599.19,4621.943491
1735502400000,93599.19,93938.04,93000,93740.11,3745.333788
1735516800000,93740.11,94289.3,93363.59,93716.13,4832.443973
1735531200000,93716.13,94046.62,93228.25,93719.23,3137.008115
1735545600000,93719.23,94068.24,93469.63,93920.66,2459.285715
1735560000000,93920.66,94276.15,91514.06,92121,6256.679508
1735574400000,92121,94688.82,91796.27,94428.21,5473.344147
1735588800000,94428.21,95017.22,91900,92789.06,4091.775206
1735603200000,92789.06,92900.99,92032.52,92509.19,2102.838258
1735617600000,92509.19,93039.51,92351.01,92860.7,1467.09233
1735632000000,92860.7,94736.74,92839.4,94237.66,2989.144886
1735646400000,94237.66,96289.09,94237.66,95425.71,4796.160268
1735660800000,95425.71,95610.73,93192.76,94176.61,3321.631516
1735675200000,94176.61,94249.37,93380.48,93571.01,1604.9522
1735689600000,93571.01,94482.29,93484.52,93838.2,1358.321417
1735704000000,93838.2,93940.36,93527.54,93693.32,657.949374
1735718400000,93693.32,93764.52,92912.18,93443.35,1442.271469
1735732800000,93443.35,94512.59,93400,94437.91,2472.811755
1735747200000,94437.91,94823.29,93753.78,94626.58,2099.925498
1735761600000,94626.58,95171.35,94544.53,94602.88,2023.250119
1735776000000,94602.88,95530.93,94390.09,95016.6,3958.89471
1735790400000,95016.6,96021.19,94992.06,95832.07,2664.908274
1735804800000,95832.07,96886.52,95637.53,96747.73,3274.62008
1735819200000,96747.73,97428.57,95947.36,96468.58,5798.282604
1735833600000,96468.58,97788.7,96047.16,97329.01,5229.880908
1735848000000,97329.01,97850,96686.02,96997.37,2345.808301
1735862400000,96997.37,97356.31,96652.85,97064.12,1571.430144
1735876800000,97064.12,97080.5,96291.06,96311.86,1636.513248
1735891200000,96311.86,96836.78,96100,96755.91,2038.354199
1735905600000,96755.91,97670,96466.58,97525.02,4702.481289
1735920000000,97525.02,98988.01,97401,98588.91,4725.505379
1735934400000,98588.91,98747.67,98073.01,98182.95,2345.849566
1735948800000,98182.95,98315.75,97794.8,98191.28,1377.602252
1735963200000,98191.28,98339.04,97863.75,98275.56,1136.572586
1735977600000,98275.56,98305.6,97563.3,97890.28,1345.17962
1735992000000,97890.28,98164.09,97525,97662.47,1894.490061
1736006400000,97662.47,98356.16,97571.01,98169.12,1567.164837
1736020800000,98169.12,98783,98158.35,98225.07,1826.536069
1736035200000,98225.07,98396.65,98041.15,98190.69,1185.669299
1736049600000,98190.69,98533.73,98190.69,98265.44,998.98007
1736064000000,98265.44,98265.45,97572.74,97650.3,1612.345517
1736078400000,97650.3,98271.96,97275.01,98037.76,2674.592399
1736092800000,98037.76,98337.5,97585.61,98080.59,2027.961472
1736107200000,98080.59,98841.92,98013.51,98372.94,2303.328047
1736121600000,98372.94,99300,97916.5,99041.06,4619.681974
1736136000000,99041.06,99924.25,99041.06,99314.92,3565.258429
1736150400000,99314.92,99627.99,98709.17,99274.81,3105.13326
1736164800000,99274.81,102480.52,98701.7,102155.92,7119.838474
1736179200000,102155.92,102479.17,101238.71,101802.52,5564.572906
1736193600000,101802.52,102328.54,101582.8,102222.38,2361.891417
1736208000000,102222.38,102734.03,101510.71,101703.32,3256.457868
1736222400000,101703.32,102015,101580.8,101683.37,1860.026582
1736236800000,101683.37,102004.15,100484.5,100848.8,2759.480112
1736251200000,100848.8,100977.01,97155,97954.18,8199.87756
1736265600000,97954.18,98360.42,96303.9,96452.28,5347.425059
1736280000000,96452.28,97222.07,96141.6,96950.74,3437.874264
1736294400000,96950.74,97274.08,96218.53,96521.96,4690.29615
1736308800000,96521.96,96653.26,95234.86,95660.15,5134.465191
1736323200000,95660.15,96135.78,94519.97,95133.01,4025.143316
1736337600000,95133.01,96075.23,94633.1,95489.28,7394.485197
1736352000000,95489.28,95505.39,92508.06,94253.55,6826.845967
1736366400000,94253.55,95303.46,93611.87,95056.22,3234.193848
1736380800000,95056.22,95392.64,93435.34,94008.58,6021.522405
1736395200000,94008.58,94619.23,93188.6,93222.02,4470.287979
1736409600000,93222.02,93874.54,92746.35,93458.42,5157.093335
1736424000000,93458.42,94584.14,91777.1,94249.18,5789.232705
1736438400000,94249.18,94708.66,91895.97,91908.12,5809.362948
1736452800000,91908.12,92725.08,91200,92543.96,6855.264163
1736467200000,92543.96,93739.82,92463.12,93703.07,5463.521422
1736481600000,93703.07,94995.09,93492.7,94499.5,5350.429624
1736496000000,94499.5,95271,94376.61,95059.69,4316.517507
1736510400000,95059.69,95124.16,92204.6,93738.25,10544.92692
1736524800000,93738.25,95856.34,93198.21,95317.4,8334.48073
1736539200000,95317.4,95454.42,94585.24,94723.41,3037.324935
1736553600000,94723.41,94752.15,94100.2,94199.25,2844.327965
1736568000000,94199.25,94443.6,93836.29,94247.25,1850.666974
1736582400000,94247.25,94788.18,94026,94620.56,1872.534409
1736596800000,94620.56,94664.8,94300.05,94419.81,1887.23223
1736611200000,94419.81,94713.75,93979.47,94242.47,2190.6368
1736625600000,94242.47,95028.53,94188.75,94617.18,1969.934027
1736640000000,94617.18,94701.94,94300,94628.78,1421.226633
1736654400000,94628.78,94655.48,94274.23,94333.26,994.180979
1736668800000,94333.26,94398.89,93716.62,94254.61,2120.023973
1736683200000,94254.61,95468.68,94168.92,95082.23,3601.663106
1736697600000,95082.23,95317.37,94589.9,94664.46,2997.827059
1736712000000,94664.46,94816.44,93804.07,94552.84,3499.279448
1736726400000,94552.84,95950.05,93900,94259.83,7016.13229
1736740800000,94259.83,94923.04,93270.91,93591.34,5513.054182
1736755200000,93591.34,93657.56,90834.47,90855.61,7004.52565
1736769600000,90855.61,93100,89147,92118.82,9930.930138
1736784000000,92118.82,92541.98,91234.9,92306.66,6445.82878
1736798400000,92306.66,94739.3,91896.79,94544.68,4844.895013
1736812800000,94544.68,95312.32,94371.99,94883.85,5917.567516
1736827200000,94883.85,95500,94765.93,94884.56,3401.269895
1736841600000,94884.56,97386.1,94878.15,96558.96,7220.764385
1736856000000,96558.96,97287.7,95760.8,96462.25,9239.560054
1736870400000,96462.25,97100.99,95354.51,96552.98,7566.916231
1736884800000,96552.98,96936.45,96154.36,96566.31,3278.475825
1736899200000,96566.31,97560.79,96503.41,97324.01,8138.969772
1736913600000,97324.01,97728.54,96755.94,97304.76,4855.725083
1736928000000,97304.76,97545.4,96518.42,96755.86,5132.760892
1736942400000,96755.86,99799,96535.14,98998.31,9855.275373
1736956800000,98998.31,99977,98601.84,99853.51,5601.0481
1736971200000,99853.51,100686.24,99454.23,100508.73,3261.91469
1736985600000,100508.73,100887.2,99171.99,99477.98,4176.547099
1737000000000,99477.98,99915.31,99319.97,99820.03,1860.125427
1737014400000,99820.03,99841.32,98628.41,99163.41,3790.176174
1737028800000,99163.41,99529.38,97328.76,99291.4,6544.358789
1737043200000,99291.4,100449.73,99077.84,100413.97,4462.304458
1737057600000,100413.97,100645,99391.46,99982.56,2571.935695
1737072000000,99982.56,102156.09,99943.55,101050.33,5748.076593
1737086400000,101050.33,101902.23,100927.38,101431.16,3548.325323
1737100800000,101431.16,102593.87,101431.15,102229.23,5013.385425
1737115200000,102229.23,104248.98,102184.36,104003.86,8423.283953
1737129600000,104003.86,105844.8,103820.38,105832.38,7878.959967
1737144000000,105832.38,105846.03,104076.55,104084.75,4028.779718
1737158400000,104084.75,104659.85,103036.96,103552.84,3399.025493
1737172800000,103552.84,103760.9,102595,102819.4,5351.760775
1737187200000,102819.4,103869.52,102265.67,103580.95,4522.734316
1737201600000,103580.95,104990.62,103133.38,104571.05,4126.048188
1737216000000,104571.05,104726.11,103129,104391.69,4355.208351
1737230400000,104391.69,104733.74,103760.44,104553.19,2438.610167
1737244800000,104553.19,105449.69,104009.75,104982.95,3826.069244
1737259200000,104982.95,105642.4,104262.85,105166.4,4608.77896
1737273600000,105166.4,105445.16,103448.36,104374.46,7154.963707
1737288000000,104374.46,105730.68,104318.81,104936.76,5532.470333
1737302400000,104936.76,106245.8,104502.08,106223.94,3063.776989
1737316800000,106223.94,106457.79,99652.18,101337.81,10612.50799
1737331200000,101337.81,102338.6,99544.15,101902.25,9403.044502
1737345600000,101902.25,109900,101544.35,107161.45,15857.952548
1737360000000,107161.45,109197.47,107139.43,108244.56,6885.126851
1737374400000,108244.56,108716.17,104511.05,104966.25,9680.562846
1737388800000,104966.25,107058.24,100508.39,103688.92,22236.275676
1737403200000,103688.92,104327.06,101728.74,102268.75,5133.290108
1737417600000,102268.75,103269.95,100074.14,102934.69,9048.049548
1737432000000,102934.69,102972.56,101094.6,102004.84,5910.156642
1737446400000,102004.84,103988.2,101730.14,103757.76,6369.65599
1737460800000,103757.76,105332.96,102809.49,103950.99,7502.706503
1737475200000,103950.99,107237.35,103811.1,107012.94,8554.940017
1737489600000,107012.94,107202.13,105404.73,106152.63,4390.118408
1737504000000,106152.63,106400,105457.27,105612.54,4303.840765
1737518400000,105612.54,105959.54,105048.71,105082.51,3775.95417
1737532800000,105082.51,105463.89,104643.48,105129.05,3975.816903
1737547200000,105129.05,105593.68,103646,104188.99,6304.763428
1737561600000,104188.99,104768.75,103334.3,104643.36,5656.524656
1737576000000,104643.36,104838.17,103628.71,103708.04,3074.974091
1737590400000,103708.04,103817.38,102100,102458.75,5394.32336
1737604800000,102458.75,102976.9,101586.05,102709.85,3906.998789
1737619200000,102709.85,102709.86,101251.41,101945.73,4065.569213
1737633600000,101945.73,106048.62,101320.59,105272.32,15106.35297
1737648000000,105272.32,106885.83,103397,103784.31,8721.855147
1737662400000,103784.31,106445.71,102195.36,103906.68,17636.877868
1737676800000,103906.68,104311.89,102747.12,103888.52,4158.004451
1737691200000,103888.52,105353,103793.12,105050.98,4170.188577
1737705600000,105050.98,105767.23,104918.43,105414.68,3132.211897
1737720000000,105414.68,106325.84,104668.52,105861.42,4549.865294
1737734400000,105861.42,107136.56,105582.32,105772.94,5177.055195
1737748800000,105772.94,105781.65,104428.32,104844.88,2909.246886
1737763200000,104844.88,105257.97,104344.72,105188.51,2227.904641
1737777600000,105188.51,105188.52,104212.13,104393.13,1552.767276
1737792000000,104393.13,104689.05,104094.9,104661.12,1505.099499
1737806400000,104661.12,105100,104451,104900.28,1665.377548
1737820800000,104900.28,105298.91,104454.46,105056.64,2007.50889
1737835200000,105056.64,105260.16,104701.4,104756.95,939.054489
1737849600000,104756.95,105233.27,104521.74,105053.74,1093.958987
1737864000000,105053.74,105521,104942.5,105003.1,1000.174605
1737878400000,105003.1,105226.21,104438.36,104826,1313.822257
1737892800000,104826,105095.36,104704.61,104974.26,935.197538
1737907200000,104974.26,105274.04,104907.06,105085.44,819.777929
1737921600000,105085.44,105203.25,102500,102608.32,3147.457352
1737936000000,102608.32,103265.39,100718.35,101388.79,6451.060788
1737950400000,101388.79,101396.9,97750.4,99034.32,8070.840571
1737964800000,99034.32,99550.45,98264.09,98748.53,6627.311493
1737979200000,98748.53,102328.29,98704.14,101110.83,8658.925944
1737993600000,101110.83,101248.51,98850.31,99692.93,7117.940292
1738008000000,99692.93,102443.38,99595.71,102069.33,3982.446081
1738022400000,102069.33,102912.56,101330.81,102635.9,2875.762424
1738036800000,102635.9,103357.37,102523.42,102785.54,2291.631104
1738051200000,102785.54,103180.16,102381.82,102753.31,2174.174453
1738065600000,102753.31,103819.46,101815.34,102784.97,5515.495817
1738080000000,102784.97,103109.96,101803.29,102424.24,4549.036426
1738094400000,102424.24,102538.21,100260.81,101323.2,3398.880427
1738108800000,101323.2,102310.48,101316.07,102026.87,1886.444183
1738123200000,102026.87,102854.19,101951.01,102765,1621.446542
1738137600000,102765,103019.84,102191.01,102634.63,2028.192868
1738152000000,102634.63,102830.37,101586.76,101981.73,4298.651457
1738166400000,101981.73,104029.15,101399.99,103584.51,6924.751687
1738180800000,103584.51,104797.15,102851.92,103745.58,5048.199661
1738195200000,103745.58,105320.1,103290.02,105207.25,4975.43355
1738209600000,105207.25,105636,104826,105147.24,3185.289477
1738224000000,105147.24,105567.3,104951.47,105320.1,2061.321817
1738238400000,105320.1,106457.04,104666,105581.14,4460.155785
1738252800000,105581.14,106020.75,104761.8,105721.01,2632.9698
1738267200000,105721.01,105835.39,104682.29,104732.28,1631.814776
1738281600000,104732.28,105033.66,103926,104328.07,1282.057769
1738296000000,104328.07,104822.41,103954.1,104200.01,1088.16146
1738310400000,104200.01,104851,103917.6,104733.15,1213.487817
1738324800000,104733.15,106027.86,104102.46,105456.21,2533.18921
1738339200000,105456.21,105578.59,102110.92,102291.95,4443.004363
1738353600000,102291.95,102475.45,101526.3,102427.07,3364.335608
1738368000000,102427.07,102781.4,102143.43,102229.41,1534.43448
1738382400000,102229.41,102579.7,102100.02,102160.39,1282.806952
1738396800000,102160.39,102268.32,101394.41,102022.54,2267.96799
1738411200000,102022.54,102319.32,101718.99,102066.21,2143.55789
1738425600000,102066.21,102274.03,101430.2,101646.84,2026.988132
1738440000000,101646.84,101646.84,100267.49,100634.02,3137.375755
1738454400000,100634.02,101467.7,99159.42,99205.97,5218.989231
1738468800000,99205.97,100496.19,99026.27,99620.55,4808.519966
1738483200000,99620.55,100107.03,98626,98867.28,4166.901082
1738497600000,98867.28,99428.21,98157.98,99340.8,4296.329063
1738512000000,99340.8,99364.82,96807.75,98260.09,8512.800262
1738526400000,98260.09,98627.21,96126.87,97690.9,6461.159407
1738540800000,97690.9,97774.22,91201,94036.31,28386.170878
1738555200000,94036.31,95398.48,92640.28,95301.24,7795.071321
1738569600000,95301.24,95934.62,94754.3,95092.35,5445.118992
1738584000000,95092.35,99500,94127.49,98850.15,10837.282331
1738598400000,98850.15,101878.56,98025.6,101878.55,9386.336116
1738612800000,101878.55,102481.93,100891.3,101332.37,5940.843751
1738627200000,101332.37,101720.83,100554.03,100632.74,4402.903511
1738641600000,100632.74,100778.63,98239.95,98446.66,8043.178636
1738656000000,98446.66,99436,97861.01,98985.29,4657.312219
1738670400000,98985.29,100461.93,98287.23,99362.71,7540.54849
1738684800000,99362.71,100816.67,98781.11,98869.97,7070.584595
1738699200000,98869.97,99468.01,96128.18,97769.73,10113.582135
1738713600000,97769.73,98945,97143.68,98048.97,6019.937915
1738728000000,98048.97,98353.65,97371.03,97866.25,3744.536869
1738742400000,97866.25,98309.57,97275.94,98228.12,3007.671661
1738756800000,98228.12,99186.61,97762.66,98113.72,5549.09446
1738771200000,98113.72,98293.17,96490.62,97374.19,6371.795644
1738785600000,97374.19,97717.44,96155.33,96609.92,3870.484609
1738800000000,96609.92,97509.16,96434.45,97352.25,4153.498698
1738814400000,97352.25,98439.99,97277.21,98209.41,3115.98769
1738828800000,98209.41,99142.68,97909.66,98872.45,3821.862939
1738843200000,98872.45,99049.2,96927.01,97338.04,8640.636796
1738857600000,97338.04,97550.8,95678.11,95995.25,8437.136261
1738872000000,95995.25,97082.43,95802.86,96551.47,4780.611639
1738886400000,96551.47,97835.85,96398.06,97456.31,4942.391202
1738900800000,97456.31,97863.82,96555.74,96735,4250.278731
1738915200000,96735,97770.41,96607.14,97764.55,3032.728018
1738929600000,97764.55,100154.49,97192.31,98295.4,10558.368309
1738944000000,98295.4,98584.77,96875.37,96900.44,7632.176085
1738958400000,96900.44,96945.44,95613.02,96495.93,4656.113485
1738972800000,96495.93,96887.72,96333.29,96691.78,2387.520072
1738987200000,96691.78,96691.79,95782.59,96200.71,2256.236764
1739001600000,96200.71,96299.34,95867.36,96129.56,1741.649922
1739016000000,96129.56,96490.99,95687.89,95844.96,2470.76217
1739030400000,95844.96,96753.42,95741.51,96596.93,1915.83168
1739044800000,96596.93,96720.4,96355.63,96452.01,1101.582969
1739059200000,96452.01,97318.07,96363.75,97314.53,2378.307801
1739073600000,97314.53,97328.01,96775.48,97069.28,1494.410441
1739088000000,97069.28,97298.99,96547.66,96557.43,1897.141371
1739102400000,96557.43,96709.79,95712.01,96485.35,3519.264719
1739116800000,96485.35,96580.98,95894.44,96060.35,2008.561125
1739131200000,96060.35,96758.1,94713.67,96463.8,5225.185656
1739145600000,96463.8,97137.79,95250.81,96811.02,6065.794676
1739160000000,96811.02,97656.17,96626.03,97428.74,3669.302914
1739174400000,97428.74,97970.81,97356.89,97672.02,3458.011898
1739188800000,97672.02,98364.12,96867.29,97232.09,6169.498342
1739203200000,97232.09,97671.29,96871.77,97390.39,3854.378874
1739217600000,97390.39,97505.97,97130.32,97435.56,1340.540399
1739232000000,97435.56,98144.73,97420.72,97623.53,3102.245451
1739246400000,97623.53,98493.17,97567.65,98272.1,2799.05858
1739260800000,98272.1,98349.99,97870.9,98141.51,2185.041667
1739275200000,98141.51,98156.01,96600.44,97029.01,6038.026862
1739289600000,97029.01,97060.02,94874.95,95045.58,5821.765666
1739304000000,95045.58,96530,94934.81,95786.53,3867.296349
1739318400000,95786.53,96273.67,95108.97,95301.02,3749.072344
1739332800000,95301.02,96187.5,95265.24,96077.47,3110.52582
1739347200000,96077.47,96474.5,95899.99,96097.6,2854.043646
1739361600000,96097.6,96619.26,94069.03,95793.31,10994.892638
1739376000000,95793.31,97709.4,95120.01,97206.5,7181.043186
1739390400000,97206.5,98115.9,96839.11,97867.85,4104.499021
1739404800000,97867.85,98089.84,97369.95,97508.64,2760.945725
1739419200000,97508.64,97566.03,95806.22,96074.04,4389.734421
1739433600000,96074.04,96345.32,95543.06,95929.99,3551.888767
1739448000000,95929.99,96482.01,95324.59,95990.95,6570.45565
1739462400000,95990.95,96377.16,95218.26,95637.46,5588.51613
1739476800000,95637.46,96780.67,95595.23,96608.68,2885.504991
1739491200000,96608.68,97203.84,96381.99,97153.6,3567.761468
1739505600000,97153.6,97254.33,96569,96941.87,2238.352045
1739520000000,96941.87,97203.87,96800.29,96885.2,2096.389463
1739534400000,96885.2,97587.09,96274.23,96938.31,6409.505153
1739548800000,96938.31,98849.44,96487.9,97955.62,7674.154578
1739563200000,97955.62,98269.55,96693.49,97504.86,3997.434739
1739577600000,97504.86,97973.99,97223.75,97662.85,2795.106831
1739592000000,97662.85,97790.6,97340,97340,1581.111397
1739606400000,97340,97735.2,97301.72,97628.48,1700.325527
1739620800000,97628.48,97944.6,97428.46,97639.65,3767.128996
1739635200000,97639.65,97720.58,97318.62,97539.06,2969.158817
1739649600000,97539.06,97744.85,97404.4,97578.44,2883.498324
1739664000000,97578.44,97710.79,97399.47,97552.23,1516.004715
1739678400000,97552.23,97684.33,97205.2,97252.21,796.603643
1739692800000,97252.21,97395.41,97052.09,97337.4,941.397857
1739707200000,97337.4,97338.64,96684.86,96902.77,1636.578783
1739721600000,96902.77,97169.39,96630.57,97048.16,1459.023795
1739736000000,97048.16,97289.6,96038.95,96102.77,2002.21566
1739750400000,96102.77,96633.84,96023.7,96206.53,3173.642546
1739764800000,96206.53,96472.01,95799.98,96062.29,3141.370059
1739779200000,96062.29,96415.72,95927.2,96078.03,3330.559022
1739793600000,96078.03,97037.81,95559.54,95663.26,4576.300922
1739808000000,95663.26,95950,95202.44,95537.28,4888.173947
1739822400000,95537.28,96425.89,95498.15,95784.63,2460.322657
1739836800000,95784.63,96318.63,95553.25,96199.86,2735.681554
1739851200000,96199.86,96306.19,95238.35,95453.7,4069.807992
1739865600000,95453.7,95885.09,95088.22,95636.43,3456.328494
1739880000000,95636.43,96749.99,95204.53,95552.2,7876.117093
1739894400000,95552.2,95642.89,93391.66,94106.87,10288.3988
1739908800000,94106.87,95678.99,93740.75,95664.63,6088.564357
1739923200000,95664.63,95964.22,95053.74,95712.9,3195.660594
1739937600000,95712.9,95853.17,95048.93,95689.69,2416.34322
1739952000000,95689.69,96486.39,95627,96438.83,2694.600106
1739966400000,96438.83,96710.92,95538.22,95949.69,5724.360714
1739980800000,95949.69,96499.05,95418.19,96211.36,5340.969625
1739995200000,96211.36,96895.61,96054.59,96648.23,3662.898072
1740009600000,96648.23,97400,96426.31,97068.64,3500.962058
1740024000000,97068.64,97357.28,96789.16,96874.7,2579.794196
1740038400000,96874.7,97396.55,96795.24,97213.85,1740.014484
1740052800000,97213.85,98038.75,96813.09,96910.4,7957.005829
1740067200000,96910.4,98524.76,96874.04,98415.73,6335.01372
1740081600000,98415.73,98730.85,97995.62,98305.43,3106.709518
1740096000000,98305.43,98507.56,98079.67,98154.69,2551.966126
1740110400000,98154.69,98605.45,98126.05,98181.89,1726.896895
1740124800000,98181.89,98927.75,98109.08,98637.5,3761.425665
1740139200000,98637.5,99493.55,97138.3,98043.8,14088.051075
1740153600000,98043.8,98697.74,95095.36,95139.33,8829.429311
1740168000000,95139.33,96064.65,94605,96011.34,2304.910129
1740182400000,96011.34,96411.81,95676.88,96174.44,1054.809614
1740196800000,96174.44,96498.88,96152.59,96210.52,1087.007397
1740211200000,96210.52,96566.73,96062.43,96543.77,950.890165
1740225600000,96543.77,96953.54,96485.42,96582.21,580.179456
1740240000000,96582.21,96798.44,96327.31,96591.59,556.001677
1740254400000,96591.59,96646.5,96465.15,96524.54,266.163761
1740268800000,96524.54,96597.95,96329.87,96408.45,195.98106
1740283200000,96408.45,96533.15,96138.24,96488.25,307.012978
1740297600000,96488.25,96488.25,96071.22,96106.6,287.863815
1740312000000,96106.6,96154.7,95428,95447.93,676.151677
1740326400000,95447.93,95864.26,95243.8,95754.02,610.720413
1740340800000,95754.02,96321.65,95549.23,96260.91,542.946687
1740355200000,96260.91,96497.02,95306.16,95428.84,968.015055
1740369600000,95428.84,95938.65,95077.36,95849.99,761.252488
1740384000000,95849.99,96150.07,95359.54,95825.76,784.724075
1740398400000,95825.76,96093.59,93845.87,94370.67,2073.863783
1740412800000,94370.67,95201.14,93686.23,93965.71,2459.076763
1740427200000,93965.71,94580.35,91311.43,91514.37,3800.763178
1740441600000,91514.37,92522.5,90873.75,92147.77,2886.510719
1740456000000,92147.77,92310.78,88153.48,89263.13,4531.308196
1740470400000,89263.13,89962.07,86852.9,89242.29,6359.938451
1740484800000,89242.29,89535.24,86053,87239.91,6392.850166
1740499200000,87239.91,88071.42,86182.05,87950.37,4228.698176
1740513600000,87950.37,89450,87633.3,88690.19,2573.716848
1740528000000,88690.19,89400,88200,88904.12,1400.1685
1740542400000,88904.12,89243.32,88412.08,88714.34,1183.765829
1740556800000,88714.34,89311.12,88189.47,88624.28,1492.394556
1740571200000,88624.28,88690.77,85409.12,87525.34,4374.231922
1740585600000,87525.34,87766.78,83282.61,83807.82,5629.027102
1740600000000,83807.82,85382.26,82115,84203.16,3965.874943
1740614400000,84203.16,85399.44,84021.47,85201.56,3507.811539
1740628800000,85201.56,86698.21,84671.65,86248.18,2155.144546
1740643200000,86248.18,87058.56,85850.72,86678.38,1922.948539
1740657600000,86678.38,86780.49,84654.49,85495.32,2931.325822
1740672000000,85495.32,85679.36,83601.98,84099.02,1947.076841
1740686400000,84099.02,84927.4,82712.86,84711.75,1477.307445
1740700800000,84711.75,84896.82,79500.13,80421.87,4255.747388
1740715200000,80421.87,80935.79,78889,79217.47,3835.378949
1740729600000,79217.47,80834.6,78259.6,80510.28,2440.890007
1740744000000,80510.28,84405.34,80081.41,83996.07,3473.152668
1740758400000,83996.07,85155.39,83191.3,84440.51,2311.894831
1740772800000,84440.51,84783.18,83611,84348.33,795.056128
1740787200000,84348.33,85687.49,83817.01,85354.65,940.124892
1740801600000,85354.65,86584.84,84716.82,84732.1,1510.547892
1740816000000,84732.1,85498.84,84376.5,84625.6,1027.103952
1740830400000,84625.6,84935.88,84327.84,84793.27,694.23075
1740844800000,84793.27,85585.22,84699.51,85485.69,679.919119
1740859200000,85485.69,86273.24,85288.14,86061.73,634.794794
1740873600000,86061.73,86499,85624.1,85873.39,701.865779
1740888000000,85873.39,86610.71,85541.22,86247.71,688.245334
1740902400000,86247.71,86275.5,85669.84,86097.74,814.270105
1740916800000,86097.74,88713.02,85047.52,87446.78,2170.832833
1740931200000,87446.78,95084,87335.64,93547.25,5040.448922
1740945600000,93547.25,94861.79,93546.03,94287.51,1614.891697
1740960000000,94287.51,94428.46,92456.59,92728.75,1378.900282
1740974400000,92728.75,93355.82,91188.72,92362.33,1519.367523
1740988800000,92362.33,92914.15,91145.44,92757.65,1792.019518
1741003200000,92757.65,93726.61,89156.99,90075.14,3927.903288
1741017600000,90075.14,91024.08,85523.58,85576.72,4620.339234
1741032000000,85576.72,87018.54,85090.01,86211.35,2223.548554
1741046400000,86211.35,86780.89,82430.15,83978.03,2958.613484
1741060800000,83978.03,84585.8,83141.44,83184.22,1483.244706
1741075200000,83184.22,84377.69,83025.2,83936.01,1228.590508
1741089600000,83936.01,84970.84,81500,82979.22,3684.825791
1741104000000,82979.22,88544.95,82029.64,88223.2,4502.88161
1741118400000,88223.2,88968.75,86609.46,87304.75,2094.062074
1741132800000,87304.75,87907.33,86388.9,86863.93,1190.795451
1741147200000,86863.93,87734.41,86760.39,87613.11,1086.490033
1741161600000,87613.11,90656.61,87600.01,89815.01,2089.006312
1741176000000,89815.01,90943.87,87956.53,88352.55,2954.384555
1741190400000,88352.55,90480.14,87590.01,89755.39,2038.039158
1741204800000,89755.39,91030.45,89673.64,90611.79,1131.582584
1741219200000,90611.79,92026.49,89989.82,91618.78,1722.209868
1741233600000,91618.78,92820,91283.43,91357.12,1776.113336
1741248000000,91357.12,91677.31,90618.98,91357.12,1351.912122
1741262400000,91357.12,91455.09,89114.3,90821.68,2506.478987
1741276800000,90821.68,91066.3,87846.01,88538.64,2167.310355
1741291200000,88538.64,90780.4,88476.91,89931.67,1706.521123
1741305600000,89931.67,91288.25,84654.71,86984.39,4560.731664
1741320000000,86984.39,88625,86846.6,88371.39,1332.819028
1741334400000,88371.39,89705.69,88003.65,88980.57,1154.578851
1741348800000,88980.57,91135.4,88045.74,88484.51,3687.458258
1741363200000,88484.51,89068.92,86573,87856.25,3021.539195
1741377600000,87856.25,88527.91,85597.43,86820.44,2405.253424
1741392000000,86820.44,86922.76,85226.28,85928.64,1067.024209
1741406400000,85928.64,86670.15,85665,86218.95,784.566404
1741420800000,86218.95,86465.5,85770.23,85963.36,830.018553
1741435200000,85963.36,86642.02,85817.38,86410.98,936.102808
1741449600000,86410.98,86500,85676.74,86235.15,848.54479
1741464000000,86235.15,86516.69,85871.83,86230.07,445.191461
1741478400000,86230.07,86532.9,85959.6,86130.24,408.883451
1741492800000,86130.24,86176.34,85807.51,86012.39,384.373615
1741507200000,86012.39,86103.52,84658.06,85009.55,1148.383155
1741521600000,85009.55,85046.86,82768,83072.57,1946.950519
1741536000000,83072.57,83726.31,82211.07,82579.03,3143.982965
1741550400000,82579.03,83498.54,79957.36,80717.37,2336.005198
1741564800000,80717.37,82723.62,80004.04,82030.63,1988.997418
1741579200000,82030.63,82788.98,81980.99,82321.22,1180.041414
1741593600000,82321.22,84063.06,81135.88,83567.21,2172.170246
1741608000000,83567.21,83769.61,79167.56,80029.52,3310.56798
1741622400000,80029.52,80244.28,77431.98,79058.56,3456.820725
1741636800000,79058.56,79872.95,78398.35,78596.44,2138.002492
1741651200000,78596.44,79918.49,76589.78,79526.94,2763.976942
1741665600000,79526.94,80611.01,79447.46,80405.24,1609.172823
1741680000000,80405.24,82076.04,80313.66,81714.99,2999.660396
1741694400000,81714.99,82245.55,79041.81,81222.02,4197.315971
1741708800000,81222.02,83626.71,80619.74,83119.26,2364.637842
1741723200000,83119.26,83308.42,82560.45,82926.63,878.450691
1741737600000,82926.63,83770,82105.83,82130.64,1293.318771
1741752000000,82130.64,82562.66,81291.39,82459.59,1968.649624
1741766400000,82459.59,83086.24,82068.94,83015.05,2205.328943
1741780800000,83015.05,84500.61,80605,81703.87,4612.151715
1741795200000,81703.87,83151.99,81584.13,82910.01,2169.03863
1741809600000,82910.01,83886.07,82700.33,83678.57,682.406245
1741824000000,83678.57,84350.2,83325.21,83579.86,1096.806012
1741838400000,83579.86,83708.09,82860.14,83163.51,1066.145818
1741852800000,83163.51,83530.46,82403.33,82969.09,1296.176104
1741867200000,82969.09,83899.65,80955.94,81037.31,2174.836095
1741881600000,81037.31,81244.21,79931.97,80198.83,1789.683359
1741896000000,80198.83,81474.82,80183.32,81113.15,1045.412349
1741910400000,81113.15,82259.98,80809.44,81900.06,856.032327
1741924800000,81900.06,82453.12,81782.6,82176.61,587.796739
1741939200000,82176.61,83357.65,82172.41,83255.79,1114.078517
1741953600000,83255.79,85349.45,82638.57,84760.53,3371.078427
1741968000000,84760.53,84987.63,83989.32,84565.58,2213.466076
1741982400000,84565.58,84569.21,83749.93,83991.99,898.230032
1741996800000,83991.99,84686.36,83969.33,84495.41,752.661432
1742011200000,84495.41,84581.15,83812.96,83844.45,583.90335
1742025600000,83844.45,84187.83,83623.11,84100.01,825.564859
1742040000000,84100.01,84477.05,84015.66,84338.39,689.985533
1742054400000,84338.39,84489.64,84106.26,84293.12,385.344815
1742068800000,84293.12,84477.04,84247.85,84337.42,202.634025
1742083200000,84337.42,84388.95,83750,84325.88,449.32208
1742097600000,84325.88,84421.01,83983.04,84283.25,375.174423
1742112000000,84283.25,84335.19,82370.37,82400.39,872.951186
1742126400000,82400.39,83479.99,82384.69,83307.97,1418.73561
1742140800000,83307.97,85150,82557.28,83096.48,1726.932751
1742155200000,83096.48,83449.9,81983.88,82573.8,1029.455603
1742169600000,82573.8,83729.18,82515.5,83679,725.318763
1742184000000,83679,83874.66,82681.17,83556.57,880.236798
1742198400000,83556.57,83783.74,83207.1,83510.45,776.607141
1742212800000,83510.45,84000,82436.28,83534.26,2524.540316
1742227200000,83534.26,84763.95,83119.01,84484.98,1336.739064
1742241600000,84484.98,84506.52,83736.41,84004.03,558.097149
1742256000000,84004.03,84020.99,82951.93,83149.06,975.171777
1742270400000,83149.06,83272.36,82250.01,83166.08,1456.949024
1742284800000,83166.08,83483.66,82500,82582.33,1088.395114
1742299200000,82582.33,82823.28,81143.09,81602.82,2728.367992
1742313600000,81602.82,82468.12,81241.49,82306.99,1971.976317
1742328000000,82306.99,82813.42,81872.18,82713.43,962.564404
1742342400000,82713.43,83250.94,82548.88,83040.67,811.149779
1742356800000,83040.67,83373.84,82796.77,83205.31,927.414974
1742371200000,83205.31,84100,83192.89,83888.98,1679.283358
1742385600000,83888.98,84890.86,83519.72,84733.09,2577.337362
1742400000000,84733.09,85940.27,83573.28,85438.65,3858.92742
1742414400000,85438.65,87000,85210.88,86831.27,1378.413079
1742428800000,86831.27,87433.69,85621.56,85895.2,1836.846702
1742443200000,85895.2,86004.89,85432.93,85817.43,883.193712
1742457600000,85817.43,86322.71,84771.53,85492.51,1761.686001
1742472000000,85492.51,86525,84572.09,84694.03,3002.823613
1742486400000,84694.03,84916.6,83640.01,84170.37,2868.236331
1742500800000,84170.37,84600.96,83922.2,84218.18,940.809484
1742515200000,84218.18,84844,84166.83,84452.01,802.793724
1742529600000,84452.01,84807.7,83727,83940.65,976.021261
1742544000000,83940.65,84334.58,83734.37,84047.8,856.185662
1742558400000,84047.8,84366.1,83173,83566,1499.05464
1742572800000,83566,84445.5,83367,83963.7,936.988599
1742587200000,83963.7,84597.2,83815.4,84096.3,421.784115
1742601600000,84096.3,84329.9,83992.2,84254.6,390.077849
1742616000000,84254.6,84432.2,84167.3,84279.9,300.869625
1742630400000,84279.9,84540.6,84125.8,84240.1,345.674676
1742644800000,84240.1,84301.5,83970.3,84103.7,306.745096
1742659200000,84103.7,84325,84060.4,84171.7,260.245634
1742673600000,84171.7,84205.3,83659.8,83843.5,364.821637
1742688000000,83843.5,84280.4,83805,84234.3,257.936638
1742702400000,84234.3,84330.9,84067,84273.5,234.909821
1742716800000,84273.5,85022.4,84256.1,84687.1,690.189789
1742731200000,84687.1,85253.1,84571.9,85178.1,784.260128
1742745600000,85178.1,85417.5,84812.4,85015.6,751.340227
1742760000000,85015.6,86122.8,84919.8,86085,935.948043
1742774400000,86085,86633.5,85532.8,86541.6,1407.586342
1742788800000,86541.6,87300,86541.5,86885.2,1593.823494
1742803200000,86885.2,87912.34,86864.5,87693.5,1382.416843
1742817600000,87693.5,88773.5,87160.1,88336.6,2961.47014
1742832000000,88336.6,88533.2,87700.9,88209.8,2026.639019
1742846400000,88209.8,88469.4,87071.7,87491.1,1746.036568
1742860800000,87491.1,87680.2,86341.4,86517.6,1485.185527
1742875200000,86517.6,86869.6,86305.2,86445,1289.33336
1742889600000,86445,87497.6,86407,87376.5,1262.167713
1742904000000,87376.5,88252,86937.9,87777.8,3344.750622
1742918400000,87777.8,88332,87576,88098.4,1733.872611
1742932800000,88098.4,88530.6,87137.6,87401.9,1666.400993
1742947200000,87401.9,87905.6,87038.8,87165.6,970.518004
1742961600000,87165.6,88285.7,87058.9,88148.1,1123.775483
1742976000000,88148.1,88274.9,87832.6,87964,755.324555
1742990400000,87964,88023.5,86430.6,86733.4,3290.219577
1743004800000,86733.4,87051.5,85851,86555,2161.836394
1743019200000,86555,87383.4,86500.1,86907.1,1215.075179
1743033600000,86907.1,87757.9,86800.1,87671.9,928.700005
1743048000000,87671.9,87690.2,87250,87399.3,571.792482
1743062400000,87399.3,87605.6,86792.5,86940.1,1084.401019
1743076800000,86940.1,87560,85800,86964,3120.993653
1743091200000,86964,87424.9,86780.8,87062.7,1142.233865
1743105600000,87062.7,87722.4,86924,87217.8,680.344224
1743120000000,87217.8,87506,86745.3,86792.9,788.758238
1743134400000,86792.9,86834.8,85152,85200,2076.185384
1743148800000,85200,85432.3,84800,85238.6,1587.502964
1743163200000,85238.6,85611.4,83963,84052.3,2996.874787
1743177600000,84052.3,84215.5,83586.1,83794.8,1692.404281
1743192000000,83794.8,84535.69,83700.1,84421.3,783.607941
1743206400000,84421.3,84613.4,83700,84157.9,837.188389
1743220800000,84157.9,84251.1,83650.3,83734.2,508.615586
1743235200000,83734.2,83947.7,82000.1,82283.5,1828.775711
1743249600000,82283.5,82874.98,82134.6,82409.2,874.17267
1743264000000,82409.2,82755.5,81650.2,82755.5,1263.680807
1743278400000,82755.5,82796.8,82256.4,82638.5,581.100176
1743292800000,82638.5,83492.4,82494.6,83077.3,1716.550666
1743307200000,83077.3,83318.3,82859.8,83086.9,624.692049
1743321600000,83086.9,83536.8,82979.1,83110.4,659.719091
1743336000000,83110.4,83260.2,82549,82736.2,647.03121
1743350400000,82736.2,82908.4,82050,82553.8,687.204678
1743364800000,82553.8,82753.8,81556.4,82386.4,763.170279
1743379200000,82386.4,82448.5,81274.3,81527.8,1365.495174
1743393600000,81527.8,82309.3,81405,81942.7,1173.920486
1743408000000,81942.7,82272,81289.4,82206,3262.09757
1743422400000,82206,83932.5,81647.9,83420.5,2648.848897
1743436800000,83420.5,83693.6,82392.35,82458.9,1744.118877
1743451200000,82458.9,82876.2,82259,82543,1003.811886
1743465600000,82543,83250,82423.8,82970,731.660285
1743480000000,82970,83606.7,82889.9,83458.6,829.1071
1743494400000,83458.6,84507,83439.7,83930.7,1677.029587
1743508800000,83930.7,85506.5,82545.2,85288.2,2763.893486
1743523200000,85288.2,85497.4,84697.7,84948.2,1297.266701
1743537600000,84948.2,85571,84754.8,85162.3,829.466756
1743552000000,85162.3,85260.1,84509.75,84548.7,1001.040746
1743566400000,84548.7,84724.8,83903,84421.9,902.307618
1743580800000,84421.9,85434,84252,84568.7,1427.577275
1743595200000,84568.7,87320.9,84459.6,86735.1,3607.206094
1743609600000,86735.1,87319.1,86175.3,86897.6,2382.393098
1743624000000,86897.6,88526.9,82301.4,82501.5,5524.366873
1743638400000,82501.5,83929.2,82150.4,83475.6,2070.072358
1743652800000,83475.6,83731.4,82995.7,83456.4,1393.125592
1743667200000,83456.4,83788,83043.3,83093.7,1641.68418
1743681600000,83093.7,83152.2,81200,82028.1,3791.086098
1743696000000,82028.1,82445.7,81537.4,82004.1,2218.412856
1743710400000,82004.1,83324.9,81803.5,83210.2,1300.156481
1743724800000,83210.2,83421.4,82605,82815,1129.552061
1743739200000,82815,84023.8,82611.1,84010.7,1238.479133
1743753600000,84010.7,84730.6,81653.1,82667.8,4611.518801
1743768000000,82667.8,83705,81836.2,82854.5,5260.753742
1743782400000,82854.5,84621.4,82727.6,84018.2,4648.476923
1743796800000,84018.2,84449.6,83493.8,83893,1272.330191
1743811200000,83893,84266.2,83434.6,83635.3,916.96383
1743825600000,83635.3,83862.7,83342.5,83523,621.577742
1743840000000,83523,83894.8,83372.8,83463.2,595.373003
1743854400000,83463.2,83554.2,82388,82616.4,1702.375119
1743868800000,82616.4,83153.7,82602.8,82863.9,1055.627258
1743883200000,82863.9,83670.6,82825.7,83534.3,1509.164326
1743897600000,83534.3,83804.3,83169.4,83342.2,854.4297
1743912000000,83342.2,83536.8,83024.8,83029,586.210143
1743926400000,83029,83169.6,82656.1,82849.8,721.113009
1743940800000,82849.8,82973,82218,82552.4,1553.753951
1743955200000,82552.4,82565.3,78681.3,79617.9,4592.756079
1743969600000,79617.9,79892.6,77142,78417.6,5525.277531
1743984000000,78417.6,79366.2,77347.2,77693.2,3156.843162
1743998400000,77693.2,77984.6,74500,75117.7,5003.492788
1744012800000,75117.7,77586.6,75080.9,76686.5,4426.513285
1744027200000,76686.5,81236.1,75784.3,78479.2,8979.932792
1744041600000,78479.2,79371.3,77317.2,78125.2,4247.038957
1744056000000,78125.2,80215.9,78093.9,79178,1648.300411
1744070400000,79178,80865.9,78779.7,79905.9,2286.419963
1744084800000,79905.9,80414.4,79221.3,79488,1816.350027
1744099200000,79488,80081.9,78822.8,79996.5,2345.545667
1744113600000,79996.5,80379.8,78167.1,78492.2,3668.3994
1744128000000,78492.2,78523.4,76350.1,76858.3,3967.520772
1744142400000,76858.3,77284.9,76242.2,76322.1,1864.132433
1744156800000,76322.1,76855.2,74606.7,75049.5,3561.675271
1744171200000,75049.5,77950.1,74973.1,77691.5,3343.658552
1744185600000,77691.5,77872.6,75779.4,76231.2,2934.461666
1744200000000,76231.2,78331,76023,77261.9,4812.670062
1744214400000,77261.9,82995,77136.6,82336,7245.54695
1744228800000,82336,83590.4,82008.7,82617.9,2245.460501
1744243200000,82617.9,82742.7,81468.7,81782,1710.331918
1744257600000,81782,82345.4,81308.3,81594.8,1865.627637
1744272000000,81594.8,82117.7,81342,81876,1952.770672
1744286400000,81876,82487.3,78613.9,78760.5,4198.96497
1744300800000,78760.5,80036.9,78465.3,79640.1,3456.379012
1744315200000,79640.1,80038.8,79372.8,79597.8,1302.445159
1744329600000,79597.8,80907.8,78971.4,80845.1,1974.733365
1744344000000,80845.1,81442.3,80517.6,81260,1680.706122
1744358400000,81260,82988.9,80757.3,82140.6,2940.52434
1744372800000,82140.6,83333.3,81346.7,82529.6,3663.033025
1744387200000,82529.6,84217.6,82006.5,83855.6,2335.453855
1744401600000,83855.6,84297.4,83158.3,83418.3,1057.797263
1744416000000,83418.3,83576.7,82789.7,82979.9,903.114972
1744430400000,82979.9,83824.1,82853.4,83721.1,1081.917601
1744444800000,83721.1,84029.9,83304.6,83523,804.480014
1744459200000,83523,85406.1,83466.7,85010,2358.361498
1744473600000,85010,85259.9,84429.6,84932.3,1457.232791
1744488000000,84932.3,85914.7,84869.5,85280,1094.799889
1744502400000,85280,86111.7,84722.1,85421.6,1569.547754
1744516800000,85421.6,85431.4,84397.4,84408.8,1358.557055
1744531200000,84408.8,84950.1,84208.5,84522.7,1271.304186
1744545600000,84522.7,84690.6,83476.2,83849.4,1764.831124
1744560000000,83849.4,85008.7,83035,83981.4,2321.189846
1744574400000,83981.4,84436.4,83032.8,83753.5,1770.196365
1744588800000,83753.5,85549.4,83678.4,84572.2,2406.260746
1744603200000,84572.2,85108.9,84220.1,84586.5,1341.763974
1744617600000,84586.5,84965.3,84255.6,84929.8,1282.802206
1744632000000,84929.8,85801.6,83720.9,84106.7,2935.169437
1744646400000,84106.7,85206.7,83846.7,84912,2214.368034
1744660800000,84912,84967.7,84418,84592.1,947.69847
1744675200000,84592.1,85419.9,84350,85398.9,2278.593736
1744689600000,85398.9,85890.6,85162.5,85736.7,1530.070532
1744704000000,85736.7,86000,85358.2,85582.7,1329.151174
1744718400000,85582.7,86468,84617.3,84913.3,2502.483634
1744732800000,84913.3,85142.1,83910.7,83986,1686.616636
1744747200000,83986,84230.9,83600,83645.8,1126.67114
1744761600000,83645.8,83955.1,83102.7,83685.8,1146.663563
1744776000000,83685.8,83807.8,83209.9,83353.9,1345.653945
1744790400000,83353.9,84125,83128.9,84053.2,1241.024173
1744804800000,84053.2,85275,83500,84851.6,2030.047962
1744819200000,84851.6,85550,83276.5,84333.2,2510.92359
1744833600000,84333.2,84677.1,84027.2,84033.4,709.11597
1744848000000,84033.4,84492.99,83806.8,83992.9,877.707477
1744862400000,83992.9,85044.2,83898.3,84674.2,876.41076
1744876800000,84674.2,84765.9,84183.2,84572.8,668.711039
1744891200000,84572.8,84870.7,83740.7,84541.7,1717.615255
1744905600000,84541.7,85479,84402.8,84841.7,2359.445798
1744920000000,84841.7,85142.7,84723,84950.3,572.801559
1744934400000,84950.3,85128.7,84723.8,84843.2,660.254728
1744948800000,84843.2,84848.9,84415.2,84660.1,623.995966
1744963200000,84660.1,84769.7,84472.9,84666,685.715992
1744977600000,84666,84769.3,84329.4,84373,832.254052
1744992000000,84373,84648.8,84292.4,84566.5,470.710252
1745006400000,84566.5,84694.9,84342,84461.7,408.278665
1745020800000,84461.7,84983.2,84362.9,84883.8,532.064733
1745035200000,84883.8,85269.8,84877.7,85224.1,622.582145
1745049600000,85224.1,85451,85121.9,85221.9,1203.357104
1745064000000,85221.9,85660.3,85074.6,85187.2,960.476838
1745078400000,85187.2,85331.4,84709,85093,928.482858
1745092800000,85093,85375.9,85014.3,85086.8,305.716765
1745107200000,85086.8,85321.5,85048.3,85167.3,310.917746
1745121600000,85167.3,85252.8,84665.4,84777.7,836.451736
1745136000000,84777.7,84784,83932.1,84117.1,1252.838289
1745150400000,84117.1,84658.8,84090.2,84341.3,1073.141171
1745164800000,84341.3,84664,84269.6,84646.4,334.582879
1745179200000,84646.4,85303.5,84611.8,85184.4,967.928777
1745193600000,85184.4,87650.5,85149,87214.8,3089.409243
1745208000000,87214.8,87750.9,87060.5,87453.8,1462.555048
1745222400000,87453.8,87797,86657.5,86978.9,1419.223893
1745236800000,86978.9,88474.1,86795,88045.7,2987.000452
1745251200000,88045.7,88264.7,86381.9,87407.9,2768.460999
1745265600000,87407.9,87623.9,86868.3,87514.4,1020.208802
1745280000000,87514.4,88870,87064.4,88160.9,1977.526079
1745294400000,88160.9,88493.3,87966.1,88486.5,1014.688068
1745308800000,88486.5,88707.5,88253.7,88622.3,988.86406
1745323200000,88622.3,91400,88488.2,90923.7,5405.873231
1745337600000,90923.7,91699.3,90619.4,91413.5,3510.536301
1745352000000,91413.5,93995.4,91038,93444.2,3246.257989
1745366400000,93444.2,93899.9,92596.6,93168.9,2470.009911
1745380800000,93168.9,94270,93021.5,94139.7,2039.278984
1745395200000,94139.7,94540.8,93325.7,93468.7,2369.369976
1745409600000,93468.7,94726.2,91949.6,93186.1,4466.67649
1745424000000,93186.1,94223.9,92912.8,93488.8,2267.760431
1745438400000,93488.8,93907,93227.7,93682.5,958.469065
1745452800000,93682.5,93777.7,92638.3,92671.4,1415.262128
1745467200000,92671.4,92903.3,92105.12,92201.9,1592.222071
1745481600000,92201.9,92666.8,91670.1,92625.9,1878.73122
1745496000000,92625.9,93460,92443.8,93206.8,2648.159821
1745510400000,93206.8,93664,92680.1,93571.7,2061.343049
1745524800000,93571.7,94010,93050,93983.8,1519.558145
1745539200000,93983.8,94436.9,92850,93310.3,1837.015261
1745553600000,93310.3,93868.9,93004.9,93783.6,1264.332719
1745568000000,93783.6,94650,93551,94627.3,1822.238096
1745582400000,94627.3,95781.74,93944.7,95065.9,3862.701143
1745596800000,95065.9,95559.6,94375.5,95287.1,2093.757075
1745611200000,95287.1,95341.5,94467.2,94643.6,949.463896
1745625600000,94643.6,95200,94554.3,94737.7,787.089479
1745640000000,94737.7,94832.8,94374.36,94563.9,910.930608
1745654400000,94563.9,94725,93990.7,94144.5,986.189002
1745668800000,94144.5,94400.6,93881.6,94374.2,912.325754
1745683200000,94374.2,94376,94040,94296.6,513.07677
1745697600000,94296.6,94886.7,94083.4,94626.3,773.195631
1745712000000,94626.3,95317.6,94050,94159.7,1319.236335
1745726400000,94159.7,94295.9,93644.7,94067.3,1034.63437
1745740800000,94067.3,94326.8,93884.2,93920.1,583.804041
1745755200000,93920.1,94175.8,93607.6,93899.8,944.447739
1745769600000,93899.8,94441,93712,94438.9,801.192214
1745784000000,94438.9,94554.4,93645.8,93741.6,828.847078
1745798400000,93741.6,93989,92800,93857,1899.65528
1745812800000,93857,94805.6,93857,94690.2,1704.393386
1745827200000,94690.2,95520.7,94346.4,95314.1,2363.413126
1745841600000,95314.1,95609.1,93582.4,93832.5,2968.149887
1745856000000,93832.5,94912.9,93445.4,94790.7,1392.212029
1745870400000,94790.7,95169.1,94300,95009.9,762.78909
1745884800000,95009.9,95461.5,94442.3,94657.9,1501.20121
1745899200000,94657.9,94963.1,94206.9,94918.8,1383.256993
1745913600000,94918.8,95285.5,94744.7,95133.5,1248.61949
1745928000000,95133.5,95294.2,94531.4,94846.8,1478.890427
1745942400000,94846.8,95463.7,94658.3,95304.4,1610.514907
1745956800000,95304.4,95400.8,93741.1,94243.2,1715.541665
1745971200000,94243.2,95117.3,94127.8,95034.3,1493.959735
1745985600000,95034.3,95179.9,94522.3,94648.2,1247.109327
1746000000000,94648.2,95234.5,94531.1,95175.7,733.839835
1746014400000,95175.7,95223.4,92914.5,94000,2972.313361
1746028800000,94000,94514.8,93520.8,94138.1,1541.917227
1746043200000,94138.1,94775.8,94000,94165.9,1015.359272
1746057600000,94165.9,95010.4,94125.8,94780.3,1038.488688
1746072000000,94780.3,95187.1,94711.2,95018.7,835.562887
1746086400000,95018.7,96396,94904.9,96185.4,1884.632268
1746100800000,96185.4,97432,95812.5,96855,2898.458767
1746115200000,96855,97356.3,96413.5,96519.5,2047.304993
1746129600000,96519.5,96885,96181.7,96477.3,1072.510185
1746144000000,96477.3,97243,96453.8,97114.6,1052.433511
1746158400000,97114.6,97300.5,96364,96364.1,1133.736632
1746172800000,96364.1,97098,96364,96932.2,1365.63256
1746187200000,96932.2,97895.9,96644.3,97315.4,3186.898449
1746201600000,97315.4,97787.2,96750.4,96892.1,2009.793463
1746216000000,96892.1,97128.7,96555.5,96876.3,1140.286517
1746230400000,96876.3,96925.5,96304.1,96337.9,791.894246
1746244800000,96337.9,96598.8,96131.8,96332.7,625.907527
1746259200000,96332.7,96421.5,95860.9,95943.4,1533.5622
1746273600000,95943.4,96506.9,95882.2,96403.2,780.206069
1746288000000,96403.2,96419.6,95867.6,96358.1,504.438552
1746302400000,96358.1,96437,95758.29,95855.9,482.962436
1746316800000,95855.9,96309.3,95589.9,95718.9,935.616193
1746331200000,95718.9,96147,95686.7,95886.3,619.627925
1746345600000,95886.3,95931.8,95288.7,95422.3,845.585711
1746360000000,95422.3,95684.8,95226.6,95470,730.784591
1746374400000,95470,95631.6,95236.4,95579.6,691.996656
1746388800000,95579.6,95758.29,94143.5,94273.2,1808.049222
1746403200000,94273.2,94800,93514.2,94051.8,2029.643759
1746417600000,94051.8,94827.5,94030.8,94765.6,1113.959958
1746432000000,94765.6,94793.6,93888.1,94046,997.392705
1746446400000,94046,94539.9,93609.6,93770.4,2456.426167
1746460800000,93770.4,94901.7,93757.2,94358,1326.769535
1746475200000,94358,95197,93867.5,94742.1,1212.824728
1746489600000,94742.1,94930.8,94019.7,94459.2,1041.315788
1746504000000,94459.2,94640.5,94309.3,94393.3,617.847518
1746518400000,94393.3,94398.9,93723.2,93813.7,1181.272904
1746532800000,93813.7,94735.7,93389.7,94563.3,2371.620147
1746547200000,94563.3,95161.5,94220,94964.5,1504.25801
1746561600000,94964.5,96918,94449.7,96840.1,2622.101257
1746576000000,96840.1,97735.1,96208.1,96505.1,3064.91435
1746590400000,96505.1,97000,96316.3,96982.1,841.132149
1746604800000,96982.1,97112.7,96826.9,97047,777.626617
1746619200000,97047,97486.3,96718.8,96930.6,1957.172975
1746633600000,96930.6,96964.7,95779.3,96179.2,3197.066993
1746648000000,96179.2,97400,96070.6,97033.5,1460.857687
1746662400000,97033.5,99200,96880.5,99157.6,3579.176382
1746676800000,99157.6,99439.8,98728.4,99268.6,2348.634604
1746691200000,99268.6,99900,99211.9,99407.8,1880.529026
1746705600000,99407.8,101527.8,99100,100761.6,4859.914787
1746720000000,100761.6,101708.3,100588.4,101294.2,3668.545125
1746734400000,101294.2,104222,101270,103264.9,4235.760748
1746748800000,103264.9,103265.1,102354.6,102442.8,2063.847047
1746763200000,102442.8,104359,102361.5,103650,3246.987275
1746777600000,103650,103934.4,102422.1,102961.8,4264.272948
1746792000000,102961.8,103785,102411.4,102894,3273.163498
1746806400000,102894,103372.2,102330.1,103190.2,1895.953818
1746820800000,103190.2,103413.6,102739.8,102978.1,694.207581
1746835200000,102978.1,103275,102814.6,103221.6,676.812124
1746849600000,103221.6,104110.4,103042.2,103760,1138.942155
1746864000000,103760,104081,103369.5,103424.9,1333.302219
1746878400000,103424.9,103831.3,103098.9,103140,1181.683009
1746892800000,103140,103611.4,103009,103183.4,1390.47709
1746907200000,103183.4,104990,103050.7,104799.9,1654.091541
1746921600000,104799.9,104960.3,103405.7,104002.6,1683.634264
1746936000000,104002.6,104405.6,103337.09,103396.1,1963.502245
1746950400000,103396.1,104777.3,103386.2,104645.6,1406.643074
1746964800000,104645.6,104882.5,103800,104144.7,1837.014293
1746979200000,104144.7,104830.1,103750.1,104420.8,1352.849833
1746993600000,104420.8,104571,103575,104114,1098.126049
1747008000000,104114,105120.6,103710.2,104110.7,1729.298975
1747022400000,104110.7,105847.1,103750,104470.1,2986.281224
1747036800000,104470.1,104747.3,103630.1,103767.2,3244.829681
1747051200000,103767.2,104635.5,102388.6,102527.2,5486.153245
1747065600000,102527.2,103098.3,100731.8,101856.9,3908.695277
1747080000000,101856.9,103140.4,101764.9,102787.8,1357.798516
1747094400000,102787.8,102792.3,101436.2,101707.7,2008.225632
1747108800000,101707.7,102942.8,101605.9,102672.3,1044.021739
1747123200000,102672.3,103825.6,102548.1,103725.1,2683.764619
1747137600000,103725.1,103980,102817.2,103678.5,2758.12975
1747152000000,103678.5,104986.2,103536.8,104792,2261.478538
1747166400000,104792,104939.4,103867.3,104123.6,1197.765608
1747180800000,104123.6,104126.8,103447.9,103585.2,1343.109123
1747195200000,103585.2,103989.2,103396.1,103715.4,1130.873328
1747209600000,103715.4,104160.7,102867.8,103953.6,1829.290256
1747224000000,103953.6,104364.8,102835.8,103509.7,3168.517395
1747238400000,103509.7,103724,102600.4,103332,1775.91442
1747252800000,103332,103673.6,103289.4,103502.4,546.217059
1747267200000,103502.4,103868.6,102712.9,102746.5,1011.292859
1747281600000,102746.5,102967.8,101722.3,101781.2,1529.586789
1747296000000,101781.2,102436,101503.1,102378.3,1379.674187
1747310400000,102378.3,103284.1,101389.86,103256.1,2852.71377
1747324800000,103256.1,104200,102549.8,103155.5,2248.732586
1747339200000,103155.5,103971.9,102711.7,103759.2,1480.655161
1747353600000,103759.2,104464.2,103470,104020,1413.817534
1747368000000,104020,104197.8,103695.3,103710.1,1233.375993
1747382400000,103710.1,103910,103105.4,103671.2,1304.535917
1747396800000,103671.2,104284.5,103338.8,104186.9,2154.38045
1747411200000,104186.9,104568.2,103585.7,104020.8,1531.491391
1747425600000,104020.8,104034.8,103410.3,103463.5,821.576595
1747440000000,103463.5,103583.1,102595.6,103518.8,1254.36572
1747454400000,103518.8,103711,103280,103440.1,557.355882
1747468800000,103440.1,103566.2,102758,102988.2,989.006226
1747483200000,102988.2,103187,102640.1,102945.5,659.510159
1747497600000,102945.5,103367.9,102765.1,103152.6,882.091831
1747512000000,103152.6,103480,102900,103130.1,728.027463
1747526400000,103130.1,103425.8,103093.2,103287.4,510.465414
1747540800000,103287.4,103972.1,103287.4,103917.4,754.731435
1747555200000,103917.4,104093.25,103792.7,103804.3,574.043367
1747569600000,103804.3,105698.3,103702.7,105523.7,1855.241316
1747584000000,105523.7,105980.6,103864.6,103890,2490.276111
1747598400000,103890,106660,103268.1,106450,3604.304441
1747612800000,106450,107122.94,103555.5,103606.6,2762.849032
1747627200000,103606.6,103781.5,102065.9,103223.3,4216.078302
1747641600000,103223.3,103443.1,102778.4,102964.4,1186.469021
1747656000000,102964.4,104995.7,102155.1,104797.4,3456.667263
1747670400000,104797.4,105556,104522.7,105511.2,3312.962183
1747684800000,105511.2,105833.8,105027.5,105580.5,1125.743882
1747699200000,105580.5,106865.7,105527.7,105762.5,2602.105851
1747713600000,105762.5,106411.4,104920.5,105020,1883.943516
1747728000000,105020,105424.3,104846.4,105206.5,1316.386031
1747742400000,105206.5,105398,104176.3,105342.2,2060.39021
1747756800000,105342.2,107258,105090.68,107040,3056.686751
1747771200000,107040,107311,105251.7,106855.3,2633.242792
1747785600000,106855.3,107236,106187.8,106845.2,1475.40535
1747800000000,106845.2,107999.83,106409.7,106507,3459.676306
1747814400000,106507,106781.2,106073.4,106542.7,2147.349224
1747828800000,106542.7,109500,106317.8,108985.4,5108.394991
1747843200000,108985.4,109850,106123.1,108610,6342.002054
1747857600000,108610,110769.7,107712.2,109640,2824.332123
1747872000000,109640,111867.5,109191.25,111769.5,3112.411357
1747886400000,111769.5,111784.2,110459.9,111034.4,2705.191396
1747900800000,111034.4,111322.6,110264.7,110972.2,1853.577229
1747915200000,110972.2,111627.9,110550.1,111301.1,3070.122589
1747929600000,111301.1,111999,110912.1,111200,2204.450497
1747944000000,111200,111719.9,110756.5,111698.4,990.321984
1747958400000,111698.4,111797.7,111010.6,111095.6,1313.30239
1747972800000,111095.6,111186.5,110400.1,110723.6,1148.816869
1747987200000,110723.6,111375,108878.2,109089.9,2018.389965
1748001600000,109089.9,109999.72,107323,108950.4,4584.972758
1748016000000,108950.4,109822.4,107983.7,108715,2766.953131
1748030400000,108715,108727.6,106796.7,107312.7,1594.879783
1748044800000,107312.7,108359.6,106880.1,108355.5,1198.576844
1748059200000,108355.5,108583.3,107563.7,107592.7,1061.530694
1748073600000,107592.7,109488,107592.7,109205.6,1468.471448
1748088000000,109205.6,109281.4,108542.7,108935.7,941.524656
1748102400000,108935.7,109211.5,108687.5,108951.8,528.092217
1748116800000,108951.8,109125.2,107481,107763.1,1441.371268
1748131200000,107763.1,108271.9,107205,108108,1474.710303
1748145600000,108108,108301.5,107444.1,107680,819.889151
1748160000000,107680,107697,106715.97,107253.3,1477.354259
1748174400000,107253.3,107754.1,106588.1,106976.9,1600.817548
1748188800000,106976.9,107943.5,106643.1,107712,803.882468
1748203200000,107712,109320.2,107169.9,109001.3,1852.032202
1748217600000,109001.3,109850,108677,109627,1641.96837
1748232000000,109627,110223.2,109365.9,110096.1,1239.316364
1748246400000,110096.1,110172.8,109551.4,109785.8,969.067428
1748260800000,109785.8,110433,109477.5,110016.9,1929.698206
1748275200000,110016.9,110463.7,108858.1,109121.6,1878.201398
1748289600000,109121.6,109894.5,108938.4,109440,1002.350423
1748304000000,109440,109676.9,107509,108876.1,2508.826105
1748318400000,108876.1,109642,108537,109537.9,1581.320188
1748332800000,109537.9,109898,109424.2,109596.4,1196.162977
1748347200000,109596.4,110750,108665,110140,3742.579123
1748361600000,110140,110506.7,109563.9,109879.9,1745.391304
1748376000000,109879.9,109897.1,108534.3,108925.8,2634.377319
1748390400000,108925.8,109279.3,108385.8,108856,1544.746963
1748404800000,108856,109083.3,108612.9,108807.8,756.835448
1748419200000,108807.8,109125.2,108251.4,108853.1,1306.194689
1748433600000,108853.1,109051.2,107049.5,107119.9,2317.244647
1748448000000,107119.9,107856.9,106932.7,106932.7,1644.031541
1748462400000,106932.7,108058.5,106776.5,107789.9,1207.478573
1748476800000,107789.9,108489.9,107432,108049.6,1622.33828
1748491200000,108049.6,108114.7,106944.3,107890,1063.276905
1748505600000,107890,108900,107673.8,108783.5,1606.945875
1748520000000,108783.5,108815.1,106447.1,107020.4,2965.437786
1748534400000,107020.4,107176.9,105641.8,105730,2577.888199
1748548800000,105730,106481.2,105300.8,105596.3,1625.210835
1748563200000,105596.3,106214.4,104591,106031.4,2159.641195
1748577600000,106031.4,106333.22,104750,105049.9,1670.681661
1748592000000,105049.9,106042.5,104600.1,105910,2256.089142
1748606400000,105910,106022.3,105045,105552.7,2205.963043
1748620800000,105552.7,105572.6,103704.3,104639.2,2335.361833
1748635200000,104639.2,104899.8,103626.1,104004.9,1204.739373
1748649600000,104004.9,104310.4,103083.5,103677.9,2395.24194
1748664000000,103677.9,103909,103478.7,103752.1,539.485333
1748678400000,103752.1,103822.4,103287.8,103500,602.801543
1748692800000,103500,104854.7,103477.1,104565.2,1179.473965
1748707200000,104565.2,104799,104280,104716.9,654.742237
1748721600000,104716.9,104932,104488.9,104607.1,519.395161
1748736000000,104607.1,104657.1,103925.5,104380,681.501812
1748750400000,104380,104739,104196.8,104289.4,414.354265
1748764800000,104289.4,104462.1,103753.3,104079.4,697.076943
1748779200000,104079.4,104821.5,103771.8,104724.8,698.881234
1748793600000,104724.8,105311.3,104344.4,105122.1,1024.145849
1748808000000,105122.1,105879.9,104903,105650.8,886.74505
1748822400000,105650.8,105754.1,104572.6,104835.7,771.340164
1748836800000,104835.7,105449.5,104613.9,105398,772.91321
1748851200000,105398,105941,103936.9,104049.3,1778.519659
1748865600000,104049.3,104657.8,103655.1,104425.8,2805.787963
1748880000000,104425.8,104725.9,104017,104425.5,1226.61535
1748894400000,104425.5,105949.8,104425.5,105866.2,1459.524673
1748908800000,105866.2,106510.4,105344.1,105478.6,1365.921632
1748923200000,105478.6,105512.9,105122.5,105168.7,743.286972
1748937600000,105168.7,105357.4,104860,105293.3,652.188525
1748952000000,105293.3,106799,105030,106615.8,2051.752263
1748966400000,106615.8,106676,105586.5,106227.2,1660.687348
1748980800000,106227.2,106244.5,105259.3,105375.9,992.913834
1748995200000,105375.9,105832.6,105114.6,105515.4,980.100139
1749009600000,105515.4,105607.4,105244,105306.2,763.783554
1749024000000,105306.2,105985.9,105100,105100,1052.180884
1749038400000,105100,105552.9,104178.3,105297.1,2058.651309
1749052800000,105297.1,105477.5,104867.1,104916.4,1025.730972
1749067200000,104916.4,105050,104416.7,104688.4,732.189807
1749081600000,104688.4,105233.6,104636.6,105037.8,673.786559
1749096000000,105037.8,105237.6,104374,104520.7,731.073913
1749110400000,104520.7,104917.5,104409.9,104816.1,547.034082
1749124800000,104816.1,105920.1,103888,104534.2,2703.181284
1749139200000,104534.2,104600.2,101576.9,101909.6,3523.063555
1749153600000,101909.6,102175.1,100403.7,101505.2,3262.346715
1749168000000,101505.2,102520,101089.8,102497.9,1154.375867
1749182400000,102497.9,103479.4,102386.3,103157.7,1189.872513
1749196800000,103157.7,104000,103157.7,103924.7,1102.564083
1749211200000,103924.7,105336.2,103527.7,105095.3,2481.503084
1749225600000,105095.3,105293.4,104064.3,104223.8,1315.28122
1749240000000,104223.8,104618.5,104162.7,104287,564.215895
1749254400000,104287,104933.8,103874.6,104896,747.056209
1749268800000,104896,105335.2,104668.4,104865,769.433022
1749283200000,104865,105265,104694.9,105141.1,602.992872
1749297600000,105141.1,105800,105139.4,105558.1,930.462417
1749312000000,105558.1,105887,105271,105726.8,591.16853
1749326400000,105726.8,105919.7,105532.9,105552,338.811665
1749340800000,105552,105781.8,105390.2,105472.1,379.570236
1749355200000,105472.1,105642.6,105402.4,105429.1,342.277757
1749369600000,105429.1,105713.4,104972.4,105675.7,723.879621
1749384000000,105675.7,106138.2,105509,105971.5,812.30814
1749398400000,105971.5,106359,105937.1,106288.7,600.233697
1749412800000,106288.7,106493.5,105563.6,105724.9,684.4247
1749427200000,105724.9,105970,105316.2,105655.1,847.206787
1749441600000,105655.1,105718.2,105323.7,105557.1,419.760463
1749456000000,105557.1,107809.5,105475.1,107765.8,2558.917072
1749470400000,107765.8,108041.2,106871.3,107636.3,2046.345724
1749484800000,107636.3,108776.3,107636.2,108562.7,1823.282123
1749499200000,108562.7,110665.8,108439,110271.9,1961.917061
1749513600000,110271.9,110307.3,109377.4,109568.6,1118.769767
1749528000000,109568.6,109734.3,109081.1,109203.3,968.14969
1749542400000,109203.3,109899,109064.7,109552.7,1299.01996
1749556800000,109552.7,109889.4,108334.1,109014.8,2443.276707
1749571200000,109014.8,110389.9,108513.5,109518.7,1546.488147
1749585600000,109518.7,110299.9,109240.3,110280.5,1143.464696
1749600000000,110280.5,110287.1,109533.2,109716.3,801.858481
1749614400000,109716.3,109739.5,109361.4,109433.4,683.87996
1749628800000,109433.4,109663.3,109184.9,109250.1,832.200392
1749643200000,109250.1,110399.7,109012.4,109743.5,2732.852343
1749657600000,109743.5,109828.9,108404.8,108731.4,2279.941415
1749672000000,108731.4,109207.8,108060.2,108640.5,1260.221348
1749686400000,108640.5,108812.6,107722.8,107867.5,1319.938781
1749700800000,107867.5,107998.8,107320,107627.3,1293.09788
1749715200000,107627.3,107840.2,106886,106907.2,1391.505714
1749729600000,106907.2,107817.8,106606,107018.9,2419.599154
1749744000000,107018.9,108438.7,106666.8,106793.2,2574.280428
1749758400000,106793.2,106959.9,105472,105660.2,3850.567236
1749772800000,105660.2,105690.3,102684.7,104295.8,7103.886697
1749787200000,104295.8,104969.6,103790.3,104903.3,2560.451739
1749801600000,104903.3,105475.3,104416,105045.3,2093.865723
1749816000000,105045.3,105757.4,104112.6,105437.7,3278.323356
1749830400000,105437.7,105967.7,104654.9,105102.5,2492.950606
1749844800000,105102.5,106173.9,105010.8,106070.4,794.188564
1749859200000,106070.4,106216.1,105200,105233.8,886.315684
1749873600000,105233.8,105411.8,104775,105068.8,806.515567
1749888000000,105068.8,105132,104834.4,105079.5,552.454028
1749902400000,105079.5,105127.2,104612.3,104831.2,794.974407
1749916800000,104831.2,105059.8,104355,104652.3,1080.526828
1749931200000,104652.3,105498.2,104310.04,105417.7,937.903209
1749945600000,105417.7,105681.1,105261.2,105479,446.795322
1749960000000,105479,106130,105202.4,105432.3,780.346364
1749974400000,105432.3,105494.9,104871.1,104988.1,645.789821
1749988800000,104988.1,105842.2,104950.8,105575.7,1022.360899
1750003200000,105575.7,105785.6,105071.8,105294.7,797.260972
1750017600000,105294.7,105618.4,104492.7,105588.2,1223.069686
1750032000000,105588.2,105983.2,104973.4,105924.3,1339.543238
1750046400000,105924.3,107262.1,105873.7,107051.5,1609.595669
1750060800000,107051.5,107237.8,106585.5,106899.9,1003.433912
1750075200000,106899.9,107782.3,106500.8,107436.9,2103.963865
1750089600000,107436.9,108899.1,107306.6,108649,1752.068886
1750104000000,108649,108974.7,106702.5,106799.9,2021.06631
1750118400000,106799.9,107757,106120,107601.8,2035.413694
1750132800000,107601.8,107711.4,106475.4,106764.9,1155.287061
1750147200000,106764.9,106827.7,105500,105634.6,1872.449559
1750161600000,105634.6,105853.2,104128.5,104238,2610.046003
1750176000000,104238,105335.1,103362.1,104676.8,2814.916605
1750190400000,104676.8,104888.3,104203.3,104558.6,1168.756018
1750204800000,104558.6,105240,104368.9,105178.6,870.431631
1750219200000,105178.6,105546.7,104709.2,104965.3,967.437099
1750233600000,104965.3,105310.2,104174,104837.2,1311.856965
1750248000000,104837.2,105333.3,103812.4,104795.8,2563.986412
1750262400000,104795.8,104841,103485.5,103807.9,2554.958007
1750276800000,103807.9,105141.2,103645.6,104886.4,949.619774
1750291200000,104886.4,105230.3,104449.6,105090.5,964.154748
1750305600000,105090.5,105224.7,104608,104634.3,578.574312
1750320000000,104634.3,105072.8,104616,104766.5,497.06671
1750334400000,104766.5,104910.7,104075.2,104101.8,1024.236102
1750348800000,104101.8,104827.2,103917.5,104256.7,1073.381772
1750363200000,104256.7,104895.7,104140.5,104657.4,793.602917
1750377600000,104657.4,104822.8,104398.4,104602.5,576.488423
1750392000000,104602.5,105822.4,104238.8,105815,998.406435
1750406400000,105815,106535,105751,105973.2,1673.22306
1750420800000,105973.2,106144.5,103872.8,104217.8,2477.055957
1750435200000,104217.8,104272.8,102348.4,103309.5,3039.507717
1750449600000,103309.5,103830.7,102970.3,103296.8,966.002308
1750464000000,103296.8,103686.1,103111.1,103485.1,415.657785
1750478400000,103485.1,103590.3,103313.7,103462.5,366.642559
1750492800000,103462.5,103989.9,103461.5,103872.1,526.768921
1750507200000,103872.1,103948.2,103290.4,103565,621.296584
1750521600000,103565,103646.7,102209.6,102255.9,1117.913017
1750536000000,102255.9,102892.4,100866.4,102120.1,2423.487494
1750550400000,102120.1,103377.7,101830.4,102390.8,2633.775184
1750564800000,102390.8,102957.8,102271.2,102438.9,1000.904071
1750579200000,102438.9,102811.6,102082.8,102731.8,996.172427
1750593600000,102731.8,102828.4,98906.8,98916.1,5701.44567
1750608000000,98916.1,100377.1,98678,98876.1,2634.874442
1750622400000,98876.1,101027.8,98185.9,100958.3,2701.426648
1750636800000,100958.3,101600,100470.8,101158.6,1216.217099
1750651200000,101158.6,102140,100970.7,101935.8,1186.091714
1750665600000,101935.8,102084.9,101102.5,101288,1172.719102
1750680000000,101288,102621.8,100798.7,101422.3,3425.795237
1750694400000,101422.3,103300,99619.8,103163.8,4651.724668
1750708800000,103163.8,106057.5,102876.2,105343.5,3553.604209
1750723200000,105343.5,105519.3,104722.4,104923.3,1394.129329
1750737600000,104923.3,105829.9,104711.7,104950.6,1652.104837
1750752000000,104950.6,105570,104621.6,105176.1,1521.870873
1750766400000,105176.1,105740,104800.1,105237.8,1936.68899
1750780800000,105237.8,106287.4,105169,105640,1411.262609
1750795200000,105640,106123,105432,106087.8,784.986808
1750809600000,106087.8,106804.9,105810.1,106238.5,1344.841259
1750824000000,106238.5,106713.4,105993.2,106604.5,725.37586
1750838400000,106604.5,107219.2,106342.4,107178.5,1355.720972
1750852800000,107178.5,108125.3,106755,107031.1,2756.160095
1750867200000,107031.1,107899,106915.5,107756.2,1376.329385
1750881600000,107756.2,107998,107069.5,107321.2,793.825784
1750896000000,107321.2,108273.7,107100,107853.4,1029.787656
1750910400000,107853.4,108081.9,107512,107810.4,1329.184517
1750924800000,107810.4,108170.7,107109,107320.9,951.847202
1750939200000,107320.9,107763.1,106557,107308.9,2279.682788
1750953600000,107308.9,107666,106981.3,107525.9,1125.178273
1750968000000,107525.9,107995,106843.7,106961.2,1077.095388
1750982400000,106961.2,107516.9,106427.8,107474.3,994.964902
1750996800000,107474.3,107728.9,106851.5,106869.2,793.317033
1751011200000,106869.2,107159.2,106690.6,106986.6,1157.701869
1751025600000,106986.6,107408.9,106374.8,107313.9,1818.641489
1751040000000,107313.9,107728.8,106430.6,106809.7,1714.948903
1751054400000,106809.7,107281.1,106798.5,107052.8,420.878492
1751068800000,107052.8,107343,106806.1,107289,409.997537
1751083200000,107289,107483,107169,107462,564.809272
1751097600000,107462,107477.7,107242.3,107359.2,541.783621
1751112000000,107359.2,107550,107079.5,107454.7,532.969591
1751126400000,107454.7,107538.7,107218.9,107218.9,390.717203
1751140800000,107218.9,107375,107155,107291.6,243.320106
1751155200000,107291.6,107500,107158.1,107207.4,277.52115
1751169600000,107207.4,107397.8,107206.1,107397.8,160.754876
1751184000000,107397.8,108466.7,107382,108466.6,1131.75257
1751198400000,108466.6,108515.1,107642.2,107739,772.545403
1751212800000,107739,107787.8,107306.4,107393.6,799.931748
1751227200000,107393.6,108452.5,107224,108360,960.164055
1751241600000,108360,108798.9,108255.5,108514.8,1330.325781
1751256000000,108514.8,108557.2,107471.1,107613.7,1161.42079
1751270400000,107613.7,107954.3,107376.2,107646,936.117923
1751284800000,107646,107863.5,106735.3,107567.9,2015.289533
1751299200000,107567.9,107809,107129.3,107737.5,795.333449
1751313600000,107737.5,107766.6,106919.9,107139.1,720.008364
1751328000000,107139.1,107545.7,107030,107197.9,692.229322
1751342400000,107197.9,107210.3,106603.5,107176.4,886.66701
1751356800000,107176.4,107176.4,106275.4,106600.2,1650.801004
1751371200000,106600.2,107191.1,105618.5,105955,2236.227784
1751385600000,105955,106292.6,105386.6,105393.3,1176.966206
1751400000000,105393.3,106100,105240.4,105679.3,856.775887
1751414400000,105679.3,106216,105100,106196.4,1098.787956
1751428800000,106196.4,107194.9,106128.4,107087.5,1216.01125
1751443200000,107087.5,107852.6,107087.5,107486.9,1583.310787
1751457600000,107486.9,108777,107187,108758,2212.846808
1751472000000,108758,109746,108661.8,109676.6,2580.903343
1751486400000,109676.6,109676.6,108722.6,108839.9,746.574988
1751500800000,108839.9,109121.1,108527.6,108637,673.473988
1751515200000,108637,109550,108560.8,109287.3,938.32515
1751529600000,109287.3,110256.9,109287.3,109589.7,1475.140926
1751544000000,109589.7,110520.8,108750,109122,2738.217347
1751558400000,109122,109913.5,109001.5,109788.1,1127.545865
1751572800000,109788.1,110012.3,109536,109589.1,495.780339
1751587200000,109589.1,109776.9,109094.9,109232.4,622.711221
1751601600000,109232.4,109328.6,108708.8,108708.8,783.134622
1751616000000,108708.8,109105.2,108529.2,108884.2,813.4747
1751630400000,108884.2,108968,107505.2,107593.8,1992.008601
1751644800000,107593.8,107928.7,107254.5,107494.9,1134.256576
1751659200000,107494.9,108271.7,107449.1,107998.1,521.450195
1751673600000,107998.1,108268.9,107752.7,108157.1,359.81599
1751688000000,108157.1,108429,107997,108057.1,505.157547
1751702400000,108057.1,108220.6,107869.5,108102.2,377.332918
1751716800000,108102.2,108235,107956.7,108071.2,284.947276
1751731200000,108071.2,108164.7,107867.9,108136.2,305.543034
1751745600000,108136.2,108228.1,107984.9,108203.6,284.875129
1751760000000,108203.6,108268.6,108013.2,108049.8,268.29185
1751774400000,108049.8,108216.5,107952,108040.1,213.329469
1751788800000,108040.1,108135.3,107808.5,108078.8,353.633366
1751803200000,108078.8,109124,108048,108910.2,1478.540469
1751817600000,108910.2,108971,108290.4,108550.5,626.847129
1751832000000,108550.5,109700,108536.6,109205.1,1063.249087
1751846400000,109205.1,109705,108680,109401.1,920.385628
1751860800000,109401.1,109457.1,108654.7,109058,741.580896
1751875200000,109058,109092.9,108579,108650.3,749.528691
1751889600000,108650.3,108664.4,107961.8,108300.8,1640.3884
1751904000000,108300.8,108500,107500.1,108044.7,1658.153563
1751918400000,108044.7,108296.4,107763.9,108252.5,741.752477
1751932800000,108252.5,108516.7,107434.3,107894,989.771366
1751947200000,107894,108496.5,107735.6,108482.4,608.132876
1751961600000,108482.4,109013.5,108231,108767.8,910.331474
1751976000000,108767.8,109221.6,108203.1,108261.3,1509.077247
1751990400000,108261.3,109163.8,108086.8,108772,1219.272598
1752004800000,108772,108980.3,108619.5,108930.4,434.982804
1752019200000,108930.4,109135.3,108341,108370.1,557.542193
1752033600000,108370.1,108951.2,108324.7,108721.5,607.21072
1752048000000,108721.5,109135.9,108567.8,109071,632.44318
1752062400000,109071,109782,108500,109065.5,2457.178889
1752076800000,109065.5,112025,109022.4,111755.8,3607.753808
1752091200000,111755.8,111951.2,110572.6,111256.3,2256.287965
1752105600000,111256.3,111555,110882,111076.8,1029.004873
1752120000000,111076.8,111442.5,110954.8,111233.9,901.241863
1752134400000,111233.9,111400,110870.3,111024.5,658.740693
1752148800000,111024.5,111419,110499.9,111414.3,1817.809499
1752163200000,111414.3,113798.2,111346.2,113293.7,4379.956994
1752177600000,113293.7,117491.4,113262.5,116014.3,4959.956867
1752192000000,116014.3,116965.7,115212.7,116881.2,1624.576114
1752206400000,116881.2,118409.2,116483,117558.3,3287.595758
1752220800000,117558.3,118862,117558.3,117816.4,1766.269766
1752235200000,117816.4,118257.9,116732.4,116913.7,2566.139539
1752249600000,116913.7,118151.7,116613,118094.5,1953.056657
1752264000000,118094.5,118097.8,117142.6,117533.9,1309.110332
1752278400000,117533.9,117844.7,117122,117772.5,552.017968
1752292800000,117772.5,118064.8,117502.5,117734,769.723514
1752307200000,117734,118200,117596,117816,923.013449
1752321600000,117816,117876,116913.6,117110.4,1542.21801
1752336000000,117110.4,117644.6,117050,117556,580.306982
1752350400000,117556,117561.2,117000,117427.9,528.917103
1752364800000,117427.9,117822.6,117213.8,117751.1,573.237385
1752379200000,117751.1,118070,117678.4,118000,454.291596
1752393600000,118000,118099,117700.6,118071.2,504.637837
1752408000000,118071.2,119474.3,117977,118674.2,2215.380615
1752422400000,118674.2,119500,118367.5,118968.2,1039.459262
1752436800000,118968.2,119380.9,118221.9,119094,1018.664172
1752451200000,119094,121657,118909,120760.8,2293.818731
1752465600000,120760.8,123260.2,120539.5,122744.6,2903.455381
1752480000000,122744.6,122772,121309.3,121463.4,1756.431072
1752494400000,121463.4,122109.9,119604.3,119869.7,3060.763114
1752508800000,119869.7,120535,119206.3,119938.6,2155.246533
1752523200000,119938.6,120442.2,119522,119844.5,968.188106
1752537600000,119844.5,119937.1,116839.3,117146.5,5237.825552
1752552000000,117146.5,117746.3,116255.3,116787.8,2677.690598
1752566400000,116787.8,117208.2,116238,117105.3,1736.156528
1752580800000,117105.3,118464.6,115735.5,116394,4758.400191
1752595200000,116394,117724,116010.9,116403.9,2700.704211
1752609600000,116403.9,117964.6,116161.7,117740.1,1552.760933
1752624000000,117740.1,118209.4,117019.8,117480.1,1131.228437
1752638400000,117480.1,118300,117274,118194.7,863.064838
1752652800000,118194.7,119311.7,118115.9,118777.1,1186.856784
1752667200000,118777.1,119799.8,117959.5,119100.4,3138.164267
1752681600000,119100.4,119917.8,118465.8,119238.7,1771.16484
1752696000000,119238.7,120076.5,118408.2,118634.4,1153.88821
1752710400000,118634.4,119178.1,117689.7,118114.1,1280.195542
1752724800000,118114.1,118776.5,117841.3,118314.1,1271.572134
1752739200000,118314.1,119184.3,117953.3,117977.9,1270.977967
1752753600000,117977.9,119096.9,117440.3,118881.7,1873.978711
1752768000000,118881.7,119886.1,118338.4,118966.3,1497.286818
1752782400000,118966.3,120957.7,118392.3,119176.6,2220.903588
1752796800000,119176.6,120781.9,119019.7,120213,1859.020553
1752811200000,120213,120829.2,119302.8,119364.3,1826.044978
1752825600000,119364.3,119482.4,118384.9,119160,1643.335532
1752840000000,119160,119543,117273.1,117838.2,2607.123858
1752854400000,117838.2,118054.3,117128,117368.2,1893.978337
1752868800000,117368.2,118018.5,116812,117933.9,1633.188563
1752883200000,117933.9,118383.5,117621.8,118334.7,738.343515
1752897600000,118334.7,118371.2,118050,118173.4,448.104911
1752912000000,118173.4,118497.4,117934.6,118330,632.698608
1752926400000,118330,118335.4,117636.8,118056.8,781.307789
1752940800000,118056.8,118162.1,117600,118006.5,517.163334
1752955200000,118006.5,118151.7,117274,117838.5,599.937203
1752969600000,117838.5,118175.7,117640.7,117965.2,647.893816
1752984000000,117965.2,118234.2,117771.6,118030.6,456.747777
1752998400000,118030.6,118292.7,117824.9,117889.7,877.724196
1753012800000,117889.7,118803.1,117728.6,118685.5,1129.117598
1753027200000,118685.5,118862.1,117957.9,118157.1,1035.975507
1753041600000,118157.1,118303.3,116473,117266.7,1994.839885
1753056000000,117266.7,118619.2,116516.7,118405.9,1632.012836
1753070400000,118405.9,119672.4,118181,119378.7,1778.439961
1753084800000,119378.7,119516.3,118063.6,118073.7,1576.847337
1753099200000,118073.7,119230,117767.1,118311.9,2431.323327
1753113600000,118311.9,118393.6,116650.5,116764.5,2638.059815
1753128000000,116764.5,117634.1,116622.2,117373.8,1142.916203
1753142400000,117373.8,117961.2,116100.1,117216.6,2089.631467
1753156800000,117216.6,118572.6,116547.2,117982.9,2476.818073
1753171200000,117982.9,119184.4,117479.5,119135.9,1674.099749
1753185600000,119135.9,119582.4,117547.3,118906.2,2261.559347
1753200000000,118906.2,120205,118390.4,119279.2,2304.690745
1753214400000,119279.2,120236.8,119201.1,119950.5,1010.644621
1753228800000,119950.5,120100,118526.2,118619.7,1461.351427
1753243200000,118619.7,119018.7,118288.9,118355.7,1326.438962
1753257600000,118355.7,118625,117826.6,118528.9,1200.28477
1753272000000,118528.9,118723.2,117307,118569.8,2426.546746
1753286400000,118569.8,118569.8,117322.5,118393.2,1685.62136
1753300800000,118393.2,118758.3,117403,118748.8,1326.041237
1753315200000,118748.8,119263.9,118468.4,118494.8,1130.538274
1753329600000,118494.8,118578.8,117110.8,118403.6,2060.974026
1753344000000,118403.6,118856.7,117970.7,118597.7,2033.16377
1753358400000,118597.7,119498.4,117835.2,119105.5,2914.040285
1753372800000,119105.5,119418.1,118355.3,118957.7,1431.260657
1753387200000,118957.7,119020,118175.9,118348.4,756.870467
1753401600000,118348.4,118463.3,115312.9,115396.7,5063.140476
1753416000000,115396.7,116108.8,114711.9,115316.5,4218.839571
1753430400000,115316.5,116783.2,114984,116528.8,3868.885313
1753444800000,116528.8,116653.9,114907.8,115712,3115.740472
1753459200000,115712,117017.3,115440.5,116682.6,1582.78583
1753473600000,116682.6,117644.1,116566.2,117607.9,913.798264
1753488000000,117607.9,117740.5,117137.5,117474.9,630.497056
1753502400000,117474.9,117544.2,117291,117297.1,591.706308
1753516800000,117297.1,118225.2,117294.7,117766.8,1020.40144
1753531200000,117766.8,118222,117753.8,118115,619.728207
1753545600000,118115,118285.1,117925.3,118218.3,306.432499
1753560000000,118218.3,118274.6,117873.4,117909,336.724688
1753574400000,117909,118390.7,117813.3,118172.2,331.861389
1753588800000,118172.2,118468.2,118070.2,118120.4,556.174643
1753603200000,118120.4,118299.4,117853.1,118072,551.791219
1753617600000,118072,118590.1,117883.9,118584.1,658.29718
1753632000000,118584.1,119549.1,118584.1,118962.1,1197.756552
1753646400000,118962.1,119777,118720.3,119434.3,1005.542422
1753660800000,119434.3,119800,118954.1,119279.9,949.605889
1753675200000,119279.9,119682.2,118753.6,118882.6,1179.422492
1753689600000,118882.6,119101.4,118500,118825.1,764.122252
1753704000000,118825.1,119094.8,117900,118173,1710.364287
1753718400000,118173,118381.5,117404.2,118064.6,1397.379699
1753732800000,118064.6,118340.9,117493.7,118079.8,997.296655
1753747200000,118079.8,118801.5,117463,118766.9,1321.497025
1753761600000,118766.9,119284.9,118419.5,118894.5,1230.342883
1753776000000,118894.5,119054.9,118171.8,118604.7,1121.086872
1753790400000,118604.7,119097.4,117270,117387.2,2418.526017
1753804800000,117387.2,118056.9,116935.1,117527.1,1495.564218
1753819200000,117527.1,117989.4,117092.2,117938.9,942.04297
1753833600000,117938.9,118260.9,117411.5,118159.8,890.09667
1753848000000,118159.8,118416.1,117682.9,118136.2,707.516091
1753862400000,118136.2,118485.2,117302.6,117575,1386.806462
1753876800000,117575,118799.9,117346.1,118004.6,3001.040568
1753891200000,118004.6,118041.8,115772.6,116913.5,3654.481812
1753905600000,116913.5,117910.7,116872.6,117821.4,1028.650071
1753920000000,117821.4,118600,117766.8,118458.9,1540.953269
1753934400000,118458.9,118915,118279.6,118668.1,957.928833
1753948800000,118668.1,118763.8,118290,118366.1,913.846914
1753963200000,118366.1,118718.1,117823.2,118308.3,2295.582498
1753977600000,118308.3,118871.8,116751.3,116780.4,2402.143035
1753992000000,116780.4,116991.3,115472,115746,2380.867598
1754006400000,115746,116058.1,114304,115639.7,3218.988414
1754020800000,115639.7,115912.9,114617,115072.3,1758.097893
1754035200000,115072.3,115336.7,114114,115292.5,1562.198792
1754049600000,115292.5,115999.9,113933.9,115345.4,2739.66908
1754064000000,115345.4,115700,113215.7,113320.7,1788.257303
1754078400000,113320.7,114099.9,112731.3,113296.4,1215.386125
1754092800000,113296.4,113921.2,113200.1,113913.5,679.626584
1754107200000,113913.5,114062.5,113477,113982.3,690.678231
1754121600000,113982.3,114046.8,113450,113793.2,526.733716
1754136000000,113793.2,113808.2,112845.7,112867,1474.054388
1754150400000,112867,113437,112005,112237,1570.455514
1754164800000,112237,113070.7,112086.5,112568.5,698.28525
1754179200000,112568.5,113745,111915.7,113607.8,747.25751
1754193600000,113607.8,113733.9,113345.1,113711.2,324.65844
1754208000000,113711.2,114257.8,113552.7,113855.3,563.108841
1754222400000,113855.3,114100,113578.9,113950.3,465.398417
1754236800000,113950.3,114787.1,113752.6,114312.7,562.529454
1754251200000,114312.7,114619.7,114062.5,114202,399.815218
1754265600000,114202,114998,114112.7,114582.5,719.581524
1754280000000,114582.5,114802,114150,114676.2,638.871186
1754294400000,114676.2,114778.8,114212.9,114500.8,676.583972
1754308800000,114500.8,115494.9,114117.3,114810,1811.938463
1754323200000,114810,115715.1,114717.3,114767.9,1543.51039
1754337600000,114767.9,115350.2,114623,115056.3,682.850258
1754352000000,115056.3,115125.3,114255,114255,576.096553
1754366400000,114255,114521,113729.4,113977.8,796.407412
1754380800000,113977.8,115088.3,113925.9,114826.7,793.790725
1754395200000,114826.7,114908.5,112666,112924.1,2311.993589
1754409600000,112924.1,113777.5,112804.5,113624.6,1102.067824
1754424000000,113624.6,114245.9,113300.1,114123,724.660568
1754438400000,114123,114141.3,113400.1,113517,751.68838
1754452800000,113517,114430.3,113347.8,114227.9,1064.527089
1754467200000,114227.9,114423.9,113720,114242.9,1000.491229
1754481600000,114242.9,115540.1,113569.8,115400.5,2154.609533
1754496000000,115400.5,115708.7,114944,115261.5,1010.102856
1754510400000,115261.5,115265.6,114795.8,114990.3,390.710191
1754524800000,114990.3,115189.2,114403.8,114549,574.690339
1754539200000,114549,114880.4,114264.6,114799.3,518.219
1754553600000,114799.3,116818,114795.7,116507.7,1759.363751
1754568000000,116507.7,116800,116022.7,116689.4,1349.762469
1754582400000,116689.4,117516.5,115627.6,117447,1540.150655
1754596800000,117447,117617.5,116995,117456.7,1099.852411
1754611200000,117456.7,117631,116691.4,116746.7,1052.752222
1754625600000,116746.7,116981,116392.3,116822.2,670.604702
1754640000000,116822.2,116926.1,116317.1,116898.6,623.773842
1754654400000,116898.6,117257.6,115900,116201.8,1455.402978
1754668800000,116201.8,116896.6,115992.8,116430.8,1204.208838
1754683200000,116430.8,116981.1,116301.5,116662.3,537.696242
1754697600000,116662.3,116742.8,116341.3,116369.3,281.436672
1754712000000,116369.3,116988,116347.6,116749.9,789.670202
1754726400000,116749.9,117923.9,116747,117109.7,1130.144166
1754740800000,117109.7,117235.2,116687.1,116877.9,748.098186
1754755200000,116877.9,116937,116496.5,116533.1,543.467507
1754769600000,116533.1,116999.9,116371.4,116469.6,633.920052
1754784000000,116469.6,118517.8,116460,118499.9,1315.990554
1754798400000,118499.9,118737.7,117444.4,117806.1,1299.352719
1754812800000,117806.1,118500,117608.6,118328.5,988.769745
1754827200000,118328.5,119098.2,118228.3,118794.1,1151.569971
1754841600000,118794.1,118937.7,118425.4,118651.1,412.490729
1754856000000,118651.1,119312.8,118065.9,119293.7,1037.716854
1754870400000,119293.7,122149.2,118977.5,121717,2369.505041
1754884800000,121717,122290,121439.6,121521.5,2473.31068
1754899200000,121521.5,121798.2,120270.5,120546.6,1807.723807
1754913600000,120546.6,120657.5,119366.1,120302.7,1975.879648
1754928000000,120302.7,120781.7,118611.4,119078.7,1223.190131
1754942400000,119078.7,119184.7,118065,118698.6,961.572212
1754956800000,118698.6,119300,118600,118868,724.452715
1754971200000,118868,119164.7,118437.8,119003.9,714.860794
1754985600000,119003.9,119058.2,118223.5,118513,1911.784562
1755000000000,118513,119963.9,118277.2,119932.3,2486.041679
1755014400000,119932.3,120184.4,119177.8,119650.4,1358.476197
1755028800000,119650.4,120317.9,119477.4,120146.4,1085.651162
1755043200000,120146.4,120198.5,119084.6,119481.8,944.162826
1755057600000,119481.8,119824.1,118933.7,119571.8,910.100133
1755072000000,119571.8,120720.9,119440.1,120551.4,1175.750734
1755086400000,120551.4,122194.5,120100.1,120924.5,3463.984511
1755100800000,120924.5,122842.6,120924.5,122749.7,1864.440987
1755115200000,122749.7,123682.2,122302.9,123319,1569.079251
1755129600000,123319,124494.1,123263.2,123350.2,1640.787647
1755144000000,123350.2,123425.4,121305.2,121732.1,1343.411498
1755158400000,121732.1,122031.9,120681.8,120953.3,1444.738945
1755172800000,120953.3,121169.8,117500,118254.9,4466.570715
1755187200000,118254.9,118527.2,117172.2,117942.2,1854.668559
1755201600000,117942.2,118520,117310.7,118292.8,754.161941
1755216000000,118292.8,119080.3,118032.3,118967.9,689.004521
1755230400000,118967.9,119233,118635.9,118973.2,664.576537
1755244800000,118973.2,119164.5,118614.3,119005.5,618.142728
1755259200000,119005.5,119138.7,116816.4,117272.9,2192.06588
1755273600000,117272.9,117873.2,116795.1,116928.8,1272.47853
1755288000000,116928.8,117775,116857.7,117339.6,496.2516
1755302400000,117339.6,117895.9,117225,117438.8,441.696905
1755316800000,117438.8,117883.2,117300,117601.1,431.881752
1755331200000,117601.1,117706.6,117200,117382.2,654.866248
1755345600000,117382.2,117824.3,117323.5,117671.2,341.68049
1755360000000,117671.2,117815,117619.2,117659.2,194.548842
1755374400000,117659.2,117711.1,117211.9,117375,255.080163
1755388800000,117375,117767.2,117189.8,117683.4,354.819209
1755403200000,117683.4,118234.1,117683.3,118008.9,468.711095
1755417600000,118008.9,118494.3,117923.3,118305.8,433.671249
1755432000000,118305.8,118581.6,118067.5,118244.3,361.405322
1755446400000,118244.3,118326.9,117312.9,117585.1,569.144422
1755460800000,117585.1,118012.6,117380,117414.8,382.823953
1755475200000,117414.8,117559.8,115000.1,115315.4,2470.776283
1755489600000,115315.4,115729.8,114888,115224.4,1215.270289
1755504000000,115224.4,115410.7,114646,114941.5,931.336724
1755518400000,114941.5,116185.9,114831,116147.5,1599.756007
1755532800000,116147.5,116807.3,115820,116313,884.497565
1755547200000,116313,116977.6,115967.9,116229.4,1175.730175
1755561600000,116229.4,116723.5,114774.2,114799.5,1186.752757
1755576000000,114799.5,115472.6,114358,114987.6,1305.936381
1755590400000,114987.6,115654.6,114799.9,115511.6,676.659418
1755604800000,115511.6,115880.8,113549.1,113778.3,2175.113071
1755619200000,113778.3,113888.2,112758.4,113123.9,1518.079571
1755633600000,113123.9,113587.2,112724.1,112871.8,839.004441
1755648000000,112871.8,113657,112577.5,113531.5,1186.286408
1755662400000,113531.5,113844.9,113438.9,113503.8,496.646401
1755676800000,113503.8,114049.5,113059.3,113668.3,1133.74571
1755691200000,113668.3,114339.6,112364.3,113357.5,2093.9596
1755705600000,113357.5,114452.4,113257.8,114284.6,1420.810682
1755720000000,114284.6,114622.5,114002.6,114266.7,500.29944
1755734400000,114266.7,114818.2,113887.5,113961.6,702.718505
1755748800000,113961.6,114039.7,113577.5,113892.2,620.316198
1755763200000,113892.2,113991,112985.4,113136.8,930.10258
1755777600000,113136.8,113994.2,112614.7,112801.4,1361.985687
1755792000000,112801.4,112976.4,112001,112193.3,1129.348293
1755806400000,112193.3,112866.6,112058.5,112509.6,457.397272
1755820800000,112509.6,113531.3,112322.1,112935.8,674.029386
1755835200000,112935.8,113392.3,112704.9,113088.7,686.703912
1755849600000,113088.7,113306.2,112176.2,112312.9,744.501241
1755864000000,112312.9,117287.9,111665.8,116360.2,4402.741494
1755878400000,116360.2,117412,116099.1,116648.7,2126.674967
1755892800000,116648.7,117172.9,116550.4,116935.1,781.671739
1755907200000,116935.1,117024.8,115452.4,115567.3,932.471533
1755921600000,115567.3,116037.6,115553.8,115792.4,705.099196
1755936000000,115792.4,115854.3,115229.3,115311.3,705.276223
1755950400000,115311.3,115489.8,114567.2,114822.4,1169.213509
1755964800000,114822.4,115212.5,114688.6,115149.1,572.070317
1755979200000,115149.1,115443.6,115006.6,115432.9,389.711567
1755993600000,115432.9,115685,114950.7,115037.3,789.729804
1756008000000,115037.3,115285.4,114850.2,114899.8,728.622899
1756022400000,114899.8,115063,114609,114746,846.856666
1756036800000,114746,114910.8,114359.9,114411.7,1298.081878
1756051200000,114411.7,114924.7,110577.2,112615.8,3645.872563
1756065600000,112615.8,113699.6,111675,113496.5,1832.048803
1756080000000,113496.5,113665.9,112162.9,112913.8,1118.329687
1756094400000,112913.8,113065.2,111288.9,111522.1,1521.303895
1756108800000,111522.1,111847,110942,111224.5,1566.846322
1756123200000,111224.5,112579.1,110592.1,112200.5,2016.490121
1756137600000,112200.5,112942.5,110646.9,110703.5,1321.20685
1756152000000,110703.5,111097.1,109273,110116.2,3166.135076
1756166400000,110116.2,110116.2,108690.7,109880,2059.065079
1756180800000,109880,110543.4,109761,110301.2,973.680309
1756195200000,110301.2,110457.2,109568.4,109878.1,767.656764
1756209600000,109878.1,110816.6,109385.3,109669.2,2399.151633
1756224000000,109669.2,111163.5,109444.2,111112.2,961.103793
1756238400000,111112.2,112369.1,110909.8,111763.6,788.207518
1756252800000,111763.6,111827.5,110918.3,111424.8,795.752157
1756267200000,111424.8,111735.1,110646,110742.6,804.880709
1756281600000,110742.6,111369,110369.6,111314.9,775.170147
1756296000000,111314.9,112626.7,111011.7,112013.3,2129.764314
1756310400000,112013.3,112611.6,111541.3,112078.3,929.735572
1756324800000,112078.3,112443.8,110925.6,111240.8,1629.738299
1756339200000,111240.8,112040,110851.6,112000.3,867.679202
1756353600000,112000.3,113363.2,111943.6,113120.8,1161.245906
1756368000000,113120.8,113358.5,112821.6,112916.6,661.38713
1756382400000,112916.6,113470,112383.6,112681.3,1623.402955
1756396800000,112681.3,113191.7,111885.5,111896.7,966.082963
1756411200000,111896.7,112572.5,111862.1,112558.8,420.185576
1756425600000,112558.8,112641.2,111306,111700.2,959.365286
1756440000000,111700.2,111848.2,109900,110008,1327.74022
1756454400000,110008,110271.2,109401,110088.2,1410.795224
1756468800000,110088.2,111498.7,108100.6,108383.3,3583.630743
1756483200000,108383.3,108838.9,107932,108217.3,1152.44442
1756497600000,108217.3,108562.2,107478.6,108390.6,1542.667535
1756512000000,108390.6,108465.3,107351.8,108452.6,1410.612417
1756526400000,108452.6,108684,108120.9,108528,984.438129
1756540800000,108528,108782.2,108421.4,108691.5,747.361534
1756555200000,108691.5,108931.7,108211.8,108882.1,889.607818
1756569600000,108882.1,108919.3,108623.4,108846.2,422.595873
1756584000000,108846.2,108853.6,108478.4,108805.4,342.570542
1756598400000,108805.4,109489.4,108797.5,109224.4,1096.976269
1756612800000,109224.4,109239.4,108508.2,108702.8,714.552508
1756627200000,108702.8,109097.9,108293.9,108386.6,882.142481
1756641600000,108386.6,108845.1,108187.6,108802.1,750.060209
1756656000000,108802.1,109229.1,108536.8,108923.9,388.74422
1756670400000,108923.9,109235.9,108073.1,108253.8,743.094547
1756684800000,108253.8,108481.4,107394.6,107653.1,1712.984938
1756699200000,107653.1,109423.3,107250.1,109423.3,1449.865687
1756713600000,109423.3,109905,108184.9,108785.8,1518.437268
1756728000000,108785.8,109522.4,108567.5,108787.3,1346.084128
1756742400000,108787.3,109329.8,108382.1,109227,916.017142
1756756800000,109227,109447.1,107455,109239.8,1544.543157
1756771200000,109239.8,110619.1,108888.3,110329.5,1523.806917
1756785600000,110329.5,110612.7,109991.1,110240.8,954.134405
1756800000000,110240.8,110720.4,109572.3,109732.8,1033.696628
1756814400000,109732.8,111776,108383.5,110832.4,3537.209238
1756828800000,110832.4,111133.2,110199,110804.2,1668.760722
1756843200000,110804.2,111548.1,110713.1,111246,723.567564
1756857600000,111246,111782.6,110900,111046.3,904.120607
1756872000000,111046.3,111161.8,110540.7,111100.1,598.135264
1756886400000,111100.1,111721.6,110900,111448,784.81563
1756900800000,111448,112523.4,111035.1,112229.3,2224.579622
1756915200000,112229.3,112586.9,111679.5,112196.4,935.800538
1756929600000,112196.4,112256,111614.7,111705,374.587435
1756944000000,111705,112183.3,111119,111144.1,709.483116
1756958400000,111144.1,111320.7,110285.8,110463.9,810.65989
1756972800000,110463.9,111147.2,110401.8,110811.3,729.921511
1756987200000,110811.3,111129.5,109323.5,109500.2,1945.785776
1757001600000,109500.2,110192.8,109355,109791.6,1020.506717
1757016000000,109791.6,111749.9,109739.7,110723,832.833112
1757030400000,110723,111485.4,110441.2,111319.3,845.358776
1757044800000,111319.3,112994.9,111144,112946.7,1395.325933
1757059200000,112946.7,112995.1,112137,112342.9,1186.600021
1757073600000,112342.9,113383.7,110270.7,110717.4,4926.096393
1757088000000,110717.4,111626.9,110205.7,111607.3,1233.511719
1757102400000,111607.3,111708.5,110353.2,110664.9,1231.939002
1757116800000,110664.9,111310.7,110559.1,111089,342.0299
1757131200000,111089,111089.1,110703.8,110830,240.467862
1757145600000,110830,110957.7,110669.1,110783.6,265.16912
1757160000000,110783.6,110988.5,110352.9,110383.2,396.561426
1757174400000,110383.2,110403,109958.2,110040.6,697.437274
1757188800000,110040.6,110283.1,110031.3,110190.4,227.663141
1757203200000,110190.4,110745.4,110174.9,110637.6,321.500847
1757217600000,110637.6,110919.1,110472.4,110756.3,347.437945
1757232000000,110756.3,111361.6,110716.8,111298,893.011045
1757246400000,111298,111412.4,111048.8,111327.5,420.537778
1757260800000,111327.5,111371.1,110824.2,111256.8,603.43245
1757275200000,111256.8,111598,111001.8,111138.8,556.015696
1757289600000,111138.8,111372.8,110625,111053.8,1062.597679
1757304000000,111053.8,111612.6,110905,111284.8,1980.098638
1757318400000,111284.8,112190.5,111249.9,112056.2,1493.00539
1757332800000,112056.2,112937.7,111875,112644.2,2121.718057
1757347200000,112644.2,112683,111969.3,112094.7,1061.632012
1757361600000,112094.7,112508.4,111883.1,112062.2,478.302235
1757376000000,112062.2,112106.4,111107,111697.8,954.210308
1757390400000,111697.8,113277.6,111620.5,112988.1,1644.514492
1757404800000,112988.1,113249.3,112410,112430.5,1002.555296
1757419200000,112430.5,112947.6,110765.1,110873.2,2488.413682
1757433600000,110873.2,111384.5,110767.7,111294,1001.468864
1757448000000,111294,111725.6,111078.7,111540.7,728.833926
1757462400000,111540.7,111591.3,110919.1,111542.6,1169.308038
1757476800000,111542.6,112588.4,111370.6,112545.4,1180.832128
1757491200000,112545.4,112850.7,112097.2,112288.6,1512.859453
1757505600000,112288.6,114304.2,112288.6,113868.6,4162.501651
1757520000000,113868.6,114069.8,113142.7,113565.1,1680.840767
1757534400000,113565.1,114012.8,113523.7,113945.5,1046.990936
1757548800000,113945.5,114432.9,113672.4,114395.3,723.035617
1757563200000,114395.3,114457.9,113939.9,114072.7,874.224679
1757577600000,114072.7,114197.2,113777,114002.7,797.751316
1757592000000,114002.7,114726.4,113400,114178.7,3469.93992
1757606400000,114178.7,114611.1,114103.4,114421.5,1109.20133
1757620800000,114421.5,115478.2,114247.8,115477.3,964.77791
1757635200000,115477.3,116307.4,115041,115183.4,1915.150128
1757649600000,115183.4,115650,115076.5,115082.8,1142.231358
1757664000000,115082.8,115270,114883.2,114920,928.091277
1757678400000,114920,115469.3,114752.7,115120.2,1429.309536
1757692800000,115120.2,116665.7,115034.9,116632.5,2253.707098
1757707200000,116632.5,116632.5,115752.4,116028.2,1045.974035
1757721600000,116028.2,116284.7,115589.1,115960.9,832.31461
1757736000000,115960.9,115961,115649.9,115772,1005.626223
1757750400000,115772,116163.9,115770.3,115971,629.974734
1757764800000,115971,116058.7,115614.3,115775.4,768.85637
1757779200000,115775.4,115821.7,115106.5,115796.3,1198.705022
1757793600000,115796.3,115988.5,115791.7,115904.8,538.250874
1757808000000,115904.8,116109,115642.9,115681.6,682.188625
1757822400000,115681.6,115937.5,115458.3,115803.6,492.649319
1757836800000,115803.6,116167.7,115752.3,115800.9,695.614807
1757851200000,115800.9,115879.8,115175.2,115216.7,1102.439843
1757865600000,115216.7,115663,115201.2,115629.8,567.551998
1757880000000,115629.8,116087,115141.6,115272.6,740.580571
1757894400000,115272.6,115580,114815.6,115434.1,801.862923
1757908800000,115434.1,116749.3,115395.6,115825.5,1835.641433
1757923200000,115825.5,115825.5,114623.8,115061.5,1552.42421
1757937600000,115061.5,115092.2,114379,114852.3,1745.262558
1757952000000,114852.3,115578.3,114594.3,115305.2,1366.222976
1757966400000,115305.2,115616.3,115196.8,115356.9,688.770626
1757980800000,115356.9,115517.7,114944.4,115307.3,731.359471
1757995200000,115307.3,116018.9,114938.1,115820,1119.513139
1758009600000,115820,115977.9,115200,115279.7,729.453464
1758024000000,115279.7,115911.1,114715,115911.1,1734.011382
1758038400000,115911.1,116883.9,115603,116797.2,2035.246343
1758052800000,116797.2,116958,116602.3,116792.5,717.310993
1758067200000,116792.5,117082.2,116361.8,116361.8,1012.393021
1758081600000,116361.8,117272,116158.5,117161.2,1356.402869
1758096000000,117161.2,117189.3,116260,116270.7,967.729854
1758110400000,116270.7,116540.6,115442.4,115875.3,1673.257379
1758124800000,115875.3,116329.6,114728.6,115652.4,4001.524896
1758139200000,115652.4,116991,115318,116443.3,1339.843578
1758153600000,116443.3,117900,116094.5,117582,1792.247014
1758168000000,117582,117758.1,116896,117070.1,1412.528887
1758182400000,117070.1,117408.3,117001,117066.9,888.654501
1758196800000,117066.9,117846.9,116966.1,117587,1969.118937
1758211200000,117587,117911.7,117187.6,117454.5,1273.308427
1758225600000,117454.5,117662.6,116642.3,117085.4,1044.651752
1758240000000,117085.4,117465.7,116856.1,116959.9,812.240744
1758254400000,116959.9,117100,116636.9,116903.4,973.812212
1758268800000,116903.4,117092.1,116309.8,116385.2,704.897192
1758283200000,116385.2,116533.6,115452.8,115874.5,1980.767742
1758297600000,115874.5,116140,115088,115122.7,955.696437
1758312000000,115122.7,115654.3,115090.8,115633.1,458.806414
1758326400000,115633.1,115733.8,115410.9,115449.6,381.053225
1758340800000,115449.6,115995.2,115414.2,115972.9,359.470058
1758355200000,115972.9,115973.6,115672.4,115889,383.438352
1758369600000,115889,116125,115810.7,115994.6,448.642088
1758384000000,115994.6,116087.1,115688.9,115689,383.007493
1758398400000,115689,115939.6,115614.2,115680.9,207.142565
1758412800000,115680.9,115721.9,115448.1,115675.7,249.100171
1758427200000,115675.7,115812.9,115498.5,115812.4,248.874249
1758441600000,115812.4,115821,115330,115608.6,383.560692
1758456000000,115608.6,115749.4,115477,115522.4,294.035454
1758470400000,115522.4,115661.6,115210,115486.3,398.793321
1758484800000,115486.3,115550,115184.8,115235,494.62713
1758499200000,115235,115382.7,114143.6,114650,2415.232591
1758513600000,114650,114655.5,111615.3,112523.6,3983.073974
1758528000000,112523.6,112971.5,112166.2,112872.9,1706.965257
1758542400000,112872.9,113436.9,112386,112817.1,2225.127779
1758556800000,112817.1,112880.3,111931.6,112114.3,1657.228836
1758571200000,112114.3,112979,111970.5,112650.9,883.831662
1758585600000,112650.9,112834.6,111482.1,112335.2,1520.425024
1758600000000,112335.2,113114.9,111863.6,113087.9,1371.343395
1758614400000,113087.9,113270.2,112684,112976.4,1004.469399
1758628800000,112976.4,113291.9,112484.9,112868.6,1799.444155
1758643200000,112868.6,112963.4,111520.6,111647,2863.901234
1758657600000,111647,112223.8,111446.8,111990.9,836.116172
1758672000000,111990.9,112498.6,111669.2,111676.8,1624.925122
1758686400000,111676.8,112818.8,111000,112586.3,1763.095963
1758700800000,112586.3,113163,112396.4,113030.3,1022.369611
1758715200000,113030.3,113901.2,112819.4,113342.9,1842.675791
1758729600000,113342.9,113948,113155.3,113428.9,1402.660294
1758744000000,113428.9,113652,113203.5,113307,811.149405
1758758400000,113307,113506.1,112222.2,112545.5,2470.580429
1758772800000,112545.5,112619.5,111440,111760.7,2163.917607
1758787200000,111760.7,112249,111278,111354.7,1428.176876
1758801600000,111354.7,111730.1,110602,111584.7,4632.334314
1758816000000,111584.7,111671.5,108611.9,109369.6,4199.022412
1758830400000,109369.6,109687.5,108742.3,108986.7,1700.217967
1758844800000,108986.7,109797.3,108800.1,109576.2,2139.796556
1758859200000,109576.2,109628.9,108892.8,109307.3,2239.814947
1758873600000,109307.3,109690.1,108616.1,109130.3,1583.293852
1758888000000,109130.3,109782.1,108763.4,109026,3494.052982
1758902400000,109026,110306,109025.5,109160.8,2191.984761
1758916800000,109160.8,109683.1,109071.4,109639.3,724.552622
1758931200000,109639.3,109783.4,109316.9,109563.1,941.135227
1758945600000,109563.1,109743,109340.3,109410,487.887846
1758960000000,109410,109478.3,109066.4,109316,781.709971
1758974400000,109316,109485.1,109192.1,109394.3,620.17377
1758988800000,109394.3,109451.5,109242.4,109423,586.998085
1759003200000,109423,109696,109350,109631.2,419.540835
1759017600000,109631.2,109793,109327.3,109443.3,842.922069
1759032000000,109443.3,109540.9,109261.7,109512.8,295.879366
1759046400000,109512.8,109588.9,109233.8,109372.4,630.520035
1759060800000,109372.4,110038.3,109193.9,110033.7,1155.760178
1759075200000,110033.7,110393.6,110013,110336.3,906.131256
1759089600000,110336.3,112355.1,110295.8,112176,1824.71193
1759104000000,112176,112323.2,111583.6,111860.2,2024.431843
1759118400000,111860.2,111904.9,111563.3,111857.1,1476.247461
1759132800000,111857.1,112436.4,111857.1,112107.4,1658.224881
1759147200000,112107.4,114242.3,111915,113812,3646.579931
1759161600000,113812,114411.7,113461.6,114257.3,1741.876821
1759176000000,114257.3,114414.6,114012.5,114305.6,965.628071
1759190400000,114305.6,114798.7,114022,114362.6,2269.571555
1759204800000,114362.6,114362.7,113581.4,113700,1726.317515
1759219200000,113700,113738.5,112650,113047.7,1702.280779
1759233600000,113047.7,113668.8,112845.8,113105.4,2272.719452
1759248000000,113105.4,114574.4,112793.6,114369.7,1697.542024
1759262400000,114369.7,114772.7,113770.1,114051.1,1238.23487
1759276800000,114051.1,114551.9,113962.3,114178.1,1013.596604
1759291200000,114178.1,114745,114140.7,114529.9,1103.897177
1759305600000,114529.9,116779.7,114467.4,116774.6,2362.373127
1759320000000,116774.6,117658.7,116342.3,117416.3,2319.011779
1759334400000,117416.3,118188,116715,117432.9,2829.651527
1759348800000,117432.9,118637.1,117156.4,118584,1215.537017
1759363200000,118584,119440.1,118372.8,118733.2,1882.106631
1759377600000,118733.2,118943.4,118259,118480.2,1074.773815
1759392000000,118480.2,118931.4,118342,118753.9,905.732612
1759406400000,118753.9,119999.1,118499.9,119950,3243.295617
1759420800000,119950,121024.9,119353.6,120833.7,3021.858723
1759435200000,120833.7,120916.1,120067.1,120530.8,1354.403198
1759449600000,120530.8,120555,119813.4,120223.7,1322.392663
1759464000000,120223.7,120322.2,119606.3,119632.3,1210.02534
1759478400000,119632.3,120512.7,119234.9,120335,1764.530715
1759492800000,120335,122378.6,119877.8,122270.8,3185.374332
1759507200000,122270.8,123900,121479.5,122656.9,5108.063381
1759521600000,122656.9,122726.7,122000,122223.8,859.947721
1759536000000,122223.8,122341.2,121680.1,122243.4,991.940176
1759550400000,122243.4,122796,122224.1,122310,823.057048
1759564800000,122310,122525.4,121963.6,121974.8,687.864735
1759579200000,121974.8,122510.1,121704.7,121802.1,935.929319
1759593600000,121802.1,122007.4,121523.3,121993.3,884.094925
1759608000000,121993.3,122421.9,121874,122397.8,535.134629
1759622400000,122397.8,124362.1,122132.3,123765,2219.036789
1759636800000,123765,125782,123725.4,124711.9,3753.7291
1759651200000,124711.9,124855.6,122521.2,123475.2,2707.971983
1759665600000,123475.2,123475.2,122679.3,122805.3,1015.455939
1759680000000,122805.3,123469.5,122300,122605.1,1208.656682
1759694400000,122605.1,123588,122482.6,123496.8,841.028229
1759708800000,123496.8,124368,123087.3,123840.8,2239.778373
1759723200000,123840.8,124174.9,123282.3,123382.8,1863.106138
1759737600000,123382.8,124531.6,123382.8,124218.3,1231.053648
1759752000000,124218.3,125419,124182.3,124996.4,2754.146595
1759766400000,124996.4,126195.5,124800.7,125404.4,2651.754119
1759780800000,125404.4,125539.6,124503.7,124662.3,1150.347392
1759795200000,124662.3,125066.2,124094.3,124320.6,1351.065456
1759809600000,124320.6,124656,123558.7,123654.6,1312.442999
1759824000000,123654.6,124513.9,123314.2,124455.3,1444.602651
1759838400000,124455.3,125100,121181.3,121855.4,3727.735314
1759852800000,121855.4,122135.9,120605.5,121651.6,2960.771506
1759867200000,121651.6,122300,121270,121344.8,1006.744718
1759881600000,121344.8,122229.8,121222.4,121372.8,1485.24551
1759896000000,121372.8,121909,121059.5,121606.5,1461.116472
1759910400000,121606.5,123203.4,121527.2,122885.3,2078.91942
1759924800000,122885.3,123363.2,121671.8,122191,2253.224369
1759939200000,122191,124200,122111.5,123449.7,1970.453718
1759953600000,123449.7,123717.1,122795.3,123303.2,695.638207
1759968000000,123303.2,123347.8,121460,122039.8,1432.938901
1759982400000,122039.8,122263.5,121715.3,121895.1,901.933065
1759996800000,121895.1,122824.5,121139,122725.9,1519.810175
1760011200000,122725.9,123762.3,120683.8,121148.2,3275.521791
1760025600000,121148.2,121488.6,119641.7,120958.9,2314.365222
1760040000000,120958.9,121778.9,120846.6,121653.6,645.810051
1760054400000,121653.6,121887.3,120919.4,121040,1213.938508
1760068800000,121040,121775,120875,120948.6,1272.561805
1760083200000,120948.6,121782.6,120924.7,121552.3,890.713838
1760097600000,121552.3,122537.6,118451.4,119015.9,4420.776478
1760112000000,119015.9,119449.5,115934.7,116654.4,4962.443185
1760126400000,116654.4,117235.7,102329.5,112738.6,15405.455178
1760140800000,112738.6,113309.9,110922.4,112046.1,8839.131312
1760155200000,112046.1,112943.6,110093.9,110406.1,2826.982152
1760169600000,110406.1,112367.4,110154.4,112285.9,1660.119047
1760184000000,112285.9,112510.6,111778,111778.1,1869.462994
1760198400000,111778.1,112185.9,110850.9,111179.3,1479.138287
1760212800000,111179.3,111362,109553,110630.7,2041.883426
1760227200000,110630.7,111357.1,109552.1,110678.6,3122.777644
1760241600000,110678.6,112128.3,110603.2,111525.7,1957.234481
1760256000000,111525.7,112122.1,111137.5,111840.3,1260.375986
1760270400000,111840.3,113774.9,111173.1,113216.8,3332.516084
1760284800000,113216.8,114733.1,113216.7,114348.5,2513.868159
1760299200000,114348.5,115783.9,114253.8,114973.9,2064.423214
1760313600000,114973.9,115975.2,114633,114840,1872.440242
1760328000000,114840,115554.7,114424.3,115391.7,1808.490747
1760342400000,115391.7,115439.6,113607.3,114179,1346.636608
1760356800000,114179,115547.5,113794.2,114317.7,2228.102756
1760371200000,114317.7,115888.8,114219.2,115799.6,2028.208672
1760385600000,115799.6,115884,115009.3,115168.8,969.792325
1760400000000,115168.8,115417.4,113268.6,113482.5,2061.69749
1760414400000,113482.5,113682.1,111340.8,111712.7,3687.191216
1760428800000,111712.7,112140.2,110034.2,111306.3,2705.253626
1760443200000,111306.3,112918,109842.1,112900.5,3084.884429
1760457600000,112900.5,113547.7,111713.1,112603.7,3022.092512
1760472000000,112603.7,113577.1,112223.1,113038.4,1062.407451
1760486400000,113038.4,113620,111809.6,112023.9,1769.733784
1760500800000,112023.9,112685.7,111718.3,112580.8,1532.944005
1760515200000,112580.8,113534.5,111655.5,111896.8,2176.664723
1760529600000,111896.8,112235.5,110371.5,110783.5,2953.152996
1760544000000,110783.5,111562,110148,111270.6,1593.408165
1760558400000,111270.6,111558.4,110482,110745.1,1225.182224
1760572800000,110745.1,111859,110346.5,111325.1,1482.997183
1760587200000,111325.1,111773.6,110543.8,110561.1,1679.983404
1760601600000,110561.1,111728.7,109621,111407.6,2112.324799
1760616000000,111407.6,111988.6,108340.3,108547.5,3567.643767
1760630400000,108547.5,109256.4,107552.1,108192.4,4734.132065
1760644800000,108192.4,108508.4,107421.3,108182.3,1302.227791
1760659200000,108182.3,109233.9,107920.3,109178.1,1422.175722
1760673600000,109178.1,109237.5,105516.8,105611.5,3699.337891
1760688000000,105611.5,106625,103528.9,105679.3,4401.620764
1760702400000,105679.3,106843.9,104518.1,106787.7,3171.113497
1760716800000,106787.7,107577,106071,106459.1,3002.459554
1760731200000,106459.1,107445.7,106350.3,106422.4,688.747676
1760745600000,106422.4,107301.2,106308.6,107079,914.361185
1760760000000,107079,107499.9,106444.1,106693.3,1046.721448
1760774400000,106693.3,107235.2,106615,107213.1,659.859909
1760788800000,107213.1,107313.2,106731,106944.5,724.403259
1760803200000,106944.5,107098,106472.5,107071.4,535.178845
1760817600000,107071.4,107346.3,106840.4,107171.9,414.25749
1760832000000,107171.9,107365.7,106732.9,107274.2,640.056626
1760846400000,107274.2,107292.6,106552.6,106793.4,595.758509
1760860800000,106793.4,108256.3,106110.3,107783,2229.28461
1760875200000,107783,108629.8,107372.7,108490.4,1480.619463
1760889600000,108490.4,109449.8,108242.2,108908.1,1015.017236
1760904000000,108908.1,109382.1,108467.3,108653,643.753579
1760918400000,108653,110431,107420.8,110136.4,1945.191612
1760932800000,110136.4,111412.3,109939.7,111184.1,1941.660331
1760947200000,111184.1,111665.8,110633.1,111022.3,1715.634277
1760961600000,111022.3,111733.4,110599.5,111151.6,1780.934231
1760976000000,111151.6,111321.1,109856.3,110810.3,1894.818284
1760990400000,110810.3,111279.5,110417.5,110542.4,652.406649
1761004800000,110542.4,110548.5,109062.4,109062.4,1730.333297
1761019200000,109062.4,109062.4,107467.6,108072.1,2789.879884
1761033600000,108072.1,108817.6,107475.4,108585.2,1414.427941
1761048000000,108585.2,113578.2,107903.5,113439,4020.175374
1761062400000,113439,114029.7,111335.1,111782.3,2941.048934
1761076800000,111782.3,111812.4,108026.5,108300.5,2501.482182
1761091200000,108300.5,108680,107835.7,108217.7,1781.571964
1761105600000,108217.7,108653.7,107612,108326.9,1375.001809
1761120000000,108326.9,108363,106671.1,107553.2,1786.531549
1761134400000,107553.2,109171.7,107447.8,108409.7,2813.617676
1761148800000,108409.7,108815.6,107450.9,107865.2,1716.511683
1761163200000,107865.2,108073.9,106582.7,107576.7,1496.405709
1761177600000,107576.7,108722.9,107504.9,108378.5,1341.498959
1761192000000,108378.5,110308.4,108357.9,109277.2,1704.314677
1761206400000,109277.2,109906.2,109099.5,109258.6,1182.429643
1761220800000,109258.6,110111,108688.9,109913.7,1840.369492
1761235200000,109913.7,111323.5,109641.5,110198.1,1488.775309
1761249600000,110198.1,110203.8,109327.8,110068.3,890.210655
1761264000000,110068.3,110829.1,109986.8,110452.5,1061.104759
1761278400000,110452.5,111544.4,110332.4,111068,1614.821487
1761292800000,111068,111499,110608.4,111069.9,1258.966762
1761307200000,111069.9,112159.9,109685,110047.7,2965.055625
1761321600000,110047.7,110941.6,109787.9,110613.5,1032.984298
1761336000000,110613.5,111134.9,110477.5,111011,493.153308
1761350400000,111011,111227.3,110671.5,111021.9,516.596105
1761364800000,111021.9,111840.6,111021.9,111511.2,820.883741
1761379200000,111511.2,111856.4,111387.3,111579.9,717.821214
1761393600000,111579.9,111958.2,111315.4,111391.2,677.7515
1761408000000,111391.2,111737.8,111162.5,111631.5,481.711051
1761422400000,111631.5,111697.2,111348.5,111646.2,288.652959
1761436800000,111646.2,111923.7,111265.5,111271.5,617.361076
1761451200000,111271.5,111737.5,111264,111735,308.88
1761465600000,111735,113481.1,111712.9,113291.9,1411.074827
1761480000000,113291.9,114047.5,113276.4,113698.1,1862.975333
1761494400000,113698.1,113788.8,113292.5,113588.9,571.288795
1761508800000,113588.9,115542.4,112870.6,114550.8,1484.717066
1761523200000,114550.8,115453,114362.3,114980.5,1306.627905
1761537600000,114980.5,116400,114941.1,115548,1714.163792
1761552000000,115548,115600.6,114826.4,115349.5,1360.681457
1761566400000,115349.5,115435.8,114483.1,114968.8,1590.339539
1761580800000,114968.8,115799.9,114785.2,114946.2,957.424946
1761595200000,114946.2,114946.2,113839.1,114110.3,880.823593
1761609600000,114110.3,114523.4,113567.9,113899.4,1339.72813
1761624000000,113899.4,114356.6,113478,114180.8,1069.956063
1761638400000,114180.8,114671.5,114102.6,114351.3,667.466488
1761652800000,114351.3,116099.9,114140,114642.8,2467.381886
1761667200000,114642.8,115597.2,113563.1,113690.4,1478.403796
1761681600000,113690.4,113709.5,112178.9,112892.3,2119.275591
1761696000000,112892.3,112970.9,112088.9,112511.1,1243.573311
1761710400000,112511.1,113566.9,112489.4,113563,1452.108449
1761724800000,113563,113623.2,112731.5,113132.9,923.929019
1761739200000,113132.9,113636.2,111398.8,111509.4,1961.369531
1761753600000,111509.4,112008.7,109156.3,110652.2,4001.432497
1761768000000,110652.2,111809.1,109733.2,110026.1,1303.871746
1761782400000,110026.1,111008.3,109727,110751.8,1411.347563
1761796800000,110751.8,111600,107940.7,111367,2883.356201
1761811200000,111367,111434.7,109690.5,109706.7,1397.679878
1761825600000,109706.7,109784.7,107305.9,107711.2,2756.425431
1761840000000,107711.2,108218,106285.4,106515.1,1755.283809
1761854400000,106515.1,108347.2,106306.2,108309.9,1122.237423
1761868800000,108309.9,110041.1,108266,109229.3,2353.911644
1761883200000,109229.3,110250,109108.9,109443.5,1105.393273
1761897600000,109443.5,110552.8,109207.7,110424.6,1144.465905
1761912000000,110424.6,111160,109362.5,110188.4,1745.408511
1761926400000,110188.4,110295.5,108587.4,109834.9,1397.036705
1761940800000,109834.9,109834.9,109318.1,109603.1,411.210205
1761955200000,109603.1,110310.4,109385.7,110234.9,681.602002
1761969600000,110234.9,110564.5,109950,110067.7,565.849911
1761984000000,110067.7,110267.9,109838.9,110133.6,518.671621
1761998400000,110133.6,110363.8,109715.9,110312.9,539.5083
1762012800000,110312.9,110533,110182.2,110293.6,452.554601
1762027200000,110293.6,110510.9,109856.8,110092.3,470.050503
1762041600000,110092.3,110262.2,109876.8,110048.1,322.919246
1762056000000,110048.1,111040,110017.8,110898.9,807.608001
1762070400000,110898.9,111225.2,110345.2,111182.8,733.475205
1762084800000,111182.8,111236.5,110087,110118.4,965.172352
1762099200000,110118.4,110337.5,109735.6,110173.2,700.813458
1762113600000,110173.2,110749.9,109492.1,110539.9,712.141059
1762128000000,110539.9,110761.5,107900,107932.1,1958.418391
1762142400000,107932.1,108056.4,107000,107463.6,2263.882536
1762156800000,107463.6,107926.2,106755.3,107793.7,1626.422614
1762171200000,107793.7,108330.1,105504.5,105751.1,2867.01508
1762185600000,105751.1,107751.3,105307.4,107086.3,1906.910355
1762200000000,107086.3,107169.1,105810,106581.4,1029.121194
1762214400000,106581.4,107292.8,105847.9,107147.1,1737.872983
1762228800000,107147.1,107294.2,104178.6,104485.2,2934.785718
1762243200000,104485.2,104699.9,103603.2,104582,1732.474252
1762257600000,104582,104864.6,102926.1,103205.6,2178.413366
1762272000000,103205.6,103507.2,100000,100535.3,4080.741782
1762286400000,100535.3,101914.5,98947.8,101491.7,3704.874733
1762300800000,101491.7,102272.6,98961.7,102139,3404.2782
1762315200000,102139,102355,101486.4,101995.7,1315.762323
1762329600000,101995.7,102214.2,101173.8,102074.3,1291.603684
1762344000000,102074.3,103793.1,101919.2,103726.4,2137.295968
1762358400000,103726.4,104547.3,103074.1,104003.8,1409.535756
1762372800000,104003.8,104543.2,103299.7,103890.2,1057.424214
1762387200000,103890.2,103944.7,102729,103643,1732.333567
1762401600000,103643,104204.7,102915,103188.8,1463.134703
1762416000000,103188.8,103452.3,102652.4,103234.5,985.695467
1762430400000,103234.5,103639.3,101620.6,102005.3,2147.785584
1762444800000,102005.3,102388,100288.7,101380.9,2108.196388
1762459200000,101380.9,101663.2,100538.7,101347.2,915.433151
1762473600000,101347.2,102333,100744,101904.8,1989.229924
1762488000000,101904.8,102520.7,101575.1,102015.8,1485.794655
1762502400000,102015.8,102058.6,99764.1,100406.3,1750.603419
1762516800000,100406.3,101271.63,99255.1,100794.5,2574.198127
1762531200000,100794.5,103408.7,100510.1,103408.7,1990.240703
1762545600000,103408.7,104083.8,102957.2,103345.2,1121.702998
1762560000000,103345.2,103420.5,102537,102582.6,1375.465221
1762574400000,102582.6,102847.8,101910,102340,1308.379759
1762588800000,102340,102695.9,101714.8,101855.1,1103.648643
1762603200000,101855.1,102187.2,101458.2,101721.1,1173.152308
1762617600000,101721.1,102228.4,101514.3,101988.4,704.33596
1762632000000,101988.4,102493.2,101945.8,102318.7,368.617641
1762646400000,102318.7,102346.2,101399.1,101664.9,898.017551
1762660800000,101664.9,102148.6,101635,101943.6,1515.142375
1762675200000,101943.6,102324,101500.6,102249.3,1331.945203
1762689600000,102249.3,104186,102049.3,103760.6,1922.897526
1762704000000,103760.6,104821.1,103331.2,104813.2,1486.225778
1762718400000,104813.2,105496.1,104100,104724.7,1302.397174
1762732800000,104724.7,106681.1,104264.5,106031.1,2248.914555
1762747200000,106031.1,106539.8,105850,106473.9,1273.15483
1762761600000,106473.9,106619.2,105832.1,106181.7,1107.819441
1762776000000,106181.7,106600,104660.2,105073.4,2407.235445
1762790400000,105073.4,106084.3,104786.7,105819.8,1607.463264
1762804800000,105819.8,106303.7,105263,106015.7,1313.347399
1762819200000,106015.7,107533,105509,106463.8,2681.001875
1762833600000,106463.8,106549.7,104716.7,104788.1,1929.256143
1762848000000,104788.1,105521.7,104765,105301.9,1101.692604
1762862400000,105301.9,105509.2,103190.7,103462.9,2850.056638
1762876800000,103462.9,103740.7,102844.4,103134.7,1944.707586
1762891200000,103134.7,103246.1,102482.3,103058,1339.280121
1762905600000,103058,103449.9,102677.1,103321.7,1354.865903
1762920000000,103321.7,103659.6,103017.5,103124.8,761.697301
1762934400000,103124.8,105215.6,103124.8,105032.9,2008.2723
1762948800000,105032.9,105337.5,101956.8,102159.6,3049.464142
1762963200000,102159.6,102279.8,100802.9,101286.3,2465.562846
1762977600000,101286.3,102009.7,101129.4,101647.4,1002.873759
1762992000000,101647.4,102611.9,100914.6,102128.6,1812.232308
1763006400000,102128.6,104066.4,101654.9,103480,2191.434447
1763020800000,103480,103812.5,102542.9,102939,1402.598582
1763035200000,102939,103484,101172.4,101375.8,2852.739768
1763049600000,101375.8,101532.8,98131.5,98671.9,4493.944734
1763064000000,98671.9,100507,98000,99688.4,2264.573538
1763078400000,99688.4,99871.8,98694.9,99142.1,2342.521178
1763092800000,99142.1,99183.9,95931,97150.8,4363.3016
1763107200000,97150.8,97549.9,95683.6,96166,2401.000319
1763121600000,96166,97316,94548.9,96799.4,4488.261729
1763136000000,96799.4,97411.5,94782.9,95778.5,2773.021807
1763150400000,95778.5,95989.1,94010,94583.9,2355.141869
1763164800000,94583.9,96825.2,94556.3,96419.9,2167.955487
1763179200000,96419.9,96585.2,95930.1,96337.6,1213.923222
1763193600000,96337.6,96359.8,95633.2,95697.7,1284.877332
1763208000000,95697.7,96476.8,95577.4,96261.2,1103.990277
1763222400000,96261.2,96405.2,95722,96016,1170.742225
1763236800000,96016,96027.5,95121.4,95604.6,1019.243075
1763251200000,95604.6,95980.4,94842.2,95827.4,1439.403852
1763265600000,95827.4,96193.4,95652.2,96099.1,834.493361
1763280000000,96099.1,96629.9,95499.2,95632.1,1285.468786
1763294400000,95632.1,95903.8,94369.9,94586,1553.251018
1763308800000,94586,95569.9,93740.3,94027.3,3139.045772
1763323200000,94027.3,94739.9,92955.6,94260.3,2715.554758
1763337600000,94260.3,95568.6,93763.3,95506.1,2523.0598
1763352000000,95506.1,95886.4,94889.9,95647.3,1706.764171
1763366400000,95647.3,96019.6,95310,95568.4,1277.394016
1763380800000,95568.4,96071.3,93583.5,93959.8,3356.664448
1763395200000,93959.8,94418.3,91598.4,91691.4,3842.448662
1763409600000,91691.4,92400,91300.1,92211,2659.198952
1763424000000,92211,92357.9,89705.8,90834.9,4979.114016
1763438400000,90834.9,90860.8,89300,90492.9,3604.063849
1763452800000,90492.9,91609,90492.9,91518.7,2268.409728
1763467200000,91518.7,93037.1,90922,92904,3298.979092
1763481600000,92904,93837.5,92582.2,93178.5,2421.573932
1763496000000,93178.5,93428,92454.1,92964.2,1239.395333
1763510400000,92964.2,92991.7,91665.6,91874.9,2027.839185
1763524800000,91874.9,92015.4,90021.6,91855.6,2449.9437
1763539200000,91855.6,91954.3,91078.6,91411.4,1101.794405
1763553600000,91411.4,92389.8,89859.06,89943.7,2269.498827
1763568000000,89943.7,90228.8,88631.7,88886.6,3152.381736
1763582400000,88886.6,91599.9,88608.5,91558.8,2266.046237
1763596800000,91558.8,92809.2,91186.5,92445,2220.554296
1763611200000,92445,93171.1,91700,92322.9,2006.242475
1763625600000,92322.9,92404,91443.2,91931.5,1464.652047
1763640000000,91931.5,92543.9,89800.2,89855,3301.534781
1763654400000,89855,89907.4,86100,86917.4,5270.772075
1763668800000,86917.4,88263.6,86329.1,86629.1,2454.229364
1763683200000,86629.1,87499.9,85360.8,85820.4,3397.509212
1763697600000,85820.4,86347.6,81363.6,84039.1,4683.779497
1763712000000,84039.1,84709,81644.3,82326.9,5110.037488
1763726400000,82326.9,85503.5,80641.5,82931,6301.893511
1763740800000,82931,85576.8,82328.6,84211.8,4103.609694
1763755200000,84211.8,85427.6,83456.1,85132.1,2076.521345
1763769600000,85132.1,85620,84212.4,84437.9,1940.706117
1763784000000,84437.9,84809.9,83823,84582.4,1562.541541
1763798400000,84582.4,84585.7,83500.6,84091.9,1590.86487
1763812800000,84091.9,84762.3,83616.8,84283.6,1507.354101
1763827200000,84283.6,84918.8,84219.4,84606.9,646.609218
1763841600000,84606.9,85261.6,84240,84738,591.916423
1763856000000,84738,86350.1,84673.4,86306.1,1885.612531
1763870400000,86306.1,86862.1,85409.4,85771,1567.163026
1763884800000,85771,86479.9,85762,86330.5,1053.243278
1763899200000,86330.5,87243.3,86269.1,87081.6,1393.083807
1763913600000,87081.6,87677.2,86498.6,87318.8,1369.562787
1763928000000,87318.8,88124.9,86727.8,86841.3,1459.718927
1763942400000,86841.3,88064.5,85931.2,87451.2,2657.329146
1763956800000,87451.2,87835,86440.7,87043.9,1898.502189
1763971200000,87043.9,87044.6,85693.5,86270,1353.584705
1763985600000,86270,86753.5,85262.4,86622.4,2216.112289
1764000000000,86622.4,88841.2,86619.7,88327.1,2381.027318
1764014400000,88327.1,89231.7,88235.9,88278,2101.751492
1764028800000,88278,88283.2,87442.4,87808.3,1958.396083
1764043200000,87808.3,88509.5,87339.3,87393.3,1708.462245
1764057600000,87393.3,87616.2,86682,87361.8,1459.642429
1764072000000,87361.8,87771.1,86106.4,86996,2941.021167
1764086400000,86996,88151.3,86180,86878.6,2069.048889
1764100800000,86878.6,87889.2,86575.6,87359.3,1196.157601
1764115200000,87359.3,88230.7,87064.8,87117.4,1754.320405
1764129600000,87117.4,87977.1,86895,87943.3,2015.636808
1764144000000,87943.3,87953.4,86666.6,87088,1334.351442
1764158400000,87088,87700.5,86296,86982.5,2226.444631
1764172800000,86982.5,90413.1,86968.6,89971.4,2575.536208
1764187200000,89971.4,90650.7,89516.3,90486,1388.305584
1764201600000,90486,91886.3,90090.6,91089.7,2267.734519
1764216000000,91089.7,91544.6,90885,91396,1413.316093
1764230400000,91396,91955.5,91216.4,91379.4,1130.926632
1764244800000,91379.4,91465.4,90458,90956.1,1847.620503
1764259200000,90956.1,91846.9,90850,91519.9,1399.84206
1764273600000,91519.9,91597.2,91107.2,91331.3,1101.031738
1764288000000,91331.3,91419.7,90648.8,91192.5,1448.266806
1764302400000,91192.5,91720,90857.1,90911,1378.377908
1764316800000,90911,92036.8,90900.1,91427.1,2228.287133
1764331200000,91427.1,93100,91366.3,92360.5,2827.325369
1764345600000,92360.5,92379,90200.1,91153.6,2808.604242
1764360000000,91153.6,91244.5,90688.2,90885,1226.773181
1764374400000,90885,91120.2,90542.8,90685.5,979.92887
1764388800000,90685.5,90930.9,90317.8,90563.1,1042.570754
1764403200000,90563.1,90733.3,90372.1,90675.8,832.669287
1764417600000,90675.8,91124.8,90536.1,91071.9,756.029619
1764432000000,91071.9,91174.6,90150.2,90650.2,1328.594243
1764446400000,90650.2,91061.4,90405,90814.8,863.641851
1764460800000,90814.8,91060.5,90465.5,90921.2,1032.664838
1764475200000,90921.2,91035.7,90673.1,90961.9,947.736398
1764489600000,90961.9,91622.4,90926.3,91046.1,1446.906852
1764504000000,91046.1,91962.3,91000.9,91441.4,1249.71981
1764518400000,91441.4,91854.3,91145.3,91458.7,728.269058
1764532800000,91458.7,91628.4,90331.4,90352.3,1255.690335
1764547200000,90352.3,90421.2,86173.9,86365.7,4924.643437
1764561600000,86365.7,86564.4,85611.4,86545.6,1961.518497
1764576000000,86545.6,86936.7,86126,86132.3,1504.653938
1764590400000,86132.3,86673.8,83821.6,84680,3974.345364
1764604800000,84680,85559.6,84041,85023,2526.751183
1764619200000,85023,86859.8,85000.5,86284.8,1998.65718
1764633600000,86284.8,87349.3,86181.3,86976.2,1547.742548
1764648000000,86976.2,87274.1,86819.5,87009.5,891.967926
1764662400000,87009.5,87632.4,86354.3,87377,1347.980959
1764676800000,87377,91204.4,87056.2,90845,3499.827563
1764691200000,90845,92312,90200.3,91884.7,3263.657138
1764705600000,91884.7,92000,90714.2,91288.5,1940.042945
1764720000000,91288.5,93076.9,90991.6,92624.9,1955.849072
1764734400000,92624.9,93949,92619.6,93008.9,2013.188633
1764748800000,93008.9,93391.3,92660,93008.9,1307.701562
1764763200000,93008.9,93706.1,91700.1,92378.5,2890.704865
1764777600000,92378.5,93515.8,91796.1,93034.5,2221.548828
1764792000000,93034.5,94171.9,92833,93430.3,1535.070359
1764806400000,93430.3,94078.7,92670,93541.8,1342.928887
1764820800000,93541.8,93592.8,92773,93396.5,839.990004
1764835200000,93396.5,93620.9,92735.3,92940.6,977.201819
1764849600000,92940.6,93255.9,91794,92965.8,2065.924616
1764864000000,92965.8,93179.9,90873.9,91977.2,2022.333651
1764878400000,91977.2,92715.4,91684.5,92073.2,1150.559926
1764892800000,92073.2,92693,91963.2,92144.3,746.258025
1764907200000,92144.3,92497.7,91809.2,92263.2,698.208887
1764921600000,92263.2,92268.1,90975.1,91348.8,1131.216122
1764936000000,91348.8,91482.1,89888,90447.7,2252.213281
1764950400000,90447.7,90494.3,88044,89628.2,2922.992631
1764964800000,89628.2,89751.5,88905,89322,990.368876
1764979200000,89322,89789,89035.6,89676.6,580.598518
1764993600000,89676.6,89762.8,89456.9,89588.2,408.978619
1765008000000,89588.2,89727,89207,89625.3,597.465407
1765022400000,89625.3,90273.9,89472.2,89754.2,930.334217
1765036800000,89754.2,89979.9,89250,89405.9,709.043242
1765051200000,89405.9,89618.4,88905,89231.6,491.20241
1765065600000,89231.6,89746.8,89168.6,89724.5,425.029024
1765080000000,89724.5,89788.5,89197.8,89377.4,429.625881
1765094400000,89377.4,89539.4,89046.8,89150.9,411.43066
1765108800000,89150.9,89713.5,87720.5,89545.6,1550.232626
1765123200000,89545.6,91762.3,89112,91426.6,1365.97195
1765137600000,91426.6,91516.2,88971.9,90384.3,1324.007449
1765152000000,90384.3,91692.8,89855.7,91078.2,1079.698302
1765166400000,91078.2,91896.1,91029.9,91571.9,751.875393
1765180800000,91571.9,92291.1,91463.1,91967.9,951.915429
1765195200000,91967.9,92119.4,89607.4,89967.8,2236.938935
1765209600000,89967.8,90514.2,89673.9,90117.2,1727.336944
1765224000000,90117.2,91373,90117.2,90639.1,898.047
1765238400000,90639.1,90850.8,89806.8,90403.4,890.815079
1765252800000,90403.4,90510,89506.4,90501.2,1039.447758
1765267200000,90501.2,90580,89905,90388.3,1318.779469
1765281600000,90388.3,92879.9,89993.8,92708.6,3313.673719
1765296000000,92708.6,94603.5,92695.6,93807.3,2934.287934
1765310400000,93807.3,93848.8,92247.5,92676.8,1584.55286
1765324800000,92676.8,92784.3,91962.5,92413.3,938.120701
1765339200000,92413.3,92786,92382,92786,712.19488
1765353600000,92786,93272.3,91773.1,92125,1325.229756
1765368000000,92125,92231,91560.1,92069.7,1379.760687
1765382400000,92069.7,93268,91676.4,92971.2,2699.851901
1765396800000,92971.2,94479.7,91865.1,92017.8,2837.225256
1765411200000,92017.8,92087.8,89402.7,89871.2,1776.870079
1765425600000,89871.2,90488.8,89688.7,90267.6,917.483354
1765440000000,90267.6,90505.9,89949.9,90238.9,692.800649
1765454400000,90238.9,90656.1,89243.7,89867.9,1791.921083
1765468800000,89867.9,91545.5,89326.1,90837,1988.742765
1765483200000,90837,93567.9,90791.6,92517.8,2572.283405
1765497600000,92517.8,92756.5,91463.3,92277.9,1166.831996
1765512000000,92277.9,92736.1,92078,92429,957.098621
1765526400000,92429,92640.1,92084,92425.8,791.143423
1765540800000,92425.8,92672.2,89787.5,89942.8,2312.075557
1765555200000,89942.8,90664.1,89478,90199.3,1931.042995
1765569600000,90199.3,90403.5,89882.7,90270.1,562.683481
1765584000000,90270.1,90469.6,90113.7,90342.6,256.640509
1765598400000,90342.6,90421.3,90267.6,90334.2,265.494757
1765612800000,90334.2,90639.9,90300,90348.7,478.289331
1765627200000,90348.7,90489.1,89933.9,90095.4,472.72713
1765641600000,90095.4,90277.6,89989.7,90187.8,357.198127
1765656000000,90187.8,90281.5,89757,90233.5,689.316319
1765670400000,90233.5,90480.9,90120.6,90264.1,341.157046
1765684800000,90264.1,90336.4,90043.1,90255,252.835905
1765699200000,90255,90294.7,88636,89360.6,914.962597
1765713600000,89360.6,89671.1,88871.8,89023.3,694.594488
1765728000000,89023.3,89400,88491.4,88639.5,761.019139
1765742400000,88639.5,88823.7,87571.3,88159.8,997.701221
1765756800000,88159.8,90027.6,88071.1,89287,1090.107098
1765771200000,89287,89929.5,89277.5,89754.6,590.822147
1765785600000,89754.6,89988.7,89582.6,89658.1,802.812393
1765800000000,89658.1,89877.7,86614,87026.3,2682.244377
1765814400000,87026.3,87220.4,85128.7,86143.9,2723.616908
1765828800000,86143.9,86470.9,85522.7,86429.9,1433.67792
1765843200000,86429.9,86519.8,85374.9,85868.7,1221.881451
1765857600000,85868.7,86609.5,85265.4,86007.6,1068.559891
1765872000000,86007.6,87344,85925.2,87257.2,946.466711
1765886400000,87257.2,88178.7,86106.8,87977.3,2706.934609
1765900800000,87977.3,88055.7,87062,87583.6,1429.26292
1765915200000,87583.6,87937.1,87339.5,87864.8,603.2809
1765929600000,87864.8,87950,87150.7,87215.2,574.501937
1765944000000,87215.2,87389.3,86204,87043.8,908.131171
1765958400000,87043.8,87135.8,86222,86976.9,720.578874
1765972800000,86976.9,90364.4,86812.7,87233.4,3554.439789
1765987200000,87233.4,87780,85310,86018,2592.212616
1766001600000,86018,86439.9,85659.1,86240.5,987.894923
1766016000000,86240.5,86865.5,85855.9,86620.6,975.254866
1766030400000,86620.6,86903.2,86387.1,86831.1,689.708499
1766044800000,86831.1,87461,86683.6,87276,1037.415432
1766059200000,87276,89484.8,87115.4,88513.6,3287.089169
1766073600000,88513.6,88535.7,84470.5,84481.5,3710.391893
1766088000000,84481.5,85834.9,84450.5,85506.9,1609.131216
1766102400000,85506.9,87567.4,85104.9,86887.8,1595.515618
1766116800000,86887.8,88400,86672.8,87953,1258.818209
1766131200000,87953,88376.9,87725.5,88202.9,1082.086182
1766145600000,88202.9,89404.6,87502.9,87948.2,2614.98508
1766160000000,87948.2,88882.1,86838.3,87838.8,1811.754391
1766174400000,87838.8,88444.4,87600.1,88141.3,961.027919
1766188800000,88141.3,88342.5,87962.8,88213.4,294.207712
1766203200000,88213.4,88570.1,88117.7,88276.5,409.270509
1766217600000,88276.5,88428,88103.9,88274.6,348.30953
1766232000000,88274.6,88338.6,87797.9,88171.5,655.943993
1766246400000,88171.5,88433.7,88100.1,88228.2,294.840243
1766260800000,88228.2,88443.6,88142,88356,249.558772
1766275200000,88356,88434.9,87866.7,88081.6,401.955985
1766289600000,88081.6,88205.4,88050.4,88174.1,203.651388
1766304000000,88174.1,89085.4,88118.5,88609.8,815.528161
1766318400000,88609.8,88927.6,87587.8,88070.2,1096.457851
1766332800000,88070.2,88608.7,87939,88491,467.922325
1766347200000,88491,88818.8,88093.3,88660.8,452.944483
1766361600000,88660.8,89628.9,87888.9,88774.7,1303.707504
1766376000000,88774.7,89200,88715.7,89170.5,721.280758
1766390400000,89170.5,90120,89087.3,89942.9,1406.996694
1766404800000,89942.9,90599.9,89193.9,89735.7,2337.165317
1766419200000,89735.7,90124.9,87964.8,88049,1917.712617
1766433600000,88049,88829.2,87913.7,88623.8,1340.00973
1766448000000,88623.8,88949.6,87800,88170.7,999.890039
1766462400000,88170.7,88368.1,87038.1,87573.8,1080.878011
1766476800000,87573.8,87883.4,87291.1,87849.2,745.139038
1766491200000,87849.2,87957.5,86595,87450.4,1681.92355
1766505600000,87450.4,88279.5,87157.8,87746.5,1510.979849
1766520000000,87746.5,88375,87180,87486.5,1149.953551
1766534400000,87486.5,87837.7,86858.9,87347.4,1038.418927
1766548800000,87347.4,87465.6,86787.1,86912.6,825.162043
1766563200000,86912.6,87357.6,86720.4,87206,700.566641
1766577600000,87206,87495.2,86412.6,87047.3,1459.510508
1766592000000,87047.3,87688.7,86919.2,87563,1328.283363
1766606400000,87563,88051.1,87525.9,87675,681.735846
1766620800000,87675,87967.9,87514.4,87846.1,446.343471
1766635200000,87846.1,87867.2,87660.9,87831,452.540153
1766649600000,87831,87890.3,87254.2,87519.5,582.46288
1766664000000,87519.5,88598.6,87393,88369.2,885.033485
1766678400000,88369.2,88478.4,87989.7,88148.2,601.413066
1766692800000,88148.2,88171.2,86953.4,87216.7,904.737922
1766707200000,87216.7,89428.7,86891.1,88833.5,2103.865068
1766721600000,88833.5,89565.6,88350,88478.8,1035.188618
1766736000000,88478.8,88915.4,88414.9,88536.8,1190.86754
1766750400000,88536.8,89064.3,86645.4,87135.5,3389.584321
1766764800000,87135.5,87595.2,86808.7,87495.9,1927.333886
1766779200000,87495.9,87797.9,87313.7,87368,731.015271
1766793600000,87368,87534.5,87245.6,87512,279.619962
1766808000000,87512,87704.2,87404.6,87530.2,273.506311
1766822400000,87530.2,87673.9,87362.6,87474.5,476.705573
1766836800000,87474.5,87593.3,87306.1,87561,417.35231
1766851200000,87561,87591.2,87436.6,87562.7,320.937766
1766865600000,87562.7,87990,87493.8,87871.7,621.092701
1766880000000,87871.7,87955.3,87712.5,87741.7,444.923071
1766894400000,87741.7,87830.8,87609.6,87733.8,338.2959
1766908800000,87733.8,88013.9,87721.7,87887.1,513.907965
1766923200000,87887.1,88095.3,87780,87835.9,549.33094
1766937600000,87835.9,87930.1,87491.9,87527.6,652.294138
1766952000000,87527.6,88045.5,87437.8,87950.9,709.716889
1766966400000,87950.9,90210.6,87814.7,90161.7,3816.041597
1766980800000,90161.7,90460.8,89505.9,89614.5,2451.10707
1766995200000,89614.5,89832.3,87562.5,87562.6,2500.64785
1767009600000,87562.6,88188.3,86806.4,87684.1,3725.296303
1767024000000,87684.1,87998.2,87315,87361.5,2557.625672
1767038400000,87361.5,87595,87069.6,87231.2,1553.740756
1767052800000,87231.2,87417.6,86825.6,87364.5,1678.37826
1767067200000,87364.5,87616.4,87142.7,87487.3,1276.918876
1767081600000,87487.3,88226.7,87487.2,87903.3,2047.904817
1767096000000,87903.3,89162.9,87836.7,89016.2,3094.818566
1767110400000,89016.2,89405.5,87962.1,88229.3,3211.525994
1767124800000,88229.3,88579.4,87872.4,88499,987.426022
1767139200000,88499,88832.8,88175.6,88457.1,1344.936991
1767153600000,88457.1,88647.9,88333.6,88617.4,830.362905
1767168000000,88617.4,89057.6,88382.8,89014.9,1133.96519
1767182400000,89014.9,89217.3,87786.2,87950.1,2833.258277
1767196800000,87950.1,88052.9,87385.8,87534,1365.435567
1767211200000,87534,87889.4,87243.2,87643.3,583.298138
1767225600000,87643.3,88095.5,87623,87852.9,406.780894
1767240000000,87852.9,87860.2,87551.7,87629.9,400.487712
1767254400000,87629.9,88017.6,87620.4,88013.1,344.059375
1767268800000,88013.1,88116.6,87804.8,88028,396.185745
1767283200000,88028,88511.1,87875.8,88391.5,577.965478
1767297600000,88391.5,88926.7,88250.8,88848.2,614.093642
1767312000000,88848.2,89125,88377.4,88945.9,905.446914
1767326400000,88945.9,89087.2,88575.5,88866.6,563.337902
1767340800000,88866.6,89948.7,88798.4,89505.1,1556.357766
1767355200000,89505.1,90146.2,88450,89405.6,2633.265779
1767369600000,89405.6,90966.2,89194,89897.8,3149.101636
1767384000000,89897.8,90408.3,89623,89991.8,1024.100271
1767398400000,89991.8,90405.9,89957.7,90327.6,430.975227
1767412800000,90327.6,90487.2,89306.5,89566.9,999.707
1767427200000,89566.9,89972,89414.9,89746.6,838.634567
1767441600000,89746.6,90239.9,89658.5,89973.6,547.870677
1767456000000,89973.6,90214.9,89909.9,90124.4,316.863249
1767470400000,90124.4,90749.7,90024.4,90640.4,702.461644
1767484800000,90640.4,91600,90640.4,91227.1,1166.279766
1767499200000,91227.1,91806.4,91180.6,91523.9,910.119716
1767513600000,91523.9,91618.9,91166,91304,987.342441
1767528000000,91304,91411.3,91015.6,91327.2,803.777644
1767542400000,91327.2,91449.7,90861.3,91136.3,783.901412
1767556800000,91136.3,91589.1,91120.1,91531.2,777.076503
1767571200000,91531.2,93398.2,91511.1,92880,2301.341006
1767585600000,92880,92963,92151.6,92523.9,1082.389083
1767600000000,92523.9,93164.5,92315.7,93134.2,1268.741026
1767614400000,93134.2,94034.8,92401.4,93952.9,2846.172926
1767628800000,93952.9,94517.9,93253.8,94301.6,2840.587975
1767643200000,94301.6,94774,93803.7,93862.9,1925.36177
1767657600000,93862.9,94163.4,93526.5,93762.5,1092.453572
1767672000000,93762.5,93999.8,93133.2,93252,1157.495147
1767686400000,93252,93907,93171,93843.4,967.311018
1767700800000,93843.4,94453.7,93343.1,93643.1,2339.160999
1767715200000,93643.1,93778,91272.4,92112,3465.287966
1767729600000,92112,93861.9,92112,93763.3,2325.893368
1767744000000,93763.3,93763.3,92234.2,92813.6,1596.082521
1767758400000,92813.6,92927,92505.5,92883.9,754.763814
1767772800000,92883.9,92980.2,91592.2,92090,1603.459517
1767787200000,92090,92287.8,91001,91341.3,2646.699711
1767801600000,91341.3,91797.2,90674.1,91186.7,2021.216622
1767816000000,91186.7,91489.4,90777.2,91369.9,1340.388039
1767830400000,91369.9,91676.6,90611.2,90809,1149.038985
1767844800000,90809,91184.4,89641,90541,1896.312692
1767859200000,90541,90771.9,89771.3,90224.1,1677.726294
1767873600000,90224.1,90837.1,89307.5,90786,2633.645988
1767888000000,90786,91481.4,90313.6,90933,1940.954092
1767902400000,90933,91500.9,90571.5,91104.7,1064.625833
1767916800000,91104.7,91635.2,90831.9,91233.7,965.358199
1767931200000,91233.7,91245,90746.1,90754.2,558.255911
1767945600000,90754.2,90857.1,89696,90453.1,1260.981234
1767960000000,90453.1,92024.5,89837,91175.2,2887.390413
1767974400000,91175.2,91783,90176.1,90329.6,1955.090792
1767988800000,90329.6,90729.8,90115.8,90643.1,1112.565739
1768003200000,90643.1,90785,90517.2,90633.3,335.985053
1768017600000,90633.3,90690.5,90407.6,90679.1,292.874782
1768032000000,90679.1,90834.5,90616.9,90729,364.580719
1768046400000,90729,90796.9,90539.4,90665.9,253.773893
1768060800000,90665.9,90741.6,90504,90621.8,188.860536
1768075200000,90621.8,90651.2,90395,90514.7,279.304485
1768089600000,90514.7,90734.4,90452.8,90734.3,228.822893
1768104000000,90734.3,90859.5,90586.1,90709.9,236.613009
1768118400000,90709.9,90817.5,90611.9,90754.8,326.608286
1768132800000,90754.8,91193.2,90700.6,90877.7,712.108028
1768147200000,90877.7,91288.9,90670.6,90690.5,489.825201
1768161600000,90690.5,91044.1,90234,91004,917.499317
1768176000000,91004,92529.22,90688.1,91802.2,1944.696198
1768190400000,91802.2,92288.1,91388.4,91406.7,883.711617
1768204800000,91406.7,91628.7,90356.6,90610.1,1442.444365
1768219200000,90610.1,91677.4,90119.5,91674.1,1861.094593
1768233600000,91674.1,92329.5,91007.8,91864.9,1899.65013
1768248000000,91864.9,92049.9,90936.9,91295.1,923.878796
1768262400000,91295.1,91548.3,91046.1,91417.6,676.065105
1768276800000,91417.6,92280.6,91350.7,91946.3,1167.732801
1768291200000,91946.3,92676.2,91924.2,92005,1020.932599
1768305600000,92005,93467.7,91790.1,93467.7,2432.40355
1768320000000,93467.7,94245,93074.3,94229,2533.331787
1768334400000,94229,96601.4,94064.2,95412.8,3060.916943
1768348800000,95412.8,95716.8,95126.6,95712.4,1210.038339
1768363200000,95712.4,95797.1,94538.1,95206.6,1222.40918
1768377600000,95206.6,95315.7,94741.6,94799,940.422975
1768392000000,94799,97101,94678,96765.9,2976.987771
1768406400000,96765.9,97793.2,96242,97262.5,3618.165209
1768420800000,97262.5,97950,96801,96950.8,1810.141229
1768435200000,96950.8,97001.7,95774.2,95983.7,1510.088712
1768449600000,95983.7,96759.3,95958,96635.6,1135.973371
1768464000000,96635.6,97199.9,96292.4,96588,939.684278
1768478400000,96588,97152,95421.5,96735.6,2282.907676
1768492800000,96735.6,97077.6,95181,95510.5,2218.669515
1768507200000,95510.5,95858.9,95125.1,95599.7,1257.49856
1768521600000,95599.7,95850.9,95325.1,95344.1,660.811234
1768536000000,95344.1,95827,95140.1,95658,923.89263
1768550400000,95658,95855.7,95262.3,95426.9,719.460566
1768564800000,95426.9,95819.4,94291.3,94584,1821.764883
1768579200000,94584,95230.5,94506,95006.1,1488.813145
1768593600000,95006.1,95608.5,94682.1,95550.6,800.937681
1768608000000,95550.6,95584.3,95203.1,95368.1,302.239401
1768622400000,95368.1,95383.1,95043.9,95100.1,277.288035
1768636800000,95100.1,95318.2,95022.6,95318.2,250.701591
1768651200000,95318.2,95645.8,95196.5,95577.9,455.114522
1768665600000,95577.9,95578,95222,95291.4,383.668737
1768680000000,95291.4,95408.9,95037.8,95144,438.907107
1768694400000,95144,95238,94868,95200.3,365.678062
1768708800000,95200.3,95259.9,95025.1,95038,270.659667
1768723200000,95038,95302.4,95021.7,95176.7,339.294326
1768737600000,95176.7,95359.3,94910,95111.1,463.473498
1768752000000,95111.1,95516,95065.1,95375.6,374.520985
1768766400000,95375.6,95526,93606.1,93660.6,1183.801097
1768780800000,93660.6,93660.6,91889.7,92693.6,2440.274388
1768795200000,92693.6,92885.5,92380.8,92843.2,1034.190739
1768809600000,92843.2,93376.8,92700,93188.2,1094.642369
1768824000000,93188.2,93231,92704.6,93058.1,807.288373
1768838400000,93058.1,93416.2,92931.2,93109.2,630.698192
1768852800000,93109.2,93346.5,92153.7,92631.4,933.680073
1768867200000,92631.4,92872,92235.7,92441.1,1005.635947
1768881600000,92441.1,92483.3,90773.5,91176.1,2122.825729
1768896000000,91176.1,91459.6,90677,91222.6,1448.895991
1768910400000,91222.6,91373.8,89853.1,90693.8,2576.377142
1768924800000,90693.8,90971.9,89287.4,89723.8,2892.990662
1768939200000,89723.8,89855.5,87837.5,88423.2,2462.962095
1768953600000,88423.2,89599.7,88250.1,89426.3,1952.585176
1768968000000,89426.3,90116.2,89092,89217,1427.151937
1768982400000,89217,89500,88689.6,88797.7,1436.739073
1768996800000,88797.7,90590.7,88164.7,90283.9,3133.60921
1769011200000,90283.9,90466.2,87253.5,90362.9,3736.216548
1769025600000,90362.9,90392.4,89358,89453.9,1925.539752
1769040000000,89453.9,90363.2,89452,89895.5,1388.656805
1769054400000,89895.5,90214.7,89793.4,89816,929.054271
1769068800000,89816,90153.3,89754,89940.1,909.075567
1769083200000,89940.1,90336,88513,88998,2761.194602
1769097600000,88998,89922,88670.1,89770.6,2357.617947
1769112000000,89770.6,89947.9,89139.1,89557.9,1282.526463
1769126400000,89557.9,89982.2,89450,89926.2,1124.84851
1769140800000,89926.2,90088,89392.5,89540.1,1272.798523
1769155200000,89540.1,89628,88856.4,89210.2,1442.900335
1769169600000,89210.2,89860,88559.2,89749.2,2106.171668
1769184000000,89749.2,91230.5,89456.5,89984,3206.603522
1769198400000,89984,90162,89214.6,89600.9,1361.249681
1769212800000,89600.9,89936.4,89419.9,89772.8,528.267509
1769227200000,89772.8,89851.4,89576.6,89619.9,358.041324
1769241600000,89619.9,89697.7,89581,89592.1,275.106587
1769256000000,89592.1,89592.1,89173.4,89281.8,485.459339
1769270400000,89281.8,89467.3,89166.6,89341.8,536.992876
1769284800000,89341.8,89496,89214.4,89227.7,330.611154
1769299200000,89227.7,89318,88847,88960.7,422.408391
1769313600000,88960.7,89101.9,88636,88666,519.597647
1769328000000,88666,88760.9,88134,88571.4,742.49502
1769342400000,88571.4,88974,88380.1,88455.1,779.258693
1769356800000,88455.1,88457.9,86185.7,86493.6,2949.688326
1769371200000,86493.6,87008,86080.7,86669.4,1893.022631
1769385600000,86669.4,87965.9,86505.1,87282,1902.37649
1769400000000,87282,88086,87243.1,88007.6,1328.68483
1769414400000,88007.6,88392.4,87602.6,87855.8,1178.550484
1769428800000,87855.8,88864.4,87322.7,87643.5,2373.457616
1769443200000,87643.5,88546.4,87024,88011.5,2368.449244
1769457600000,88011.5,88659.1,87536,88345.1,1381.344986
1769472000000,88345.1,88893.7,88206,88785.5,1228.777906
1769486400000,88785.5,88999.9,88272.4,88323.1,881.869242
1769500800000,88323.1,88402.8,87742.1,87981.3,953.425051
1769515200000,87981.3,88467.5,87564.9,88029.9,1848.026324
1769529600000,88029.9,88838.4,87300,88406.7,2701.249453
1769544000000,88406.7,89533.6,88374.1,89247.2,1914.548858
1769558400000,89247.2,89502,88986.9,89121.6,1070.99975
1769572800000,89121.6,89402.5,88844,89146.2,1109.975017
1769587200000,89146.2,90157.7,88862,90080.6,1600.942137
1769601600000,90080.6,90490,88894.1,89479.2,2310.190184
1769616000000,89479.2,90611.1,89001.5,89398.1,2443.18802
1769630400000,89398.1,89903.9,88868,89301.9,1385.2685
1769644800000,89301.9,89350,87697.3,88052.7,2050.665323
1769659200000,88052.7,88426.9,87900.1,88349.9,870.414999
1769673600000,88349.9,88498.4,87745.1,87830.5,1307.232287
1769688000000,87830.5,88185.9,84356,84930.8,2794.485939
1769702400000,84930.8,85635.4,83367.6,84006.1,3424.731944
1769716800000,84006.1,84732.8,83820,84649.6,1181.501178
1769731200000,84649.6,84734,81100,82676.3,3925.758604
1769745600000,82676.3,83338.6,82052.4,82796.2,2914.213932
1769760000000,82796.2,83307.9,82153.9,83153.2,1604.489364
1769774400000,83153.2,83800,82372.1,82878.4,2425.20996
1769788800000,82878.4,84640.8,81867.2,84247.8,2634.048186
1769803200000,84247.8,84526.7,83542.9,84260.5,2129.497752
1769817600000,84260.5,84285.2,83814,84028,1159.962971
1769832000000,84028,84147,83399.3,83542.3,636.751671
1769846400000,83542.3,83626.1,82568.2,83019.1,1276.961723
1769860800000,83019.1,83144,80813,81296.4,2340.357967
1769875200000,81296.4,82222.2,75702.3,77751.4,7818.18906
1769889600000,77751.4,79240.6,77083.9,78737.7,2753.461897
1769904000000,78737.7,79420,78291.7,78867,2003.497736
1769918400000,78867,79112.5,77960,78353.9,1888.100257
1769932800000,78353.9,79227.7,78143.7,78750.6,1452.2734
1769947200000,78750.6,78766.6,76781.3,77602.7,2024.508638
1769961600000,77602.7,78450.5,77000,77177.3,1777.479079
1769976000000,77177.3,77794,75709,76976.4,3124.993951
1769990400000,76976.4,78157.7,74602.7,76311.6,3969.911199
1770004800000,76311.6,76960.1,74902.4,76657.7,3140.554647
1770019200000,76657.7,77966.5,76615,77760.1,1946.679692
1770033600000,77760.1,79358.3,77561,78850.8,3191.862543
1770048000000,78850.8,79297,78276.4,78331.7,2461.493295
1770062400000,78331.7,78967.3,77888.1,78738.1,1758.257121
1770076800000,78738.1,79198.2,77652.1,78746.9,1650.321251
1770091200000,78746.9,78999,77948.9,78792.9,1235.936028
1770105600000,78792.9,79087.9,77927.5,78074,1489.764668
1770120000000,78074,78449,77041.98,78127.6,2145.90039
1770134400000,78127.6,78139.2,72954.2,74930.8,5253.390329
1770148800000,74930.8,76963.8,74583.2,75768.6,2456.56748
1770163200000,75768.6,76981.4,75462,76707.4,1622.263816
1770177600000,76707.4,76831.8,76117.5,76527.3,1193.223683
1770192000000,76527.3,76616.2,75671.7,76027,1506.864328
1770206400000,76027,76284,73788.6,74127.3,3082.875376
1770220800000,74127.3,74241.9,72157.2,73924.1,4447.767925
1770235200000,73924.1,74155.2,71876.9,73158.6,2347.158179
1770249600000,73158.6,73331.4,71150.8,71219.8,2816.180919
1770264000000,71219.8,71630.1,70130.7,70744.5,3293.700425
1770278400000,70744.5,71975.2,69888,70320.3,2869.424051
1770292800000,70320.3,70873.9,66692,67479.3,7312.242901
1770307200000,67479.3,68686.6,65173,65259.2,7477.343364
1770321600000,65259.2,65705.1,62286.3,62899,9788.328948
1770336000000,62899,66011.3,60000,64168.9,8960.458104
1770350400000,64168.9,66823.8,63944.8,64850.8,3831.487088
1770364800000,64850.8,66757.2,64482.4,66625.2,2886.696243
1770379200000,66625.2,69188.2,66114,68615.5,4524.805074
1770393600000,68615.5,71500,68409,70734.8,4551.906728
1770408000000,70734.8,71743.6,69832.2,70561.8,2018.283512
1770422400000,70561.8,70922.1,69708.4,70913,1728.035091
1770436800000,70913,71691.2,67339,68088.7,4141.930935
1770451200000,68088.7,68799.7,67610,67980.5,3180.06927
1770465600000,67980.5,69997.7,67914.3,69155.3,2626.458926
1770480000000,69155.3,69909.7,68560.1,69374.3,1755.399127
1770494400000,69374.3,69734.6,68775.6,69280.6,640.934887
1770508800000,69280.6,69696,68887.6,69095.9,783.251083
1770523200000,69095.9,69708,68964.6,69699.6,1143.391381
1770537600000,69699.6,71215.9,69510.6,70995.1,1734.237372
1770552000000,70995.1,71551.3,70698.7,71185.3,1152.836029
1770566400000,71185.3,71523.83,70254.9,71425,967.246405
1770580800000,71425,72268.8,70000,70324.1,1424.886163
1770595200000,70324.1,71431.8,70059.4,71297.3,1254.604386
1770609600000,71297.3,71346,70300.1,70418.4,919.251852
1770624000000,70418.4,70606.7,68416.1,68926.5,1967.995079
1770638400000,68926.5,69876.7,68284,69562.9,1567.938588
1770652800000,69562.9,71079.8,69090.5,70967.3,1589.988543
1770667200000,70967.3,71132.1,69823.5,70140.7,1206.407143
1770681600000,70140.7,70525.9,69201.9,69509.5,1118.355711
1770696000000,69509.5,69900,68661.8,68921.4,1163.56702
1770710400000,68921.4,69414.9,68450,68524.1,923.288744
1770724800000,68524.1,69592.5,67900,69279.5,2057.04004
1770739200000,69279.5,69998.7,68615.1,69063.1,1347.913404
1770753600000,69063.1,69140.2,68357.4,68844.3,983.196474
1770768000000,68844.3,69300,68012,68185.9,881.65859
1770782400000,68185.9,68325.5,66555.4,67033.8,1769.961437
1770796800000,67033.8,67132.4,66367.8,67060.5,1326.280237
1770811200000,67060.5,68833.7,65744.4,66517.5,3357.706462
1770825600000,66517.5,67862,65876,67586.6,2112.609237
1770840000000,67586.6,68344.5,66791.6,67075.5,1291.472114
1770854400000,67075.5,68046.5,67049.5,67581.7,1119.968373
1770868800000,67581.7,67683.5,66670.6,67213.8,1009.643343
1770883200000,67213.8,68297.2,66896.1,68079.5,1237.492871
1770897600000,68079.5,68428.4,67010.2,67129.8,1955.335888
1770912000000,67129.8,67228.5,65107.2,65787.8,2562.92377
1770926400000,65787.8,66489.5,65213.3,66272.7,1324.099614
1770940800000,66272.7,66805.3,65864.9,66561.1,918.440559
1770955200000,66561.1,66676.6,66005.1,66210.7,799.619427
1770969600000,66210.7,67228.5,66189.5,67172.5,1191.368647
1770984000000,67172.5,69307,66862.1,68694.4,2697.720491
1770998400000,68694.4,69487.1,68544,68931.5,1628.809043
1771012800000,68931.5,69072.4,68667.9,68850.9,778.404752
1771027200000,68850.9,69136.2,68762.9,68973.5,551.091455
1771041600000,68973.5,69346.19,68733,69207.4,592.777118
1771056000000,69207.4,70584.9,69205.6,70507.6,1772.46854
1771070400000,70507.6,70534.6,69208.1,69785.4,1835.736651
1771084800000,69785.4,69927.8,69290,69879.8,623.592373
1771099200000,69879.8,70258.4,69659.1,69826.2,650.045404
1771113600000,69826.2,69995.1,69251.6,69953.6,666.998871
1771128000000,69953.6,70925.6,69934.6,70822.1,1156.405077
1771142400000,70822.1,70973.4,70178.3,70297.5,738.281018
1771156800000,70297.5,70426.5,68775.1,69103,1507.039603
1771171200000,69103,69103,68073.5,68291.8,1622.801147
1771185600000,68291.8,69082.5,68124.1,68834.2,779.847406
1771200000000,68834.2,69067.1,68150.9,68426.4,691.515722
1771214400000,68426.4,68898.4,68231.8,68595.7,536.714636
1771228800000,68595.7,69058.3,68337.6,68806,676.114292
1771243200000,68806,70121.3,67290,67536.9,2217.201508
1771257600000,67536.9,68245,67511.9,67920,993.686346
1771272000000,67920,68987.6,67831,68891.7,894.345989
1771286400000,68891.7,69238.8,68370,68476.4,851.116748
1771300800000,68476.4,68710,67895.9,68387.2,691.051033
1771315200000,68387.2,68500.8,67685.2,67852.5,810.334439
1771329600000,67852.5,68363.9,66605.4,67387.2,1899.575731
1771344000000,67387.2,68237.2,66880,67798,1777.318376
1771358400000,67798,67935.5,67380.3,67507.4,846.76102
1771372800000,67507.4,67708.1,66888.8,67620,759.819622
1771387200000,67620,68236.6,67492.4,68114.2,687.445279
1771401600000,68114.2,68472.3,67078,67369,991.912283
1771416000000,67369,68344.4,66706.7,67694.2,2000.281455
1771430400000,67694.2,67705.1,65857.2,66169.2,2382.596531
1771444800000,66169.2,66532.5,66068.8,66460.4,1056.93191
1771459200000,66460.4,66999,66337,66981.7,828.214124
1771473600000,66981.7,67328.5,66687.5,67209.8,712.270889
1771488000000,67209.8,67209.9,66469.9,66493.5,915.780202
1771502400000,66493.5,66752.3,65616.5,66407.8,2052.795786
1771516800000,66407.8,67201,65898.2,67058.5,1963.119036
1771531200000,67058.5,67178,66655,67006.9,879.08034
1771545600000,67006.9,67498.5,66949.4,67361.2,991.122678
1771560000000,67361.2,68026,67113.4,67829.7,1309.073944
1771574400000,67829.7,68318,67285.5,67330,1790.974578
1771588800000,67330,68100,66458,67581.5,3791.620936
1771603200000,67581.5,68017.4,66947.9,67645.2,3028.594373
1771617600000,67645.2,68240,67518.1,68020.4,778.023885
1771632000000,68020.4,68097.4,67536.1,67666.5,696.503418
1771646400000,67666.5,67930.7,67590,67858.4,551.145217
1771660800000,67858.4,68302,67809.6,68094.2,948.756703
1771675200000,68094.2,68705.8,67918.2,68615.4,1731.41956
1771689600000,68615.4,68664.9,68103.5,68551.7,1501.375124
1771704000000,68551.7,68604.2,67894.7,67973.2,1141.039521
1771718400000,67973.2,68227,67800.8,68041.2,1320.796961
1771732800000,68041.2,68183.4,67879.7,68006.5,874.665228
1771747200000,68006.5,68247.4,67906,68207.1,729.759425
1771761600000,68207.1,68227.5,67307.6,67687.6,2034.818704
1771776000000,67687.6,67729,67191.6,67424,957.745758
1771790400000,67424,67750,67342.8,67640.5,781.426701
1771804800000,67640.5,67682.9,64285.3,64934.3,4461.587223
1771819200000,64934.3,66015.3,64676.9,65955.8,2322.446662
1771833600000,65955.8,66603.3,65567.6,66201.7,2005.766886
1771848000000,66201.7,66509,65520,65654.7,3076.918238
1771862400000,65654.7,65718.6,64072,64286.7,3746.242612
1771876800000,64286.7,65007.8,63877.1,64643.2,1858.950044
1771891200000,64643.2,65004.4,63333,63582.4,2486.83829
1771905600000,63582.4,63622.8,62700,63184.5,3024.95085
1771920000000,63184.5,63445.5,62931.6,63218,3146.964414
1771934400000,63218,64029.76,62500.1,63975.5,3574.198845
1771948800000,63975.5,64740.5,63697.9,64434.1,2893.453824
1771963200000,64434.1,64583.2,63824.2,64061.3,1333.808724
1771977600000,64061.3,66307.3,63909.5,65394.6,3312.58921
1771992000000,65394.6,65656.1,64761.6,65023,2411.004532
1772006400000,65023,65699.1,64960.9,65426.8,1892.999983
1772020800000,65426.8,67578.5,65321.6,67403.3,5355.021342
1772035200000,67403.3,69554,67396.7,69029.7,7015.539639
1772049600000,69029.7,70000.9,67600.6,67983.9,4582.835722
1772064000000,67983.9,68699.9,67724,68217.3,3131.45043
1772078400000,68217.3,68855.4,67816.4,67818.2,1925.557109
1772092800000,67818.2,68724.8,67774.1,68039.5,1832.486077
1772107200000,68039.5,68290.3,66758.4,67382.4,2939.219774
1772121600000,67382.4,67919.8,66500,67582.3,3207.743487
1772136000000,67582.3,67826.2,67143.2,67482.8,1351.69918
1772150400000,67482.8,67707.9,66879.3,67597.3,1751.442586
1772164800000,67597.3,68203.9,67455.8,67683.9,1749.963213
1772179200000,67683.9,68148.9,65952.8,66123.5,2192.746524
1772193600000,66123.5,66344.4,65656.6,66098.2,2737.890345
1772208000000,66098.2,66124.6,65108,65385.8,1993.723322
1772222400000,65385.8,65949.94,64921.9,65868.2,1217.243109
1772236800000,65868.2,66021.7,65720.1,65788.9,830.523155
1772251200000,65788.9,65816.7,63017.6,63823.9,3372.352467
1772265600000,63823.9,64305.1,63362.9,63840.5,2565.51873
1772280000000,63840.5,65361.9,63826.4,64838.8,2571.203512
1772294400000,64838.8,66660,64675.5,66346.9,1963.608295
1772308800000,66346.9,67755.3,66181.4,66970.7,2013.143631
1772323200000,66970.7,68200.8,66044.9,67505.1,2134.664312
1772337600000,67505.1,67611.9,66792.9,67133.9,1386.439017
1772352000000,67133.9,67294.1,66210.1,66470.3,1111.532421
1772366400000,66470.3,67367.2,66126.7,66846,1323.410106
1772380800000,66846,67118.4,65713.8,65958.3,1820.491999
1772395200000,65958.3,66495.1,65036,65777.7,1794.862377
1772409600000,65777.7,67082.2,65753.2,66821.2,1656.256787
1772424000000,66821.2,66998,65550,66013.8,1435.532561
1772438400000,66013.8,66732.3,65658.4,66366.8,1734.350012
1772452800000,66366.8,69608.4,65273.6,69123.6,4426.714584
1772467200000,69123.6,70100.6,68560.8,68963.3,3487.017328
1772481600000,68963.3,69532.3,68560.6,68830.8,1755.07099
1772496000000,68830.8,69253.5,68221.4,68379.3,1168.005323
1772510400000,68379.3,68563.3,67800,68172.6,1300.301508
1772524800000,68172.6,68316.8,66335.7,67028.3,2592.616462
1772539200000,67028.3,67982.2,66132,67733.1,2440.86208
1772553600000,67733.1,69005.2,67482.5,68435.8,2791.675571
1772568000000,68435.8,68858.9,67819.1,68330.6,1703.363907
1772582400000,68330.6,68904.9,67400,67728.2,1710.194487
1772596800000,67728.2,69645.6,67461.5,69497.5,1893.077597
1772611200000,69497.5,71904.8,69140,71110.7,4260.364278
1772625600000,71110.7,73477.9,70585.5,73388.2,3761.532812
1772640000000,73388.2,74050,72530.2,73607.9,2930.064651
1772654400000,73607.9,73712.2,72313.4,72668.2,1667.723035
1772668800000,72668.2,73285.2,72336.5,72501.7,1363.912194
1772683200000,72501.7,73086.6,71773.1,72058.9,1869.919566
1772697600000,72058.9,73565.2,71764,72913.9,1846.003654
1772712000000,72913.9,73068.3,71149.9,71656.8,2436.02763
1772726400000,71656.8,71656.9,70647.1,70916.1,2513.55554
1772740800000,70916.1,71562.3,70766,70879.2,1211.186785
1772755200000,70879.2,71421.1,70380.1,71076.3,1134.095601
1772769600000,71076.3,71190.5,70137.5,71068.5,1326.133034
1772784000000,71068.5,71079.1,70182.1,70216.2,1654.260995
1772798400000,70216.2,70333.1,68171.8,68495.6,3303.883967
1772812800000,68495.6,68806.1,67744.9,68125.9,2363.135976
1772827200000,68125.9,68437.5,67758.1,68105.7,1114.566003
1772841600000,68105.7,68544.8,68057.1,68098.3,517.553746
1772856000000,68098.3,68146.1,67444.4,67848.7,950.029803
1772870400000,67848.7,68237.3,67724.9,68010.1,779.691417
1772884800000,68010.1,68090.7,67610,67879.2,676.873637
1772899200000,67879.2,67944.1,66925,67078.3,945.911947
1772913600000,67078.3,67481.9,67067.8,67260.6,656.288296
1772928000000,67260.6,67488,66832.6,67003.2,729.225632
1772942400000,67003.2,67459.8,66540,67320.9,901.408113
1772956800000,67320.9,68199,67157.4,67516.7,1158.635637
1772971200000,67516.7,67649.9,66812.2,67211,1427.883646
1772985600000,67211,67463,66745.2,67331.5,1104.077347
1773000000000,67331.5,67530.4,65614.2,65969.5,1946.025312
1773014400000,65969.5,67674.9,65822.5,67204,2169.250516
1773028800000,67204,68066.6,66878.6,67545.4,1479.523752
1773043200000,67545.4,68467.7,67332.7,67762,1865.962623
1773057600000,67762,69480,67752.7,68864.4,3253.159708
1773072000000,68864.4,69535.4,68235.7,68985.8,2406.51022
1773086400000,68985.8,69146,68374.2,68423.2,1094.986013
1773100800000,68423.2,70592.4,68390.2,69428.6,2207.242618
1773115200000,69428.6,70539,69428.6,70407.8,1635.104442
1773129600000,70407.8,71305.1,70367,70598.5,2031.332541
1773144000000,70598.5,71784.2,69265.4,71346.7,3386.327595
1773158400000,71346.7,71729.5,69702.53,70035.9,2302.382111
1773172800000,70035.9,70409.3,69442.9,69944.6,1220.33679
1773187200000,69944.6,70175.2,69489,69552.7,1190.73242
1773201600000,69552.7,70270,69404.1,69653.2,1172.685132
1773216000000,69653.2,69799.9,69130.9,69164.5,1558.20628
1773230400000,69164.5,71090.1,68974.3,70235.6,2998.901523
1773244800000,70235.6,71328.8,70169.5,70644.4,2247.66732
1773259200000,70644.4,70946.1,70118.9,70194.9,867.320874
1773273600000,70194.9,70357.2,69218.7,69431.1,1124.860584
1773288000000,69431.1,69855,69206.5,69818.6,1048.898521
1773302400000,69818.6,70800.8,69577.7,70420.9,1868.563858
1773316800000,70420.9,70664.3,69343.4,70325.8,2553.546203
1773331200000,70325.8,70569.7,69764.6,70431.2,1931.594906
1773345600000,70431.2,70738,70013.9,70524.7,1021.747366
1773360000000,70524.7,72031.2,70391.5,71408.4,2552.78024
1773374400000,71408.4,71674.6,71183.1,71621.4,1207.524077
1773388800000,71621.4,72586.4,71378.1,72234.8,2299.766545
1773403200000,72234.8,73900,71722.4,71824.7,3852.772092
1773417600000,71824.7,72246.8,70842,71182.4,2670.983025
1773432000000,71182.4,71483.5,70552.6,70928.2,1293.31963
1773446400000,70928.2,71169.7,70483.8,71078.8,1077.14914
1773460800000,71078.8,71300,70308.8,70599,985.761339
1773475200000,70599,70778.4,70387.7,70740,666.720957
1773489600000,70740,70940.3,70484.1,70582.8,810.790492
1773504000000,70582.8,70735.5,70493.1,70700.4,417.023605
1773518400000,70700.4,71250.6,70643.2,71211.3,529.532445
1773532800000,71211.3,71626.3,70856.9,71354.9,776.250316
1773547200000,71354.9,71843.9,71321.3,71455.6,730.694817
1773561600000,71455.6,71937.7,71455.6,71842.5,770.015265
1773576000000,71842.5,71842.5,71260.5,71479.2,1015.656301
1773590400000,71479.2,71992,71287.5,71549.7,856.218734
1773604800000,71549.7,73197.7,71429.5,72812.4,1863.733465
1773619200000,72812.4,74327.1,72277.8,73577.3,2425.931948
1773633600000,73577.3,74476.4,73380.4,73455.7,2310.845586
1773648000000,73455.7,73838.7,72879.5,73548.3,1930.611193
1773662400000,73548.3,74516.4,72992.3,73276,3168.403167
1773676800000,73276,74415.9,73158.3,73962.6,2190.339238
1773691200000,73962.6,74922.7,73857,74884.2,1882.502834
1773705600000,74884.2,76030,74265.7,74465.8,3195.834915
1773720000000,74465.8,74688.7,73785.9,74253,2093.737092
1773734400000,74253,74458.9,73560.3,74030.5,1747.347713
1773748800000,74030.5,74886.4,73380.2,73915.5,2697.585459
1773763200000,73915.5,74800,73860.9,74506,1514.796028
1773777600000,74506,74800,73861.9,73906.3,892.873333
1773792000000,73906.3,74670.6,73521.2,74449.9,990.641294
1773806400000,74449.9,74492,73690.8,73878.8,805.686982
1773820800000,73878.8,74280.5,72782,72947,1561.423645
1773835200000,72947,72983.8,70852.8,71467.9,3551.78017
1773849600000,71467.9,72008.3,70892.4,71066.1,2689.13693
1773864000000,71066.1,71426.9,70495.3,71248.4,1372.343205
1773878400000,71248.4,71622.4,70901,71217.7,1312.329387
1773892800000,71217.7,71217.7,69474.5,70199.7,2254.741957
1773907200000,70199.7,70556.7,69903.3,69952.8,1729.198876
1773921600000,69952.8,70162.3,68789,69408.2,3485.132957
1773936000000,69408.2,70602.4,69120.2,70274,2693.336338
1773950400000,70274,70698.9,69718.5,69923.3,1224.989012
1773964800000,69923.3,70813.2,69833.9,70736.1,1388.991494
1773979200000,70736.1,70972,70212.4,70856.9,1419.884801
1773993600000,70856.9,71370.9,70213.4,70482.3,1887.584982
1774008000000,70482.3,70687.4,69478.9,69867.2,3044.273579
1774022400000,69867.2,70199.1,69388.9,70182.2,2111.665213
1774036800000,70182.2,70928.7,69751.8,70509.9,1253.828064
1774051200000,70509.9,70829.1,70442.3,70674.9,657.12789
1774065600000,70674.9,70885.5,70622.9,70714.5,636.432066
1774080000000,70714.5,70775.5,70487.3,70645.8,498.186278
1774094400000,70645.8,71099.6,70460.1,70630.6,685.048787
1774108800000,70630.6,70657,70205.3,70391.5,606.538353
1774123200000,70391.5,70510.1,68555.2,68919.7,1140.319073
1774137600000,68919.7,69585.1,68225.4,69341.9,1924.090731
1774152000000,69341.9,69525.9,68889.9,68918.4,842.921638
1774166400000,68918.4,68984.4,68100,68218.3,1095.27289
1774180800000,68218.3,69043.3,68194,68847.5,1087.622423
1774195200000,68847.5,68886.8,68141.6,68203,870.485469
1774209600000,68203,68499,67350,67862,2142.59072
1774224000000,67862,68596.8,67444.6,68083.6,2209.981734
1774238400000,68083.6,68909.8,67508.5,68339.2,1909.172006
1774252800000,68339.2,71502.5,67916.4,70132.1,4145.030612
1774267200000,70132.1,71811.8,69673.7,70131.3,3747.424838
1774281600000,70131.3,71244,70128.1,70675.6,2387.562922
1774296000000,70675.6,70998.5,70402.7,70898.7,941.080772
1774310400000,70898.7,71099.3,70274.7,70540.6,1452.699083
1774324800000,70540.6,71410.4,70120.8,71295.2,1409.73773
1774339200000,71295.2,71370.2,70846.7,71158,1536.264703
1774353600000,71158,71186.4,69504,69864.1,3482.379672
1774368000000,69864.1,70006.6,68899.2,69372.2,2715.107467
1774382400000,69372.2,70840.2,69287,70561.5,2151.147136
1774396800000,70561.5,71047,70416,70719.3,1547.268861
1774411200000,70719.3,71349,70702.1,70933.1,1380.966325
1774425600000,70933.1,72033.07,70793.3,71681.4,1884.211615
1774440000000,71681.4,71971.6,70568,70824.3,2804.369801
1774454400000,70824.3,71749,70666.3,70885.5,1837.74182
1774468800000,70885.5,71630,70638.9,71336.7,1027.308288
1774483200000,71336.7,71444.3,70677.6,70910.3,975.377683
1774497600000,70910.3,70911.1,69801.8,70087.2,1576.167329
1774512000000,70087.2,70142.1,69189.1,69274.8,1803.167281
1774526400000,69274.8,69874.8,68628.5,69089,3080.676817
1774540800000,69089,69163.6,68150.1,68533.4,2445.266858
1774555200000,68533.4,69500,68422.6,68820.1,2175.819004
1774569600000,68820.1,69175.3,68528.3,68767.6,1170.76469
1774584000000,68767.6,68959.9,68301.4,68538.6,1430.510884
1774598400000,68538.6,68639.3,66237,66706.7,3336.592965
1774612800000,66706.7,66782.5,65725.1,66111,4024.470185
1774627200000,66111,66294.7,65548.9,66044.5,2766.10231
1774641600000,66044.5,66428.5,65817.6,66408.2,1175.327996
1774656000000,66408.2,66520,65924.5,66238.5,812.011875
1774670400000,66238.5,66577.4,66112.3,66562.4,625.648063
1774684800000,66562.4,66580.9,66125.7,66322.2,581.459923
1774699200000,66322.2,67299.9,66232.2,67017.3,1418.081322
1774713600000,67017.3,67099.1,66691.9,66913.3,631.825511
1774728000000,66913.3,67021.8,66282.2,66372,772.823178
1774742400000,66372,67130.4,66280.9,66908,838.075089
1774756800000,66908,66941.1,66556.5,66663.9,579.731111
1774771200000,66663.9,67009.4,66407.1,66808.4,744.417894
1774785600000,66808.4,66875.5,66318.5,66526.5,999.045861
1774800000000,66526.5,66673,66159.3,66347.5,863.40033
1774814400000,66347.5,66793.2,64978.5,66011.9,2435.967165
1774828800000,66011.9,67488.9,65796,67173.2,2817.789504
1774843200000,67173.2,67816.5,67164.2,67630.6,1760.101161
1774857600000,67630.6,68024.4,67366.2,67677.8,1646.173554
1774872000000,67677.8,68183.2,67089.5,67634.7,2672.473396
1774886400000,67634.7,67652.7,66233.5,66542.9,2448.842233
1774900800000,66542.9,66992.2,66414.7,66795.9,1117.525294
1774915200000,66795.9,68412.3,66539.9,67710.5,2699.769231
1774929600000,67710.5,67883.9,67105,67376.1,1697.488783
1774944000000,67376.1,67503.7,65989.9,66683.8,2477.666586
1774958400000,66683.8,67773.7,66431.3,66741.2,2551.094261
1774972800000,66741.2,68598.9,66735.2,67834.1,2588.897109
1774987200000,67834.1,68418.1,67828.7,68281.5,1026.610487
1775001600000,68281.5,68365.9,67585.3,68168.8,1285.127424
1775016000000,68168.8,69335.1,67997.8,68691.9,1962.012285
1775030400000,68691.9,68860.8,68384.5,68712.5,1188.535793
1775044800000,68712.5,68957.5,67913.3,68913,2517.452732
1775059200000,68913,69174.8,67939.9,68170.6,2151.16096
1775073600000,68170.6,68534.3,67957.6,68119,974.004942
1775088000000,68119,68666,66496.4,66581.2,2468.729897
1775102400000,66581.2,66948.5,66215.5,66926.6,1173.196872
1775116800000,66926.6,66926.6,66154.3,66215.1,1216.192206
1775131200000,66215.1,67110.3,65702.1,66858.7,2852.451976
1775145600000,66858.7,67442.3,66604.3,66982.5,1686.458472
1775160000000,66982.5,67108.8,66723.8,66903.1,711.174896
1775174400000,66903.1,67004.5,66281.9,66581.3,909.50672
1775188800000,66581.3,67257.5,66412.8,67048.3,747.364864
1775203200000,67048.3,67295.5,66679.2,67019.2,722.438936
1775217600000,67019.2,67384.1,66508.8,66841.2,1154.18891
1775232000000,66841.2,67071.9,66756.5,66885.5,530.07362
1775246400000,66885.5,66983.3,66822.7,66965,369.824221
1775260800000,66965,66968.7,66810,66831.5,228.882605
1775275200000,66831.5,67052.2,66772.9,67013,303.517716
1775289600000,67013,67230.3,66908.5,67159.6,452.974191
1775304000000,67159.6,67564.9,67012.6,67389.2,764.879276
1775318400000,67389.2,67549.6,67255.5,67293,482.031253
1775332800000,67293,67482.7,67181.6,67300.7,376.834458
1775347200000,67300.7,67310.4,66935,67143.4,348.50999
1775361600000,67143.4,67194.6,66605.4,66818.5,659.904205
1775376000000,66818.5,67152.4,66810.8,67008.5,569.314383
1775390400000,67008.5,67858,66690,67306.6,1277.320078
1775404800000,67306.6,67568,67177,67365.3,693.810648
1775419200000,67365.3,69137.6,67334.6,69035.3,1922.92246
1775433600000,69035.3,69600,68776.7,69129.6,1862.846806
1775448000000,69129.6,69358.5,68803.7,69110.2,1148.742075
1775462400000,69110.2,70277,69071.9,69612.4,1639.272919
1775476800000,69612.4,69972.7,69137,69963.6,2302.489995
1775491200000,69963.6,70355.4,69267.2,69737.6,1844.845547
1775505600000,69737.6,69978.2,68310,68846.2,1346.386029
1775520000000,68846.2,69123.9,68268.7,68780.2,1235.688706
1775534400000,68780.2,68977,68432.9,68613.9,851.989436
1775548800000,68613.9,69253.8,68060.3,68339,1903.808936
1775563200000,68339,68633.1,67723.2,68166,3028.693793
1775577600000,68166,69097.8,68078.1,69008.4,2825.067477
1775592000000,69008.4,72785.3,69008.4,71927.5,5216.555669
1775606400000,71927.5,72119.1,71243.1,71288,1857.795948
1775620800000,71288,71952,71287,71638,1229.040351
1775635200000,71638,71958.6,71396.1,71676,1395.306202
1775649600000,71676,72871.4,70703.3,71309,4430.24125
1775664000000,71309,71979.3,71016.8,71317.6,3295.028914
1775678400000,71317.6,71748.6,70903.6,71072.7,980.15363
1775692800000,71072.7,71198.6,70447.1,70990.9,1921.62854
1775707200000,70990.9,71118.7,70697,70981.9,1198.192365
1775721600000,70981.9,71588.2,70872.8,71153.5,1292.516206
1775736000000,71153.5,72367.5,70525.9,72148.5,3276.790539
1775750400000,72148.5,72559.2,71726.6,72091.1,2835.313906
1775764800000,72091.1,73152.7,71592.7,71788.9,2339.176766
1775779200000,71788.9,72398.1,71586.6,71873.6,1592.445202
1775793600000,71873.6,72280,71433.4,71494.9,1264.12693
1775808000000,71494.9,72264.6,71432.9,72129.2,1450.715808
1775822400000,72129.2,73297.1,71909.9,72467.2,3832.490139
1775836800000,72467.2,73269.6,72394.3,73244.8,2307.902133
1775851200000,73244.8,73460.1,72722.3,72955.4,1573.889673
1775865600000,72955.4,73100,72663.6,72870.2,824.950864
1775880000000,72870.2,72953,72613.7,72754.3,682.313033
1775894400000,72754.3,72916,72623.3,72914.7,694.106455
1775908800000,72914.7,72982.3,72518,72857.6,855.194312
1775923200000,72857.6,73809.1,72819.7,73689,1509.909044
1775937600000,73689,73699.6,72907.2,73048.5,1050.168333
1775952000000,73048.5,73140.4,71306.6,71601.4,2075.521616
1775966400000,71601.4,71787.4,71416.8,71676.3,806.220284
1775980800000,71676.3,71780.6,71351.1,71464.4,690.024512
1775995200000,71464.4,71500,70600,70889.5,1609.640682
1776009600000,70889.5,71228.6,70813.1,71088.1,767.492584
1776024000000,71088.1,71454.9,70504.4,70742.7,1599.881331
1776038400000,70742.7,71280,70606.3,70984,1408.621701
1776052800000,70984,71154.7,70680.1,70820.9,1188.377577
1776067200000,70820.9,70997.1,70571.4,70933.5,1224.35404
1776081600000,70933.5,72470,70760,71872.9,3790.696951
1776096000000,71872.9,73482,71676.8,73320.6,3915.866103
1776110400000,73320.6,74895.7,73007.1,74415.6,3552.650694
1776124800000,74415.6,74577.2,73970.2,74446.9,1957.717048
1776139200000,74446.9,74931.6,74165.7,74550,1454.22774
1776153600000,74550,74912.8,74308,74377.7,2326.488265
1776168000000,74377.7,76050,74274.6,75319.8,4628.294285
1776182400000,75319.8,75707,73829.5,74226.6,3273.589437
1776196800000,74226.6,74435.3,73808.3,74144.4,1534.411094
1776211200000,74144.4,74792.4,74125.2,74337.9,1454.348228
1776225600000,74337.9,74438.8,73518,73739.8,1410.663272
1776240000000,73739.8,74259,73676.1,74198,1442.869001
1776254400000,74198,74505.9,73582.5,73834.8,2708.98452
1776268800000,73834.8,75282.5,73750.8,75002.6,2700.347688
1776283200000,75002.6,75433.3,74505.7,74812.9,2053.918942
1776297600000,74812.9,75265.9,74437.3,74891.3,1903.200184
1776312000000,74891.3,75171.2,74633,74709.7,1504.253924
1776326400000,74709.7,74899,74275.5,74572,4859.172614
1776340800000,74572,75012.5,73292,74692.8,4061.609947
1776355200000,74692.8,75413.1,73904.1,75348.1,3173.745731
1776369600000,75348.1,75537.9,74792.6,75149.4,1780.424541
1776384000000,75149.4,75151.2,74530.8,74610.6,1378.103598
1776398400000,74610.6,75092.1,74551,75082.3,1059.175767
1776412800000,75082.3,76368.2,74985.9,75588.9,2705.137246
1776427200000,75588.9,78066.8,75524.4,77782.2,5524.406998
1776441600000,77782.2,78347.9,76998.9,77398.7,3290.500652
1776456000000,77398.7,77614.2,76898.3,77059.9,1443.115513
1776470400000,77059.9,77414.8,76952.9,77004.5,998.140626
1776484800000,77004.5,77263.9,76884.8,76992.5,729.102082
1776499200000,76992.5,77036.6,75760.7,76036.7,1648.667168
1776513600000,76036.7,76376.8,75787.2,76158.5,1181.741708
1776528000000,76158.5,76214.2,75436.4,75647.6,1075.008635
1776542400000,75647.6,75924.7,75593.5,75693,689.021529
1776556800000,75693,75839.7,75348.5,75510.8,799.824875
1776571200000,75510.8,75782.3,74873.1,75256.1,1395.023177
1776585600000,75256.1,75635.1,74929.5,75600.3,1207.146961
1776600000000,75600.3,76244,75395.5,75854,1814.078906
1776614400000,75854,75861.9,74601.1,74961.2,2047.131812
1776628800000,74961.2,74961.2,73754.2,73803,2618.867637
1776643200000,73803,74750,73711.3,74636.3,1958.98749
1776657600000,74636.3,75575.5,74099.5,74832.5,2133.14587
1776672000000,74832.5,75403.2,74615.2,75194.8,1774.553292
1776686400000,75194.8,75785.2,74670.5,75714.6,3919.190887
1776700800000,75714.6,76479.9,75284,76292.4,2511.287418
1776715200000,76292.4,76563,75575.5,75832.9,1640.253135
1776729600000,75832.9,76260,75486.4,75711.4,1638.290042
1776744000000,75711.4,76305.6,75598.3,76080.9,1426.625595
1776758400000,76080.9,76932.4,76060,76453.7,2062.438039
1776772800000,76453.7,76595.6,75410.8,75831.3,3176.180353
1776787200000,75831.3,76187.1,74814.7,75016,3052.465871
1776801600000,75016,76431.6,74974.8,76331.1,1903.14908
1776816000000,76331.1,77734,76134.8,77528.4,2655.342465
1776830400000,77528.4,78464.2,77370.7,78008.9,2442.69291
1776844800000,78008.9,78403.4,77939.3,78298.8,1307.770071
1776859200000,78298.8,79400,78108.1,79273.4,3250.299747
1776873600000,79273.4,79472.2,78624.6,78845.2,1912.213682
1776888000000,78845.2,78918.1,78155,78181.7,1046.96137
1776902400000,78181.7,78588.1,77466.4,77744.2,1791.602703
1776916800000,77744.2,78340,77672.8,78053.1,1241.931298
1776931200000,78053.1,78176.9,77175.6,77690.1,2040.350008
1776945600000,77690.1,78665.3,77388,78382,2644.240745
1776960000000,78382,78519.9,76954.5,77714,2379.209534
1776974400000,77714,78337,77642.9,78258.7,989.966052
1776988800000,78258.7,78573.9,77560.8,77740.8,1213.636847
1777003200000,77740.8,78048.6,77460,77660,981.183782
1777017600000,77660,78379.4,77415.3,78238,1713.515213
1777032000000,78238,78482.3,77562.5,78045.2,2623.34794
1777046400000,78045.2,78065.2,77360.6,77624.8,1850.80356
1777060800000,77624.8,77759.5,77257.7,77440.3,823.324219
1777075200000,77440.3,77706.1,77309.6,77663.7,423.076764
1777089600000,77663.7,77692.6,77450.1,77501,330.678301
1777104000000,77501,77887.6,77487.7,77689.1,468.154638
1777118400000,77689.1,77754.1,77315.2,77336.5,486.282551
1777132800000,77336.5,77451.9,77142.5,77321.8,697.833632
1777147200000,77321.8,77646.5,77306.6,77622.8,456.091468
1777161600000,77622.8,77638.8,77326.2,77392.1,422.938355
1777176000000,77392.1,78199.2,77379.6,78106.5,845.551348
1777190400000,78106.5,78212.9,77929.4,78095.4,469.305515
1777204800000,78095.4,78176.4,77767.3,78050.9,799.820024
1777219200000,78050.9,78507.3,77850,78223.1,1116.164017
1777233600000,78223.1,78924.6,77845,78662.6,2089.462184
1777248000000,78662.6,79500,78389.2,79114.4,2288.19995
1777262400000,79114.4,79167.1,77465.2,77601.6,2225.65134
1777276800000,77601.6,77983,77561,77844,998.819703
1777291200000,77844,78268,76560.7,76790.3,2960.273994
1777305600000,76790.3,76936,76458.3,76884.3,1588.184782
1777320000000,76884.3,77449.4,76762.8,77371.8,896.886975
1777334400000,77371.8,77477.9,76661.7,76809.4,1273.499039
1777348800000,76809.4,77153.4,76384.4,76891.3,1608.51698
1777363200000,76891.3,76998,76128.3,76229.4,1700.516049
1777377600000,76229.4,76424,75662.6,76063.4,2582.198107
1777392000000,76063.4,76396.4,75882.5,76324.7,1379.259094
1777406400000,76324.7,76484,76190,76337.6,679.508284
1777420800000,76337.6,77130.9,76185.3,76997.1,1493.583996
1777435200000,76997.1,77459.3,76885,77048.2,1452.913487
1777449600000,77048.2,77906.1,76963.3,77599.3,1359.687754
1777464000000,77599.3,77603,75708.7,75918,2652.639452
1777478400000,75918,76262.8,74936.6,75555.9,2279.0144
1777492800000,75555.9,76104,75487.1,75782,958.360584
1777507200000,75782,76465.1,75496.5,75926.8,1395.232876
1777521600000,75926.8,76186.3,75316.6,76178.1,1104.111289
1777536000000,76178.1,76352.1,75879.4,76066,945.019225
1777550400000,76066,76684.3,76045.1,76466.9,1423.486435
1777564800000,76466.9,76519.3,76113.7,76406.5,990.393669
1777579200000,76406.5,76577.7,76201.3,76338.3,668.315847
1777593600000,76338.3,77460.7,76311.6,77124,1205.092415
1777608000000,77124,77203.1,76884.8,77116.8,986.829171
1777622400000,77116.8,77594.5,76998.7,77458.6,1143.361009
1777636800000,77458.6,78938.2,77402.2,78452.4,3114.698198
1777651200000,78452.4,78697.7,78125.6,78355.8,1242.139798
1777665600000,78355.8,78436.4,77755.3,78231.3,707.050188
1777680000000,78231.3,78521.1,78158.3,78416.4,360.123198
1777694400000,78416.4,78458.2,78035.7,78227.3,516.52204
1777708800000,78227.3,78399.9,78102.1,78150,425.730412
1777723200000,78150,78490.2,78106.1,78490.2,491.932547
1777737600000,78490.2,78598.5,78312.8,78481,455.589215
1777752000000,78481,79165,78414.7,78690.4,869.484687
1777766400000,78690.4,78765.4,78102.7,78199.2,585.892368
1777780800000,78199.2,78454.2,78080,78361.2,341.582443
1777795200000,78361.2,78849,78351.2,78666,519.182695
1777809600000,78666,78887.9,78601.7,78670.6,756.104588
1777824000000,78670.6,78861.6,78563.5,78773.2,551.421536
1777838400000,78773.2,79450,78491.4,78570.4,1774.802985
1777852800000,78570.4,80460.3,78280,80320.5,2724.829023
1777867200000,80320.5,80632.5,79500.1,79703.1,1136.530505
1777881600000,79703.1,79922.4,78204,78789.4,2125.325386
1777896000000,78789.4,80555.5,78485.3,80030.6,2798.205877
1777910400000,80030.6,80774.5,79616,80051.2,1558.843375
1777924800000,80051.2,80400,79750,79861,686.620767
1777939200000,79861,81085.5,79794,80888.4,1011.096286
1777953600000,80888.4,81332.3,80728.1,80863.7,1049.102747
1777968000000,80863.7,81115.1,80523.3,81022.2,798.103246
1777982400000,81022.2,81736.1,80932.8,81538.6,1893.191683
1777996800000,81538.6,81685.2,81045.9,81605.1,960.519912
1778011200000,81605.1,81796.6,80783.5,80912.3,1299.116803
1778025600000,80912.3,81759.6,80721.9,81580,892.221023
1778040000000,81580,81647.9,81046.3,81373.1,721.47494
1778054400000,81373.1,82853,81320.4,82528.5,2048.716032
1778068800000,82528.5,82554.3,81135.7,81702.8,2275.77021
1778083200000,81702.8,81896.3,81186,81453.6,1249.800626
1778097600000,81453.6,81699.4,80974.1,81435,802.628461
1778112000000,81435,81489.4,80831.5,80844.9,964.492383
1778126400000,80844.9,81713.2,80728.2,81525.9,850.518509
1778140800000,81525.9,81616.7,80581.9,80874.6,1129.093922
1778155200000,80874.6,81186.8,79700,79903.7,2413.441994
1778169600000,79903.7,80278,79501.5,80151.7,1913.132902
1778184000000,80151.7,80390.3,79584.6,80012,1022.470093
1778198400000,80012,80143.9,79179.8,79576.1,1060.981193
1778212800000,79576.1,79776.8,79245.6,79693.1,1359.386495
1778227200000,79693.1,80338,79673.6,80234.6,1178.313498
1778241600000,80234.6,80518.1,79541.9,80153.8,2296.150994
1778256000000,80153.8,80309.7,79734.2,80178,1257.34772
1778270400000,80178,80417.2,80090.3,80195.7,481.795331
1778284800000,80195.7,80554,80126.6,80385.6,602.625961
1778299200000,80385.6,80675.1,80129.6,80220.8,528.243274
1778313600000,80220.8,80445.2,80163,80334.4,383.837043
1778328000000,80334.4,80604.4,80220.6,80524.4,764.708038
1778342400000,80524.4,81072.1,80475.8,80932.7,780.110272
1778356800000,80932.7,80933.4,80617,80668.3,322.122917
1778371200000,80668.3,80884.3,80563,80770.1,488.081142
1778385600000,80770.1,80842.2,80646,80734.2,352.479993
1778400000000,80734.2,80963.3,80681.3,80814.1,667.418387
1778414400000,80814.1,81450,80774.7,81414.3,981.398106
1778428800000,81414.3,81583.3,81142.4,81428.6,886.087683
1778443200000,81428.6,82478.1,80263.1,82215.5,2940.590432
1778457600000,82215.5,82382.8,80517.6,80728.6,2043.172724
1778472000000,80728.6,81052.8,80636.8,80740.1,739.629397
1778486400000,80740.1,81209.3,80620.7,81201.4,836.175391
1778500800000,81201.4,81459.9,80457.6,81439.8,1913.53276
1778515200000,81439.8,82138.2,81340.5,81959.6,1678.637924
1778529600000,81959.6,82085.5,81591.1,81739.3,694.008234
1778544000000,81739.3,81785.2,80704.1,81059.6,923.184393
1778558400000,81059.6,81311.9,80801.4,80854,689.698546
1778572800000,80854,80966.8,80500,80782,767.631525
1778587200000,80782,81006.9,80187.4,80334.5,1720.685894
1778601600000,80334.5,80873.8,79845.5,80835.6,1320.109293
1778616000000,80835.6,80884,80436.9,80496.4,535.304134
1778630400000,80496.4,81297.7,80408.3,81252.9,884.267921
1778644800000,81252.9,81284.2,80895,81019,564.148108
1778659200000,81019,81327.1,80501.2,80504.7,1021.551471
1778673600000,80504.7,80602.3,78805,78827.7,2818.952864
1778688000000,78827.7,79808.7,78759.1,79645.6,1379.435229
1778702400000,79645.6,79760.4,79228.5,79322,749.068282
1778716800000,79322,79690.1,78923,79046.4,1135.817291
1778731200000,79046.4,79997.8,78978.4,79750,1001.981309
1778745600000,79750,79937.4,79230.8,79250.7,1159.618622
1778760000000,79250.7,81339.7,79230,81300,3211.729595
1778774400000,81300,82056.2,81078,81423.6,3575.776158
1778788800000,81423.6,81593.6,81050.4,81089.4,795.092971
1778803200000,81089.4,81662.9,80749.3,81061.6,1551.100266
1778817600000,81061.6,81110.4,80301.6,80819.7,1604.390495
1778832000000,80819.7,80830,80360,80623.1,1239.109192
1778846400000,80623.1,80637.7,78646.5,79152.9,3788.874336
1778860800000,79152.9,79562.8,79049.2,79140,1431.233663
1778875200000,79140,79218.1,78905.5,79110.4,618.282228
1778889600000,79110.4,79222.6,79003.6,79076.5,401.072874
1778904000000,79076.5,79122.5,78050.5,78376.6,1110.918964
1778918400000,78376.6,78543.5,77650.7,78088.2,1270.623131
1778932800000,78088.2,78352.6,77841.9,78239.1,666.087704
1778947200000,78239.1,78370.5,78123.6,78261.7,561.004015
1778961600000,78261.7,78325.1,78129.9,78143.3,377.596513
1778976000000,78143.3,78246.5,77723.1,78025.2,825.196262
1778990400000,78025.2,78332.9,78001.1,78184.8,471.926626
1779004800000,78184.8,78605.2,78040.2,78414.8,707.56432
1779019200000,78414.8,78555.8,77840.6,78052.5,741.009242
1779033600000,78052.5,78477,77858.3,78417.3,592.947121
1779048000000,78417.3,78490.3,76713.1,77460.7,1703.979059
1779062400000,77460.7,77483.3,76709.3,76930,2116.014782
1779076800000,76930,77095.1,76553.2,77077.1,1315.241479
1779091200000,77077.1,77408.7,76664.5,77292.2,1352.407741
1779105600000,77292.2,77805,76028.1,76413,3636.180712
1779120000000,76413,76999.7,76134.6,76934.4,2373.269103
1779134400000,76934.4,77231,76793.8,76999.4,1273.359803
1779148800000,76999.4,77410.9,76481.7,76788.7,1262.658048
1779163200000,76788.7,77285.3,76639.4,77234,1115.892042
1779177600000,77234,77319.9,76636.1,76711.3,1132.048843
1779192000000,76711.3,77054.8,76144.5,76528.8,2027.95705
1779206400000,76528.8,77080.6,76409,76824,1320.64769
1779220800000,76824,77048.4,76648,76838,658.058691
1779235200000,76838,76925.2,76514.9,76724.9,1136.222734
1779249600000,76724.9,77476.1,76688.6,77285.7,985.595595
1779264000000,77285.7,77668.3,77204.6,77384.9,959.205485
1779278400000,77384.9,77858.8,76890,77460.7,2595.728978
1779292800000,77460.7,77719.6,77010.6,77671.2,1329.846693
1779307200000,77671.2,77774.9,77220.5,77547.9,860.35996
1779321600000,77547.9,78174.7,77515,78078,1035.316155
1779336000000,78078,78183.5,77518.7,77877.3,823.707063
1779350400000,77877.3,78200.1,77136.1,77193,1385.973094
1779364800000,77193,77415.3,76720.9,77262.9,1889.250121
1779379200000,77262.9,78095.6,77003.2,77694.6,2047.280812
1779393600000,77694.6,77816.2,77533.2,77619.9,563.940009
1779408000000,77619.9,77811.1,77317.6,77775.1,706.998808
1779422400000,77775.1,77901.6,77283.6,77402,1086.237289
1779436800000,77402,77542.6,77186.3,77433.9,928.236832
1779451200000,77433.9,77586.3,76570.8,76795.7,2339.227279
1779465600000,76795.7,77102.2,75649.6,75869.2,2466.619305
1779480000000,75869.2,76091.5,75350,75540.3,1158.919382
1779494400000,75540.3,75665.2,75217.8,75633.9,963.010232
1779508800000,75633.9,75649.9,74263.8,74605.4,1426.700952
1779523200000,74605.4,74866.5,74346.2,74794.2,1190.500708
1779537600000,74794.2,75707.9,74652.1,75520,1282.930654
1779552000000,75520,76018.8,75362.7,75986.1,1052.988589
1779566400000,75986.1,77416,75947.4,76747.1,2305.579704
1779580800000,76747.1,77007.5,76626.5,76738,795.615322
1779595200000,76738,77073.9,76648.1,76800.4,805.097246
1779609600000,76800.4,77530.2,76727.8,77317.4,1160.236123
1779624000000,77317.4,77329.2,76184.2,76372.5,1376.208704
1779638400000,76372.5,76792.6,76372.5,76773.6,690.170844
1779652800000,76773.6,77227.4,76103.1,77068.5,1270.285866
1779667200000,77068.5,77485,76913.4,77028.9,1172.283205
1779681600000,77028.9,77661.1,76990.8,77413.6,1168.334908
1779696000000,77413.6,77712.8,77279.7,77362.5,976.719056
1779710400000,77362.5,77916.2,77291.8,77634.1,1129.202841
1779724800000,77634.1,77824.2,77354.9,77445.4,755.325304
1779739200000,77445.4,77509.3,77046,77322.1,1007.928868
1779753600000,77322.1,77354.9,76475.5,76662,1545.151063
1779768000000,76662,77061.2,76604,76727.5,976.817965
1779782400000,76727.5,77626.2,76578.2,77195.9,1556.421933
1779796800000,77195.9,78089.9,76256.5,76506.2,4788.633707
1779811200000,76506.2,76711.9,75766.6,76054,2237.113086
1779825600000,76054,76180.7,75671,75929.4,890.402041
1779840000000,75929.4,76104.1,75597.4,75659,1008.795214
1779854400000,75659,75976.2,75300,75961.8,1235.382874
1779868800000,75961.8,76064.4,75699.5,75765.3,1050.219189
1779883200000,75765.3,76168.7,74763.7,75325.2,3257.116845
1779897600000,75325.2,75413.4,74662.9,75066.4,1584.02842
1779912000000,75066.4,75417.1,74238.8,74444,1514.579533
1779926400000,74444,74584.4,73074,73259.5,2789.715939
1779940800000,73259.5,73514.6,72727.2,73498.8,2079.221429
1779955200000,73498.8,73626.3,73209,73506,957.502557
1779969600000,73506,73591.4,72580.9,72931.8,3199.307694
1779984000000,72931.8,73757.8,72731.1,73428.4,2012.637926
1779998400000,73428.4,73953.6,73246.9,73628,1063.277016
1780012800000,73628,73878.6,73185.1,73296.9,1348.4579
1780027200000,73296.9,73942.2,73200.2,73523.9,1153.221951
1780041600000,73523.9,73910.9,73346,73485,1023.84511
1780056000000,73485,74204.8,72492.5,73809.4,2993.099675
1780070400000,73809.4,74331.6,73177.4,73521.1,2118.293537
1780084800000,73521.1,73850,73317.4,73468.1,694.534926
1780099200000,73468.1,73795.9,73410.9,73534.7,711.97918
1780113600000,73534.7,73710.1,73205,73543,938.012738
1780128000000,73543,73676.6,73500,73598.4,450.220579
1780142400000,73598.4,74102.2,73590.3,73919.6,753.559006
1780156800000,73919.6,74145.4,73810.1,74015.2,554.722243
1780171200000,74015.2,74059.1,73782.1,73889.6,486.006018
1780185600000,73889.6,74273,73853.7,74144.3,1006.967834
1780200000000,74144.3,74225.4,73831.8,73872.9,516.510819
1780214400000,73872.9,74028.9,73728.9,73946.9,838.354792
1780228800000,73946.9,74031.3,73504,73655.8,1781.123128
1780243200000,73655.8,73736.1,73398.5,73555.4,664.310036
1780257600000,73555.4,74206,73500,73683.6,978.396634
1780272000000,73683.6,74089.6,73213.6,73763.6,1544.792874
1780286400000,73763.6,73840.4,72700,72803.9,1357.199689
1780300800000,72803.9,73106.6,72279.5,72482.3,1762.019666
1780315200000,72482.3,72618.2,71064.6,71123.1,3689.575078
1780329600000,71123.1,71797.1,70678.6,71595,2136.969971
1780344000000,71595,71696,70835.3,71407.5,1234.624596
1780358400000,71407.5,71413.9,70100.5,70954.7,2198.764543
1780372800000,70954.7,71054.1,69738.1,70112.6,1686.640417
1780387200000,70112.6,70178,69325.6,69457.2,1977.597383
1780401600000,69457.2,69542.1,67074.4,67300.2,5870.794885
1780416000000,67300.2,68146.6,66392.8,67312.5,2998.208535
1780430400000,67312.5,67921.7,66200,66754.8,2923.38969
1780444800000,66754.8,67209.6,65412,65845.1,3263.201614
1780459200000,65845.1,67534.2,65824.2,67226.2,3250.906897
1780473600000,67226.2,67484.8,66657.3,67073.6,2055.79871
1780488000000,67073.6,67253.9,66071.4,66074.2,3120.910299
1780502400000,66074.2,66377.2,65244.4,65464.9,3406.825863
1780516800000,65464.9,65861.9,64090.1,64146,3829.650019
1780531200000,64146,64545.1,61370,64373,7843.648253
1780545600000,64373,64770.8,63395.5,63595.5,3781.639444
1780560000000,63595.5,63910,62189.9,62546.9,5373.661576
1780574400000,62546.9,64503.6,62387,63896.7,5086.863548
1780588800000,63896.7,64159.6,62945.6,63627.4,3466.205069
1780603200000,63627.4,63920,63111.1,63879.1,2569.532686
1780617600000,63879.1,63983.1,62336.1,62730.3,3383.044361
1780632000000,62730.3,63690.8,61123,63113,7667.706712
1780646400000,63113,63274.7,61962.6,61962.6,3149.265373
1780660800000,61962.6,62461.1,60056.9,60431.6,7387.157475
1780675200000,60431.6,61568,59130,60302.9,7518.406159
1780689600000,60302.9,62006.9,59932.6,61060.8,4051.915846
1780704000000,61060.8,61526.7,60514.2,60693.1,1456.685614
1780718400000,60693.1,61308.4,59486.2,61009.3,3090.060908
1780732800000,61009.3,61499.7,60176.8,60805.1,1931.972331
1780747200000,60805.1,61189.9,60389.5,60780.8,1521.433365
1780761600000,60780.8,60975.3,60404.7,60593.2,1267.920664
1780776000000,60593.2,60998,60428.5,60884.1,988.604823
1780790400000,60884.1,61780,60742.3,61702.2,1165.671135
1780804800000,61702.2,62414.8,61482.1,62397.9,1380.624371
1780819200000,62397.9,62993.3,62253.2,62628.9,1474.703589
1780833600000,62628.9,62652.5,61570.4,62098.7,1449.512305
1780848000000,62098.7,62328.9,61183.2,61333.3,1098.012013
1780862400000,61333.3,64282.9,61213.6,63337.1,2180.233387
1780876800000,63337.1,63871.2,62720.2,63127.3,2048.477846
1780891200000,63127.3,63364,62408.2,63295.2,2760.759619
1780905600000,63295.2,63889.7,62985.5,63481.6,1932.598151
1780920000000,63481.6,64217.5,62703.7,63779.5,3216.116912
1780934400000,63779.5,64048.9,63275.3,63375.5,1524.81368
1780948800000,63375.5,63850.3,62975.7,63087.9,943.895791
1780963200000,63087.9,63188,62418.1,62873.2,1812.622587
1780977600000,62873.2,63527.6,62743.8,63200,1833.088566
1780992000000,63200,63217.4,62495.5,62713.3,4115.053838
1781006400000,62713.3,62905.3,61033.3,61129.1,3828.291629
1781020800000,61129.1,62113,60763.8,62096.1,2885.026353
1781035200000,62096.1,62279.2,61552,61730.4,975.208624
1781049600000,61730.4,61976.2,61235.5,61549.5,1413.011249
1781064000000,61549.5,61793.2,61075.6,61688.8,1999.952232
1781078400000,61688.8,61737.6,60709.3,61028.3,2272.097575
1781092800000,61028.3,62860.5,60955.1,62639.8,4339.580838
1781107200000,62639.8,62653.3,61600,61945.3,2606.838725
1781121600000,61945.3,61950.3,61095.1,61507.1,1920.515134
1781136000000,61507.1,62973,61506.7,62693.8,2489.425798
1781150400000,62693.8,63021.2,62545.1,62717.5,1604.478733
1781164800000,62717.5,63266.9,62711.2,63104.7,2540.707053
1781179200000,63104.7,63247.7,62498,62753.9,3378.491052
1781193600000,62753.9,63942.7,62340.9,63612.5,3636.828984
1781208000000,63612.5,63719.8,63278.1,63630.8,1156.12882
1781222400000,63630.8,63798.6,63293.6,63528,1210.862995
1781236800000,63528,63869.4,62839.1,63100.6,2972.423919
1781251200000,63100.6,63972.2,63097.4,63762.6,2247.85941
1781265600000,63762.6,64397.3,63050,63593,4622.681099
1781280000000,63593,64115.3,63507.1,63582.9,2244.394707
1781294400000,63582.9,63696.5,63390.9,63575.4,1072.642069
1781308800000,63575.4,63846.8,63414.5,63528.5,931.694805
1781323200000,63528.5,63888.5,63482.4,63849.6,947.983293
1781337600000,63849.6,63972,63716.1,63969.1,1003.831288
1781352000000,63969.1,64347.5,63921.1,64298.6,1732.124037
1781366400000,64298.6,64332,63775.7,64298.1,2340.605439
1781380800000,64298.1,64762.4,64213.5,64450.4,1204.129278
1781395200000,64450.4,64711.5,64372.5,64545.3,1125.958805
1781409600000,64545.3,64562.3,64221.4,64431.7,1159.583998
1781424000000,64431.7,64668.7,64325.9,64548.4,1006.971572
1781438400000,64548.4,64565.7,63868.6,64023.8,1627.404036
1781452800000,64023.8,64218,63685.5,63803.4,1431.979664
1781467200000,63803.4,65804.1,63793,65750.1,3805.137525
1781481600000,65750.1,66005.5,65347,65929,2599.282138
1781496000000,65929,66015.8,65615.9,65674.8,1645.555877
1781510400000,65674.8,66400,65511.2,66232,2182.805599
1781524800000,66232,67302.3,66103.4,67294.9,3347.490427
1781539200000,67294.9,67294.9,66353.7,66620.3,2186.760769
1781553600000,66620.3,66689,66100.2,66325.4,1572.696619
1781568000000,66325.4,66466,65650,66160.1,1470.774445
1781582400000,66160.1,66569.6,65795.2,66370.5,3026.624657
1781596800000,66370.5,66991.7,66338.9,66493.5,1853.695738
1781611200000,66493.5,66828.2,65364.1,65871.3,2890.224461
1781625600000,65871.3,66254.2,65557.8,65680.5,2031.808108
1781640000000,65680.5,65945.3,65588.5,65679.1,946.210598
1781654400000,65679.1,66138.5,65486.4,65856.4,1417.175659
1781668800000,65856.4,66056.8,65248.8,65551.9,2802.972634
1781683200000,65551.9,65593,64563.2,64812.7,2274.594898
1781697600000,64812.7,65849.9,64589.9,65750.2,3239.069094
1781712000000,65750.2,66436.6,64036.5,64292.1,5830.059294
1781726400000,64292.1,64525.1,63909.7,64504.7,2002.191288
1781740800000,64504.7,64809.7,64261.4,64284.9,1355.805948
1781755200000,64284.9,64509.3,63687.5,64503.3,2017.494974
1781769600000,64503.3,64652.3,63884.8,63969.6,1694.163385
1781784000000,63969.6,64448,62287.3,62363,4147.138147
1781798400000,62363,63004.2,62260.7,62943.7,3139.644065
1781812800000,62943.7,63271,62732.6,62953.1,1461.723888
1781827200000,62953.1,63113.8,62379.4,62774.1,1737.742689
1781841600000,62774.1,62921.7,62406.5,62630.5,3272.879797
1781856000000,62630.5,62785.5,62315,62629.7,1626.518739
1781870400000,62629.7,63418.3,62350.8,63216.7,2242.722738
1781884800000,63216.7,63392.9,62867,63025.9,1265.5635
1781899200000,63025.9,63672.7,62957.6,63541.3,906.81627
1781913600000,63541.3,63780,63319.1,63475.3,905.89476
1781928000000,63475.3,63942.2,63399.9,63641.6,917.964625
1781942400000,63641.6,63802.8,63385.8,63684.5,796.303481
1781956800000,63684.5,64386.9,63191.9,64165.3,1646.664084
1781971200000,64165.3,64173.6,63733.1,63940.5,785.878317
1781985600000,63940.5,64354.3,63856.7,64298.6,622.655092
1782000000000,64298.6,64477.9,64212.7,64424.9,531.370907
1782014400000,64424.9,64590.5,64167.8,64187.5,601.129703
1782028800000,64187.5,64480,63900,64167.9,876.155158
1782043200000,64167.9,64349.5,63948.3,64220.8,844.209017
1782057600000,64220.8,64300.4,63940.7,64201.3,629.208214
1782072000000,64201.3,64265,63270,63309.3,1628.477563
1782086400000,63309.3,64832,63309.3,63971.5,2536.359281
1782100800000,63971.5,64398.8,63870.7,64212.9,1151.214885
1782115200000,64212.9,64778.3,64021.9,64657.8,2722.418688
1782129600000,64657.8,65624.7,64579.4,64835.3,3164.702009
1782144000000,64835.3,64862.6,64271.9,64479.3,1849.307672
1782158400000,64479.3,64663,63801.6,64020,1519.944347
1782172800000,64020,64274.2,63829.3,64066,1474.090728
1782187200000,64066,64093,62563.2,62889.8,3780.925504
1782201600000,62889.8,62973,61933.5,62504.7,3060.771373
1782216000000,62504.7,62858.6,61954.9,62482.4,2923.161298
1782230400000,62482.4,62828,62100,62387.8,2092.918326
1782244800000,62387.8,62797.5,62375.1,62726.9,1137.191644
1782259200000,62726.9,63120.5,62460.1,62735.7,1752.911744
1782273600000,62735.7,63076.8,62529.3,62659.6,2327.0228
1782288000000,62659.6,63236.1,62316.4,62916.6,1946.302987
1782302400000,62916.6,62974.5,60258.1,60273.2,5800.965049
1782316800000,60273.2,60678.2,59102,59956.2,6090.810623
1782331200000,59956.2,61266.8,59850,61072.4,3126.305428
1782345600000,61072.4,61162.2,60680.1,60882.6,2006.665692
1782360000000,60882.6,61961.6,60787,61912.2,3810.308749
1782374400000,61912.2,61921.8,61060.1,61277.2,1838.972118
1782388800000,61277.2,61766.4,58112,59561.3,7753.873123
1782403200000,59561.3,60069.1,59139.8,59326.6,3131.553819
1782417600000,59326.6,60260.7,59323.9,59796,1987.932145
1782432000000,59796,60120.3,58324.3,60034.5,3104.504962
1782446400000,60034.5,60763.1,59681.9,60518.6,2701.81813
1782460800000,60518.6,60576.5,59242.8,59416.3,2519.910105
1782475200000,59416.3,60502.5,58491.9,60324.5,4168.128209
1782489600000,60324.5,60597.9,59557,59763.4,2936.601626
1782504000000,59763.4,60118.5,59551.7,60103.9,1423.069612
1782518400000,60103.9,60414.9,59873.5,60300.5,1016.906491
1782532800000,60300.5,60574.9,60110.7,60545.1,1046.324755
1782547200000,60545.1,60545.2,60198.5,60366.8,874.315419
1782561600000,60366.8,60942.2,60259.4,60840.2,1194.167705
1782576000000,60840.2,60854.9,60067.9,60170.5,2351.747391
1782590400000,60170.5,60482.8,59846.6,60023.7,3454.470841
1782604800000,60023.7,60340.7,59979,60198.9,2580.558288
1782619200000,60198.9,60264,59746.2,60216.8,2428.81147
1782633600000,60216.8,60552.1,60057.3,60339.3,2486.540945
1782648000000,60339.3,60460.4,59814.2,59889.9,3080.694828
1782662400000,59889.9,59943.1,59264,59480.2,2109.60746
1782676800000,59480.2,59906.6,58887.8,59575.1,1607.161214
1782691200000,59575.1,60232.3,58886.6,60048.4,2008.697333
1782705600000,60048.4,60347.2,59385.1,60006,1705.630376
1782720000000,60006,60324.5,59730.9,59960.8,4601.369312
1782734400000,59960.8,60799.2,58999.4,59821.3,3872.632557
1782748800000,59821.3,60691.1,59584.5,60434.4,2047.389034
1782763200000,60434.4,60595.7,60199.1,60259.6,974.012222
1782777600000,60259.6,60279.3,59593.8,59616.3,1618.089466
1782792000000,59616.3,59720,59353.7,59523.8,1593.19722
1782806400000,59523.8,59556.4,59123.1,59186.8,1348.430303
1782820800000,59186.8,59276.4,58195.1,58383.3,3032.280311
1782835200000,58383.3,58844,58256.7,58827.6,1869.652972
1782849600000,58827.6,58879.7,58510.6,58631,785.746253
1782864000000,58631,59339.1,57802.2,59202.9,2600.996305
1782878400000,59202.9,59468.7,58536.1,58770.6,1595.109862
1782892800000,58770.6,59097.7,58500.1,58619,1909.874795
1782907200000,58619,60545.2,58323.4,60149.3,3415.891428
1782921600000,60149.3,60357.1,59785.2,60033.4,2854.373568
1782936000000,60033.4,61343.6,59863.8,60027.7,2676.568466
1782950400000,60027.7,61128.3,59590.7,61065,2993.873743
1782964800000,61065,61065,60088.8,60143.2,2531.290514
1782979200000,60143.2,61430.4,60106.1,61351.7,2782.247815
1782993600000,61351.7,62208.9,61144.8,61608.1,3652.785484
1783008000000,61608.1,61951.5,61130.8,61470.3,2335.138048
1783022400000,61470.3,61655.8,61338.8,61557.6,1248.204597
1783036800000,61557.6,61737,61243.9,61431.1,1867.403528
1783051200000,61431.1,61869.7,61329,61757.4,1494.128753
1783065600000,61757.4,62101.5,61510.1,62022.5,1453.108396
1783080000000,62022.5,62401.8,61696.4,61924.3,1821.437912
1783094400000,61924.3,62316.7,61910.7,62207.7,1273.322796
1783108800000,62207.7,62961.2,62184.6,62585.6,1617.276907
1783123200000,62585.6,62955.1,62406.2,62633,1054.841942
1783137600000,62633,62752.3,62333.4,62570.4,968.09929
1783152000000,62570.4,62669.1,62410.3,62486.3,745.914079
1783166400000,62486.3,63084.4,62486.3,62935.8,921.49693
1783180800000,62935.8,63462.7,62783.8,63293.9,1117.385574
1783195200000,63293.9,63451.3,62928.3,63143.1,873.947275
1783209600000,63143.1,63147,62597,62768.1,941.266065
1783224000000,62768.1,63058.4,62652.7,63020.3,887.796261
1783238400000,63020.3,63122.9,62431.6,62651.6,852.994794
1783252800000,62651.6,62942.4,62564.7,62740,708.429371
1783267200000,62740,62889.5,62600.5,62774,718.30947
1783281600000,62774,64000,62610.8,63642.5,1284.626324
1783296000000,63642.5,63919.6,63130.3,63298,1216.945576
1783310400000,63298,63401.1,62886.6,63089.1,1013.162045
1783324800000,63089.1,63244.9,62484.4,62484.4,1104.49928
1783339200000,62484.4,63548.9,61308.8,63543.4,3559.116669
1783353600000,63543.4,63983.2,63380.1,63740.6,1481.56005
1783368000000,63740.6,64704.8,63592.2,64040.5,1121.39598
1783382400000,64040.5,64312.1,63151.1,63188,967.942448
1783396800000,63188,63444.4,62794.7,63086.9,850.456244
1783411200000,63086.9,63479.9,62978.5,63403.7,856.807125
1783425600000,63403.7,64121.5,62673.9,63942.4,1898.494503
1783440000000,63942.4,64249.9,63387.9,63831.1,1364.175842
1783454400000,63831.1,63910.3,63219,63363.9,709.793187
1783468800000,63363.9,63760.4,62530,62773.3,1101.574193
1783483200000,62773.3,62908.9,62474.1,62886,925.354321
1783497600000,62886,62942.5,61735.7,62300,1890.260377
1783512000000,62300,62424.3,61541.2,61698.9,1666.977445
1783526400000,61698.9,62399.2,61685.3,62282.6,1259.268833
1783540800000,62282.6,62360.1,61959.1,62290.3,675.467796
1783555200000,62290.3,62649.3,61697.5,61971.9,1026.275567
1783569600000,61971.9,63286.1,61957.1,63010.7,1333.054046
1783584000000,63010.7,63091.9,62613.9,62782.4,855.878387
1783598400000,62782.4,63266,62463.1,62864.5,2775.707799
1783612800000,62864.5,63495.2,62556.1,63243.5,1263.272027
1783627200000,63243.5,63420,63055.7,63223.1,668.221829
1783641600000,63223.1,64056.5,62917.5,63959.1,1376.769686
1783656000000,63959.1,64206.9,63808.6,63981.9,925.268169
1783670400000,63981.9,64499.3,63967.3,64428.9,1021.717845
1783684800000,64428.9,64699,63799.7,64046.8,1910.227273
1783699200000,64046.8,64226.9,63740.3,63924,1221.991652
1783713600000,63924,64216.2,63663.3,64166.9,811.44118
1783728000000,64166.9,64316.3,63985.7,64156.8,433.192824
1783742400000,64156.8,64287.8,64082.5,64168,373.179077
1783756800000,64168,64318.4,64149.5,64214.7,422.79366
1783771200000,64214.7,64519.9,63900.6,64180.8,757.639947
1783785600000,64180.8,64406.3,64090.5,64292.8,606.305172
1783800000000,64292.8,64468.6,63818.7,63818.7,901.430948
1783814400000,63818.7,64225.2,63699.5,64225.2,1213.932022
1783828800000,64225.2,64247.3,63636.4,63887.3,864.932693
1783843200000,63887.3,64106,63765.8,64014.1,721.350004
1783857600000,64014.1,64296.8,63961.8,64180.4,801.743659
1783872000000,64180.4,64275.7,64015.5,64232.7,526.845482
1783886400000,64232.7,64257.9,63668.1,63781.5,1164.674531
1783900800000,63781.5,64427.4,62733.2,62804.6,2403.325908
1783915200000,62804.6,63057.2,62492.7,62983.5,1352.082523
1783929600000,62983.5,63277.2,62862.6,62905,1074.653714
1783944000000,62905,62992.4,62100,62614.1,1920.394003
1783958400000,62614.1,62629.8,61819.5,62284.4,1585.259519
1783972800000,62284.4,62355.2,61884.6,62336.5,832.029004
1783987200000,62336.5,62674.8,62269.7,62573.6,1317.287202
1784001600000,62573.6,62879.8,62514.5,62552.1,765.934503
1784016000000,62552.1,62926.4,62494,62847.6,917.976867
1784030400000,62847.6,64976.1,62788.6,64756.1,3642.75522
1784044800000,64756.1,64900.3,64268.5,64580.9,1487.349382
1784059200000,64580.9,65110.7,64418.9,65036.5,1091.406159
1784073600000,65036.5,65058.1,64481.9,64787.8,1008.618343
1784088000000,64787.8,65283,64484.6,64540,1391.95159
1784102400000,64540,64915,64540,64736.7,819.990615
1784116800000,64736.7,65597.7,64603.3,65419.6,2333.634943
1784131200000,65419.6,65460.5,64740,64981.1,1472.970588
1784145600000,64981.1,65060.8,64689.2,64756.4,664.168859
1784160000000,64756.4,64850.9,64394.1,64618,1162.363706
1784174400000,64618,64999.9,64076.7,64231.3,1038.061903
1784188800000,64231.3,64363.9,63887.4,64249.7,1047.640386
1784203200000,64249.7,64899.2,63855,64706.2,1870.488454
1784217600000,64706.2,64718.7,63989.3,64269.9,1203.220949
1784232000000,64269.9,64274.9,63745.6,63830.9,697.588623
1784246400000,63830.9,64064.4,63384.7,63568,1506.995165
1784260800000,63568,63577.8,62700,62830.3,1685.917446
1784275200000,62830.3,63358,62655,63293.4,963.671523
1784289600000,63293.4,63519.2,62531.2,63460.1,2029.653294
1784304000000,63460.1,64386.1,63318,64157.4,1482.31168
1784318400000,64157.4,64219.9,63885,63937.3,480.522896
1784332800000,63937.3,64038.1,63890,64019.2,491.884927
1784347200000,64019.2,64024.1,63929.8,64000.6,405.215334
1784361600000,64000.6,64093.3,63931.3,64059.8,388.412393
1784376000000,64059.8,64261.3,63956,64118.6,532.436912
1784390400000,64118.6,64669.3,64087.6,64558.8,697.01008
1784404800000,64558.8,64872.8,64503.9,64837.6,559.032074
1784419200000,64837.6,64973,64629.2,64714.3,638.343544
1784433600000,64714.3,64819.9,64620.2,64724.7,417.608782
1784448000000,64724.7,64757.7,64444.1,64476.2,528.014516
1784462400000,64476.2,64660,64281.5,64576.4,650.943935
1784476800000,64576.4,64758.8,64285.5,64461.5,661.425848
1784491200000,64461.5,64905,64345.4,64731.5,939.948629
1784505600000,64731.5,65110.9,64415.7,64869.4,1338.318138
1784520000000,64869.4,64876,63761.7,64280.1,1451.161191
1784534400000,64280.1,65077.3,63877.7,65006.7,1498.972185
1784548800000,65006.7,65674,64077.5,65603.9,2352.908053
1784563200000,65603.9,65806.7,65041.2,65147,1815.040477
1784577600000,65147,65442.1,65058.2,65257.8,699.622796
1784592000000,65257.8,65663.6,65147.9,65567.6,892.256685
1784606400000,65567.6,66250.9,65482.1,66192.5,1226.277935
1784620800000,66192.5,66434.5,66137.2,66351.5,1123.122672
1784635200000,66351.5,66968.5,66271.6,66682.9,1981.350365
1784649600000,66682.9,66767.3,66093.8,66449,1596.685982
1784664000000,66449,66577.1,66206.1,66556.3,828.20054
1784678400000,66556.3,66737.6,66177.9,66209.9,1046.694372
1784692800000,66209.9,66424.8,65688.39,65839.9,1358.735999
1784707200000,65839.9,66161.3,65839.9,66016.4,1157.638141
1784721600000,66016.4,66213.5,65548.2,66046,2106.302063
1784736000000,66046,66391.1,65693.5,65918.4,1410.512111
1784750400000,65918.4,66141.9,65789.1,66110.4,723.258629
1784764800000,66110.4,66312,65578.7,65663.4,870.989576
1784779200000,65663.4,65819.9,65352,65438.4,1047.689915
1784793600000,65438.4,65783.9,65417,65553.9,793.714541
1784808000000,65553.9,65584.9,64720.3,64959.1,2133.075588
1784822400000,64959.1,64959.1,64644.2,64844.9,1018.297744
1784836800000,64844.9,65229.4,64833.1,65099.2,722.039017
1784851200000,65099.2,65461.4,64757.8,65451.3,1003.458753
1784865600000,65451.3,65815.2,65243.1,65505.3,1147.09128
1784880000000,65505.3,65518,64850.1,65079.8,909.284288
1784894400000,65079.8,65133,64361.3,64384.5,501.169689